Starting app.py; script_dir=c:\software\autoreels\AutoReels\family
Found 2 source reels: ['4042-720.mp4', '4523-720.mp4']
Loaded 131 CSV rows; original_fieldnames=['ID', 'Hook', 'Hashtags', 'LongTailKeywords', 'FilePath']
Writing video: C:\software\autoreels\AutoReels\family\output_reel\1_ADHD_daily_routine_tips_for_children.mp4 (fps=30.0)
Created: C:\software\autoreels\AutoReels\family\output_reel\1_ADHD_daily_routine_tips_for_children.mp4
Writing video: C:\software\autoreels\AutoReels\family\output_reel\2_7_day_ADHD_plan_for_parents.mp4 (fps=29.97002997002997)
Created: C:\software\autoreels\AutoReels\family\output_reel\2_7_day_ADHD_plan_for_parents.mp4
Starting app.py; script_dir=c:\software\autoreels\AutoReels\family
Found 2 source reels: ['4042-720.mp4', '4523-720.mp4']
Loaded 131 CSV rows; original_fieldnames=['ID', 'Hook', 'Hashtags', 'LongTailKeywords', 'FilePath']
Writing video: C:\software\autoreels\AutoReels\family\output_reel\1_ADHD_daily_routine_tips_for_children.mp4 (fps=30.0)
Created: C:\software\autoreels\AutoReels\family\output_reel\1_ADHD_daily_routine_tips_for_children.mp4
Writing video: C:\software\autoreels\AutoReels\family\output_reel\2_7_day_ADHD_plan_for_parents.mp4 (fps=29.97002997002997)
Created: C:\software\autoreels\AutoReels\family\output_reel\2_7_day_ADHD_plan_for_parents.mp4
Starting app.py; script_dir=c:\software\autoreels\AutoReels\family
Found 2 source reels: ['4042-720.mp4', '4523-720.mp4']
Loaded 131 CSV rows; original_fieldnames=['ID', 'Hook', 'Hashtags', 'LongTailKeywords', 'FilePath']
Writing video: C:\software\autoreels\AutoReels\family\output_reel\1_ADHD_daily_routine_tips_for_children.mp4 (fps=30.0)
Created: C:\software\autoreels\AutoReels\family\output_reel\1_ADHD_daily_routine_tips_for_children.mp4
Updating CSV c:\software\autoreels\AutoReels\family\Calm_ADHD_Blueprint_Hooks2.csv with fieldnames=['ID', 'Hook', 'Hashtags', 'LongTailKeywords', 'FilePath']
CSV write row ID=1 FilePath=C:\software\autoreels\AutoReels\family\output_reel\1_ADHD_daily_routine_tips_for_children.mp4
CSV write row ID=2 FilePath=C:\software\autoreels\AutoReels\family\output_reel\2_7_day_ADHD_plan_for_parents.mp4
CSV write row ID=3 FilePath=D:\reels-dev\mixkit\women\family\ADHD_output_reel\calming_ADHD_behavior_at_home.mp4
CSV write row ID=4 FilePath=
CSV write row ID=5 FilePath=
CSV write row ID=6 FilePath=
CSV write row ID=7 FilePath=
CSV write row ID=8 FilePath=
CSV write row ID=9 FilePath=
CSV write row ID=10 FilePath=
CSV write row ID=11 FilePath=
CSV write row ID=12 FilePath=
CSV write row ID=13 FilePath=
CSV write row ID=14 FilePath=
CSV write row ID=15 FilePath=
CSV write row ID=16 FilePath=
CSV write row ID=17 FilePath=
CSV write row ID=18 FilePath=
CSV write row ID=19 FilePath=
CSV write row ID=20 FilePath=
CSV write row ID=21 FilePath=
CSV write row ID=22 FilePath=
CSV write row ID=23 FilePath=
CSV write row ID=24 FilePath=
CSV write row ID=25 FilePath=
CSV write row ID=26 FilePath=
CSV write row ID=27 FilePath=
CSV write row ID=28 FilePath=
CSV write row ID=29 FilePath=
CSV write row ID=30 FilePath=
CSV write row ID=31 FilePath=
CSV write row ID=32 FilePath=
CSV write row ID=33 FilePath=
CSV write row ID=34 FilePath=
CSV write row ID=35 FilePath=
CSV write row ID=36 FilePath=
CSV write row ID=37 FilePath=
CSV write row ID=38 FilePath=
CSV write row ID=39 FilePath=
CSV write row ID=40 FilePath=
CSV write row ID=41 FilePath=
CSV write row ID=42 FilePath=
CSV write row ID=43 FilePath=
CSV write row ID=44 FilePath=
CSV write row ID=45 FilePath=
CSV write row ID=46 FilePath=
CSV write row ID=47 FilePath=
CSV write row ID=48 FilePath=
CSV write row ID=49 FilePath=
CSV write row ID=50 FilePath=
CSV write row ID=51 FilePath=
CSV write row ID=52 FilePath=
CSV write row ID=53 FilePath=
CSV write row ID=54 FilePath=
CSV write row ID=55 FilePath=
CSV write row ID=56 FilePath=
CSV write row ID=57 FilePath=
CSV write row ID=58 FilePath=
CSV write row ID=59 FilePath=
CSV write row ID=60 FilePath=
CSV write row ID=61 FilePath=
CSV write row ID=62 FilePath=
CSV write row ID=63 FilePath=
CSV write row ID=64 FilePath=
CSV write row ID=65 FilePath=
CSV write row ID=66 FilePath=
CSV write row ID=67 FilePath=
CSV write row ID=68 FilePath=
CSV write row ID=69 FilePath=
CSV write row ID=70 FilePath=
CSV write row ID=71 FilePath=
CSV write row ID=72 FilePath=
CSV write row ID=73 FilePath=
CSV write row ID=74 FilePath=
CSV write row ID=75 FilePath=
CSV write row ID=76 FilePath=
CSV write row ID=77 FilePath=
CSV write row ID=78 FilePath=
CSV write row ID=79 FilePath=
CSV write row ID=80 FilePath=
CSV write row ID=81 FilePath=
CSV write row ID=82 FilePath=
CSV write row ID=83 FilePath=
CSV write row ID=84 FilePath=
CSV write row ID=85 FilePath=
CSV write row ID=86 FilePath=
CSV write row ID=87 FilePath=
CSV write row ID=88 FilePath=
CSV write row ID=89 FilePath=
CSV write row ID=90 FilePath=
CSV write row ID=91 FilePath=
CSV write row ID=92 FilePath=
CSV write row ID=93 FilePath=
CSV write row ID=94 FilePath=
CSV write row ID=95 FilePath=
CSV write row ID=96 FilePath=
CSV write row ID=97 FilePath=
CSV write row ID=98 FilePath=
CSV write row ID=99 FilePath=
CSV write row ID=100 FilePath=
CSV write row ID=101 FilePath=
CSV write row ID=102 FilePath=
CSV write row ID=103 FilePath=
CSV write row ID=104 FilePath=
CSV write row ID=105 FilePath=
CSV write row ID=106 FilePath=
CSV write row ID=107 FilePath=
CSV write row ID=108 FilePath=
CSV write row ID=109 FilePath=
CSV write row ID=110 FilePath=
CSV write row ID=111 FilePath=
CSV write row ID=112 FilePath=
CSV write row ID=113 FilePath=
CSV write row ID=114 FilePath=
CSV write row ID=115 FilePath=
CSV write row ID=116 FilePath=
CSV write row ID=117 FilePath=
CSV write row ID=118 FilePath=
CSV write row ID=119 FilePath=
CSV write row ID=120 FilePath=
CSV write row ID=121 FilePath=
CSV write row ID=122 FilePath=
CSV write row ID=123 FilePath=
CSV write row ID=124 FilePath=
CSV write row ID=125 FilePath=
CSV write row ID=126 FilePath=
CSV write row ID=127 FilePath=
CSV write row ID=128 FilePath=
CSV write row ID=129 FilePath=
CSV write row ID=130 FilePath=
CSV write row ID=131 FilePath=
CSV updated: c:\software\autoreels\AutoReels\family\Calm_ADHD_Blueprint_Hooks2.csv
Writing video: C:\software\autoreels\AutoReels\family\output_reel\2_7_day_ADHD_plan_for_parents.mp4 (fps=29.97002997002997)
Created: C:\software\autoreels\AutoReels\family\output_reel\2_7_day_ADHD_plan_for_parents.mp4
Updating CSV c:\software\autoreels\AutoReels\family\Calm_ADHD_Blueprint_Hooks2.csv with fieldnames=['ID', 'Hook', 'Hashtags', 'LongTailKeywords', 'FilePath']
CSV write row ID=1 FilePath=C:\software\autoreels\AutoReels\family\output_reel\1_ADHD_daily_routine_tips_for_children.mp4
CSV write row ID=2 FilePath=C:\software\autoreels\AutoReels\family\output_reel\2_7_day_ADHD_plan_for_parents.mp4
CSV write row ID=3 FilePath=D:\reels-dev\mixkit\women\family\ADHD_output_reel\calming_ADHD_behavior_at_home.mp4
CSV write row ID=4 FilePath=
CSV write row ID=5 FilePath=
CSV write row ID=6 FilePath=
CSV write row ID=7 FilePath=
CSV write row ID=8 FilePath=
CSV write row ID=9 FilePath=
CSV write row ID=10 FilePath=
CSV write row ID=11 FilePath=
CSV write row ID=12 FilePath=
CSV write row ID=13 FilePath=
CSV write row ID=14 FilePath=
CSV write row ID=15 FilePath=
CSV write row ID=16 FilePath=
CSV write row ID=17 FilePath=
CSV write row ID=18 FilePath=
CSV write row ID=19 FilePath=
CSV write row ID=20 FilePath=
CSV write row ID=21 FilePath=
CSV write row ID=22 FilePath=
CSV write row ID=23 FilePath=
CSV write row ID=24 FilePath=
CSV write row ID=25 FilePath=
CSV write row ID=26 FilePath=
CSV write row ID=27 FilePath=
CSV write row ID=28 FilePath=
CSV write row ID=29 FilePath=
CSV write row ID=30 FilePath=
CSV write row ID=31 FilePath=
CSV write row ID=32 FilePath=
CSV write row ID=33 FilePath=
CSV write row ID=34 FilePath=
CSV write row ID=35 FilePath=
CSV write row ID=36 FilePath=
CSV write row ID=37 FilePath=
CSV write row ID=38 FilePath=
CSV write row ID=39 FilePath=
CSV write row ID=40 FilePath=
CSV write row ID=41 FilePath=
CSV write row ID=42 FilePath=
CSV write row ID=43 FilePath=
CSV write row ID=44 FilePath=
CSV write row ID=45 FilePath=
CSV write row ID=46 FilePath=
CSV write row ID=47 FilePath=
CSV write row ID=48 FilePath=
CSV write row ID=49 FilePath=
CSV write row ID=50 FilePath=
CSV write row ID=51 FilePath=
CSV write row ID=52 FilePath=
CSV write row ID=53 FilePath=
CSV write row ID=54 FilePath=
CSV write row ID=55 FilePath=
CSV write row ID=56 FilePath=
CSV write row ID=57 FilePath=
CSV write row ID=58 FilePath=
CSV write row ID=59 FilePath=
CSV write row ID=60 FilePath=
CSV write row ID=61 FilePath=
CSV write row ID=62 FilePath=
CSV write row ID=63 FilePath=
CSV write row ID=64 FilePath=
CSV write row ID=65 FilePath=
CSV write row ID=66 FilePath=
CSV write row ID=67 FilePath=
CSV write row ID=68 FilePath=
CSV write row ID=69 FilePath=
CSV write row ID=70 FilePath=
CSV write row ID=71 FilePath=
CSV write row ID=72 FilePath=
CSV write row ID=73 FilePath=
CSV write row ID=74 FilePath=
CSV write row ID=75 FilePath=
CSV write row ID=76 FilePath=
CSV write row ID=77 FilePath=
CSV write row ID=78 FilePath=
CSV write row ID=79 FilePath=
CSV write row ID=80 FilePath=
CSV write row ID=81 FilePath=
CSV write row ID=82 FilePath=
CSV write row ID=83 FilePath=
CSV write row ID=84 FilePath=
CSV write row ID=85 FilePath=
CSV write row ID=86 FilePath=
CSV write row ID=87 FilePath=
CSV write row ID=88 FilePath=
CSV write row ID=89 FilePath=
CSV write row ID=90 FilePath=
CSV write row ID=91 FilePath=
CSV write row ID=92 FilePath=
CSV write row ID=93 FilePath=
CSV write row ID=94 FilePath=
CSV write row ID=95 FilePath=
CSV write row ID=96 FilePath=
CSV write row ID=97 FilePath=
CSV write row ID=98 FilePath=
CSV write row ID=99 FilePath=
CSV write row ID=100 FilePath=
CSV write row ID=101 FilePath=
CSV write row ID=102 FilePath=
CSV write row ID=103 FilePath=
CSV write row ID=104 FilePath=
CSV write row ID=105 FilePath=
CSV write row ID=106 FilePath=
CSV write row ID=107 FilePath=
CSV write row ID=108 FilePath=
CSV write row ID=109 FilePath=
CSV write row ID=110 FilePath=
CSV write row ID=111 FilePath=
CSV write row ID=112 FilePath=
CSV write row ID=113 FilePath=
CSV write row ID=114 FilePath=
CSV write row ID=115 FilePath=
CSV write row ID=116 FilePath=
CSV write row ID=117 FilePath=
CSV write row ID=118 FilePath=
CSV write row ID=119 FilePath=
CSV write row ID=120 FilePath=
CSV write row ID=121 FilePath=
CSV write row ID=122 FilePath=
CSV write row ID=123 FilePath=
CSV write row ID=124 FilePath=
CSV write row ID=125 FilePath=
CSV write row ID=126 FilePath=
CSV write row ID=127 FilePath=
CSV write row ID=128 FilePath=
CSV write row ID=129 FilePath=
CSV write row ID=130 FilePath=
CSV write row ID=131 FilePath=
CSV updated: c:\software\autoreels\AutoReels\family\Calm_ADHD_Blueprint_Hooks2.csv
Starting app.py; script_dir=c:\software\autoreels\AutoReels\family
Found 2 source reels: ['4042-720.mp4', '4523-720.mp4']
Loaded 131 CSV rows; original_fieldnames=['ID', 'Hook', 'Hashtags', 'LongTailKeywords', 'FilePath']
Writing video: C:\software\autoreels\AutoReels\family\output_reel\1_ADHD_daily_routine_tips_for_children.mp4 (fps=30.0)
Created: C:\software\autoreels\AutoReels\family\output_reel\1_ADHD_daily_routine_tips_for_children.mp4
Updating CSV c:\software\autoreels\AutoReels\family\Calm_ADHD_Blueprint_Hooks2.csv with fieldnames=['ID', 'Hook', 'Hashtags', 'LongTailKeywords', 'FilePath']
CSV write row ID=1 FilePath=C:\software\autoreels\AutoReels\family\output_reel\1_ADHD_daily_routine_tips_for_children.mp4
CSV write row ID=2 FilePath=C:\software\autoreels\AutoReels\family\output_reel\2_7_day_ADHD_plan_for_parents.mp4
CSV write row ID=3 FilePath=D:\reels-dev\mixkit\women\family\ADHD_output_reel\calming_ADHD_behavior_at_home.mp4
CSV write row ID=4 FilePath=
CSV write row ID=5 FilePath=
CSV write row ID=6 FilePath=
CSV write row ID=7 FilePath=
CSV write row ID=8 FilePath=
CSV write row ID=9 FilePath=
CSV write row ID=10 FilePath=
CSV write row ID=11 FilePath=
CSV write row ID=12 FilePath=
CSV write row ID=13 FilePath=
CSV write row ID=14 FilePath=
CSV write row ID=15 FilePath=
CSV write row ID=16 FilePath=
CSV write row ID=17 FilePath=
CSV write row ID=18 FilePath=
CSV write row ID=19 FilePath=
CSV write row ID=20 FilePath=
CSV write row ID=21 FilePath=
CSV write row ID=22 FilePath=
CSV write row ID=23 FilePath=
CSV write row ID=24 FilePath=
CSV write row ID=25 FilePath=
CSV write row ID=26 FilePath=
CSV write row ID=27 FilePath=
CSV write row ID=28 FilePath=
CSV write row ID=29 FilePath=
CSV write row ID=30 FilePath=
CSV write row ID=31 FilePath=
CSV write row ID=32 FilePath=
CSV write row ID=33 FilePath=
CSV write row ID=34 FilePath=
CSV write row ID=35 FilePath=
CSV write row ID=36 FilePath=
CSV write row ID=37 FilePath=
CSV write row ID=38 FilePath=
CSV write row ID=39 FilePath=
CSV write row ID=40 FilePath=
CSV write row ID=41 FilePath=
CSV write row ID=42 FilePath=
CSV write row ID=43 FilePath=
CSV write row ID=44 FilePath=
CSV write row ID=45 FilePath=
CSV write row ID=46 FilePath=
CSV write row ID=47 FilePath=
CSV write row ID=48 FilePath=
CSV write row ID=49 FilePath=
CSV write row ID=50 FilePath=
CSV write row ID=51 FilePath=
CSV write row ID=52 FilePath=
CSV write row ID=53 FilePath=
CSV write row ID=54 FilePath=
CSV write row ID=55 FilePath=
CSV write row ID=56 FilePath=
CSV write row ID=57 FilePath=
CSV write row ID=58 FilePath=
CSV write row ID=59 FilePath=
CSV write row ID=60 FilePath=
CSV write row ID=61 FilePath=
CSV write row ID=62 FilePath=
CSV write row ID=63 FilePath=
CSV write row ID=64 FilePath=
CSV write row ID=65 FilePath=
CSV write row ID=66 FilePath=
CSV write row ID=67 FilePath=
CSV write row ID=68 FilePath=
CSV write row ID=69 FilePath=
CSV write row ID=70 FilePath=
CSV write row ID=71 FilePath=
CSV write row ID=72 FilePath=
CSV write row ID=73 FilePath=
CSV write row ID=74 FilePath=
CSV write row ID=75 FilePath=
CSV write row ID=76 FilePath=
CSV write row ID=77 FilePath=
CSV write row ID=78 FilePath=
CSV write row ID=79 FilePath=
CSV write row ID=80 FilePath=
CSV write row ID=81 FilePath=
CSV write row ID=82 FilePath=
CSV write row ID=83 FilePath=
CSV write row ID=84 FilePath=
CSV write row ID=85 FilePath=
CSV write row ID=86 FilePath=
CSV write row ID=87 FilePath=
CSV write row ID=88 FilePath=
CSV write row ID=89 FilePath=
CSV write row ID=90 FilePath=
CSV write row ID=91 FilePath=
CSV write row ID=92 FilePath=
CSV write row ID=93 FilePath=
CSV write row ID=94 FilePath=
CSV write row ID=95 FilePath=
CSV write row ID=96 FilePath=
CSV write row ID=97 FilePath=
CSV write row ID=98 FilePath=
CSV write row ID=99 FilePath=
CSV write row ID=100 FilePath=
CSV write row ID=101 FilePath=
CSV write row ID=102 FilePath=
CSV write row ID=103 FilePath=
CSV write row ID=104 FilePath=
CSV write row ID=105 FilePath=
CSV write row ID=106 FilePath=
CSV write row ID=107 FilePath=
CSV write row ID=108 FilePath=
CSV write row ID=109 FilePath=
CSV write row ID=110 FilePath=
CSV write row ID=111 FilePath=
CSV write row ID=112 FilePath=
CSV write row ID=113 FilePath=
CSV write row ID=114 FilePath=
CSV write row ID=115 FilePath=
CSV write row ID=116 FilePath=
CSV write row ID=117 FilePath=
CSV write row ID=118 FilePath=
CSV write row ID=119 FilePath=
CSV write row ID=120 FilePath=
CSV write row ID=121 FilePath=
CSV write row ID=122 FilePath=
CSV write row ID=123 FilePath=
CSV write row ID=124 FilePath=
CSV write row ID=125 FilePath=
CSV write row ID=126 FilePath=
CSV write row ID=127 FilePath=
CSV write row ID=128 FilePath=
CSV write row ID=129 FilePath=
CSV write row ID=130 FilePath=
CSV write row ID=131 FilePath=
CSV updated: c:\software\autoreels\AutoReels\family\Calm_ADHD_Blueprint_Hooks2.csv
Writing video: C:\software\autoreels\AutoReels\family\output_reel\2_7_day_ADHD_plan_for_parents.mp4 (fps=29.97002997002997)
Created: C:\software\autoreels\AutoReels\family\output_reel\2_7_day_ADHD_plan_for_parents.mp4
Updating CSV c:\software\autoreels\AutoReels\family\Calm_ADHD_Blueprint_Hooks2.csv with fieldnames=['ID', 'Hook', 'Hashtags', 'LongTailKeywords', 'FilePath']
CSV write row ID=1 FilePath=C:\software\autoreels\AutoReels\family\output_reel\1_ADHD_daily_routine_tips_for_children.mp4
CSV write row ID=2 FilePath=C:\software\autoreels\AutoReels\family\output_reel\2_7_day_ADHD_plan_for_parents.mp4
CSV write row ID=3 FilePath=D:\reels-dev\mixkit\women\family\ADHD_output_reel\calming_ADHD_behavior_at_home.mp4
CSV write row ID=4 FilePath=
CSV write row ID=5 FilePath=
CSV write row ID=6 FilePath=
CSV write row ID=7 FilePath=
CSV write row ID=8 FilePath=
CSV write row ID=9 FilePath=
CSV write row ID=10 FilePath=
CSV write row ID=11 FilePath=
CSV write row ID=12 FilePath=
CSV write row ID=13 FilePath=
CSV write row ID=14 FilePath=
CSV write row ID=15 FilePath=
CSV write row ID=16 FilePath=
CSV write row ID=17 FilePath=
CSV write row ID=18 FilePath=
CSV write row ID=19 FilePath=
CSV write row ID=20 FilePath=
CSV write row ID=21 FilePath=
CSV write row ID=22 FilePath=
CSV write row ID=23 FilePath=
CSV write row ID=24 FilePath=
CSV write row ID=25 FilePath=
CSV write row ID=26 FilePath=
CSV write row ID=27 FilePath=
CSV write row ID=28 FilePath=
CSV write row ID=29 FilePath=
CSV write row ID=30 FilePath=
CSV write row ID=31 FilePath=
CSV write row ID=32 FilePath=
CSV write row ID=33 FilePath=
CSV write row ID=34 FilePath=
CSV write row ID=35 FilePath=
CSV write row ID=36 FilePath=
CSV write row ID=37 FilePath=
CSV write row ID=38 FilePath=
CSV write row ID=39 FilePath=
CSV write row ID=40 FilePath=
CSV write row ID=41 FilePath=
CSV write row ID=42 FilePath=
CSV write row ID=43 FilePath=
CSV write row ID=44 FilePath=
CSV write row ID=45 FilePath=
CSV write row ID=46 FilePath=
CSV write row ID=47 FilePath=
CSV write row ID=48 FilePath=
CSV write row ID=49 FilePath=
CSV write row ID=50 FilePath=
CSV write row ID=51 FilePath=
CSV write row ID=52 FilePath=
CSV write row ID=53 FilePath=
CSV write row ID=54 FilePath=
CSV write row ID=55 FilePath=
CSV write row ID=56 FilePath=
CSV write row ID=57 FilePath=
CSV write row ID=58 FilePath=
CSV write row ID=59 FilePath=
CSV write row ID=60 FilePath=
CSV write row ID=61 FilePath=
CSV write row ID=62 FilePath=
CSV write row ID=63 FilePath=
CSV write row ID=64 FilePath=
CSV write row ID=65 FilePath=
CSV write row ID=66 FilePath=
CSV write row ID=67 FilePath=
CSV write row ID=68 FilePath=
CSV write row ID=69 FilePath=
CSV write row ID=70 FilePath=
CSV write row ID=71 FilePath=
CSV write row ID=72 FilePath=
CSV write row ID=73 FilePath=
CSV write row ID=74 FilePath=
CSV write row ID=75 FilePath=
CSV write row ID=76 FilePath=
CSV write row ID=77 FilePath=
CSV write row ID=78 FilePath=
CSV write row ID=79 FilePath=
CSV write row ID=80 FilePath=
CSV write row ID=81 FilePath=
CSV write row ID=82 FilePath=
CSV write row ID=83 FilePath=
CSV write row ID=84 FilePath=
CSV write row ID=85 FilePath=
CSV write row ID=86 FilePath=
CSV write row ID=87 FilePath=
CSV write row ID=88 FilePath=
CSV write row ID=89 FilePath=
CSV write row ID=90 FilePath=
CSV write row ID=91 FilePath=
CSV write row ID=92 FilePath=
CSV write row ID=93 FilePath=
CSV write row ID=94 FilePath=
CSV write row ID=95 FilePath=
CSV write row ID=96 FilePath=
CSV write row ID=97 FilePath=
CSV write row ID=98 FilePath=
CSV write row ID=99 FilePath=
CSV write row ID=100 FilePath=
CSV write row ID=101 FilePath=
CSV write row ID=102 FilePath=
CSV write row ID=103 FilePath=
CSV write row ID=104 FilePath=
CSV write row ID=105 FilePath=
CSV write row ID=106 FilePath=
CSV write row ID=107 FilePath=
CSV write row ID=108 FilePath=
CSV write row ID=109 FilePath=
CSV write row ID=110 FilePath=
CSV write row ID=111 FilePath=
CSV write row ID=112 FilePath=
CSV write row ID=113 FilePath=
CSV write row ID=114 FilePath=
CSV write row ID=115 FilePath=
CSV write row ID=116 FilePath=
CSV write row ID=117 FilePath=
CSV write row ID=118 FilePath=
CSV write row ID=119 FilePath=
CSV write row ID=120 FilePath=
CSV write row ID=121 FilePath=
CSV write row ID=122 FilePath=
CSV write row ID=123 FilePath=
CSV write row ID=124 FilePath=
CSV write row ID=125 FilePath=
CSV write row ID=126 FilePath=
CSV write row ID=127 FilePath=
CSV write row ID=128 FilePath=
CSV write row ID=129 FilePath=
CSV write row ID=130 FilePath=
CSV write row ID=131 FilePath=
CSV updated: c:\software\autoreels\AutoReels\family\Calm_ADHD_Blueprint_Hooks2.csv
Starting app.py; script_dir=c:\software\autoreels\AutoReels\family
Found 2 source reels: ['4042-720.mp4', '4523-720.mp4']
Loaded 131 CSV rows; original_fieldnames=['ID', 'Hook', 'Hashtags', 'LongTailKeywords', 'FilePath']
Writing video: C:\software\autoreels\AutoReels\family\output_reel\1_ADHD_daily_routine_tips_for_children.mp4 (fps=30.0)
Created: C:\software\autoreels\AutoReels\family\output_reel\1_ADHD_daily_routine_tips_for_children.mp4
Updating CSV c:\software\autoreels\AutoReels\family\Calm_ADHD_Blueprint_Hooks2.csv with fieldnames=['ID', 'Hook', 'Hashtags', 'LongTailKeywords', 'FilePath']
CSV write row ID=1 FilePath=C:\software\autoreels\AutoReels\family\output_reel\1_ADHD_daily_routine_tips_for_children.mp4
CSV write row ID=2 FilePath=C:\software\autoreels\AutoReels\family\output_reel\2_7_day_ADHD_plan_for_parents.mp4
CSV write row ID=3 FilePath=D:\reels-dev\mixkit\women\family\ADHD_output_reel\calming_ADHD_behavior_at_home.mp4
CSV write row ID=4 FilePath=
CSV write row ID=5 FilePath=
CSV write row ID=6 FilePath=
CSV write row ID=7 FilePath=
CSV write row ID=8 FilePath=
CSV write row ID=9 FilePath=
CSV write row ID=10 FilePath=
CSV write row ID=11 FilePath=
CSV write row ID=12 FilePath=
CSV write row ID=13 FilePath=
CSV write row ID=14 FilePath=
CSV write row ID=15 FilePath=
CSV write row ID=16 FilePath=
CSV write row ID=17 FilePath=
CSV write row ID=18 FilePath=
CSV write row ID=19 FilePath=
CSV write row ID=20 FilePath=
CSV write row ID=21 FilePath=
CSV write row ID=22 FilePath=
CSV write row ID=23 FilePath=
CSV write row ID=24 FilePath=
CSV write row ID=25 FilePath=
CSV write row ID=26 FilePath=
CSV write row ID=27 FilePath=
CSV write row ID=28 FilePath=
CSV write row ID=29 FilePath=
CSV write row ID=30 FilePath=
CSV write row ID=31 FilePath=
CSV write row ID=32 FilePath=
CSV write row ID=33 FilePath=
CSV write row ID=34 FilePath=
CSV write row ID=35 FilePath=
CSV write row ID=36 FilePath=
CSV write row ID=37 FilePath=
CSV write row ID=38 FilePath=
CSV write row ID=39 FilePath=
CSV write row ID=40 FilePath=
CSV write row ID=41 FilePath=
CSV write row ID=42 FilePath=
CSV write row ID=43 FilePath=
CSV write row ID=44 FilePath=
CSV write row ID=45 FilePath=
CSV write row ID=46 FilePath=
CSV write row ID=47 FilePath=
CSV write row ID=48 FilePath=
CSV write row ID=49 FilePath=
CSV write row ID=50 FilePath=
CSV write row ID=51 FilePath=
CSV write row ID=52 FilePath=
CSV write row ID=53 FilePath=
CSV write row ID=54 FilePath=
CSV write row ID=55 FilePath=
CSV write row ID=56 FilePath=
CSV write row ID=57 FilePath=
CSV write row ID=58 FilePath=
CSV write row ID=59 FilePath=
CSV write row ID=60 FilePath=
CSV write row ID=61 FilePath=
CSV write row ID=62 FilePath=
CSV write row ID=63 FilePath=
CSV write row ID=64 FilePath=
CSV write row ID=65 FilePath=
CSV write row ID=66 FilePath=
CSV write row ID=67 FilePath=
CSV write row ID=68 FilePath=
CSV write row ID=69 FilePath=
CSV write row ID=70 FilePath=
CSV write row ID=71 FilePath=
CSV write row ID=72 FilePath=
CSV write row ID=73 FilePath=
CSV write row ID=74 FilePath=
CSV write row ID=75 FilePath=
CSV write row ID=76 FilePath=
CSV write row ID=77 FilePath=
CSV write row ID=78 FilePath=
CSV write row ID=79 FilePath=
CSV write row ID=80 FilePath=
CSV write row ID=81 FilePath=
CSV write row ID=82 FilePath=
CSV write row ID=83 FilePath=
CSV write row ID=84 FilePath=
CSV write row ID=85 FilePath=
CSV write row ID=86 FilePath=
CSV write row ID=87 FilePath=
CSV write row ID=88 FilePath=
CSV write row ID=89 FilePath=
CSV write row ID=90 FilePath=
CSV write row ID=91 FilePath=
CSV write row ID=92 FilePath=
CSV write row ID=93 FilePath=
CSV write row ID=94 FilePath=
CSV write row ID=95 FilePath=
CSV write row ID=96 FilePath=
CSV write row ID=97 FilePath=
CSV write row ID=98 FilePath=
CSV write row ID=99 FilePath=
CSV write row ID=100 FilePath=
CSV write row ID=101 FilePath=
CSV write row ID=102 FilePath=
CSV write row ID=103 FilePath=
CSV write row ID=104 FilePath=
CSV write row ID=105 FilePath=
CSV write row ID=106 FilePath=
CSV write row ID=107 FilePath=
CSV write row ID=108 FilePath=
CSV write row ID=109 FilePath=
CSV write row ID=110 FilePath=
CSV write row ID=111 FilePath=
CSV write row ID=112 FilePath=
CSV write row ID=113 FilePath=
CSV write row ID=114 FilePath=
CSV write row ID=115 FilePath=
CSV write row ID=116 FilePath=
CSV write row ID=117 FilePath=
CSV write row ID=118 FilePath=
CSV write row ID=119 FilePath=
CSV write row ID=120 FilePath=
CSV write row ID=121 FilePath=
CSV write row ID=122 FilePath=
CSV write row ID=123 FilePath=
CSV write row ID=124 FilePath=
CSV write row ID=125 FilePath=
CSV write row ID=126 FilePath=
CSV write row ID=127 FilePath=
CSV write row ID=128 FilePath=
CSV write row ID=129 FilePath=
CSV write row ID=130 FilePath=
CSV write row ID=131 FilePath=
CSV updated: c:\software\autoreels\AutoReels\family\Calm_ADHD_Blueprint_Hooks2.csv
Writing video: C:\software\autoreels\AutoReels\family\output_reel\2_7_day_ADHD_plan_for_parents.mp4 (fps=29.97002997002997)
Created: C:\software\autoreels\AutoReels\family\output_reel\2_7_day_ADHD_plan_for_parents.mp4
Updating CSV c:\software\autoreels\AutoReels\family\Calm_ADHD_Blueprint_Hooks2.csv with fieldnames=['ID', 'Hook', 'Hashtags', 'LongTailKeywords', 'FilePath']
CSV write row ID=1 FilePath=C:\software\autoreels\AutoReels\family\output_reel\1_ADHD_daily_routine_tips_for_children.mp4
CSV write row ID=2 FilePath=C:\software\autoreels\AutoReels\family\output_reel\2_7_day_ADHD_plan_for_parents.mp4
CSV write row ID=3 FilePath=D:\reels-dev\mixkit\women\family\ADHD_output_reel\calming_ADHD_behavior_at_home.mp4
CSV write row ID=4 FilePath=
CSV write row ID=5 FilePath=
CSV write row ID=6 FilePath=
CSV write row ID=7 FilePath=
CSV write row ID=8 FilePath=
CSV write row ID=9 FilePath=
CSV write row ID=10 FilePath=
CSV write row ID=11 FilePath=
CSV write row ID=12 FilePath=
CSV write row ID=13 FilePath=
CSV write row ID=14 FilePath=
CSV write row ID=15 FilePath=
CSV write row ID=16 FilePath=
CSV write row ID=17 FilePath=
CSV write row ID=18 FilePath=
CSV write row ID=19 FilePath=
CSV write row ID=20 FilePath=
CSV write row ID=21 FilePath=
CSV write row ID=22 FilePath=
CSV write row ID=23 FilePath=
CSV write row ID=24 FilePath=
CSV write row ID=25 FilePath=
CSV write row ID=26 FilePath=
CSV write row ID=27 FilePath=
CSV write row ID=28 FilePath=
CSV write row ID=29 FilePath=
CSV write row ID=30 FilePath=
CSV write row ID=31 FilePath=
CSV write row ID=32 FilePath=
CSV write row ID=33 FilePath=
CSV write row ID=34 FilePath=
CSV write row ID=35 FilePath=
CSV write row ID=36 FilePath=
CSV write row ID=37 FilePath=
CSV write row ID=38 FilePath=
CSV write row ID=39 FilePath=
CSV write row ID=40 FilePath=
CSV write row ID=41 FilePath=
CSV write row ID=42 FilePath=
CSV write row ID=43 FilePath=
CSV write row ID=44 FilePath=
CSV write row ID=45 FilePath=
CSV write row ID=46 FilePath=
CSV write row ID=47 FilePath=
CSV write row ID=48 FilePath=
CSV write row ID=49 FilePath=
CSV write row ID=50 FilePath=
CSV write row ID=51 FilePath=
CSV write row ID=52 FilePath=
CSV write row ID=53 FilePath=
CSV write row ID=54 FilePath=
CSV write row ID=55 FilePath=
CSV write row ID=56 FilePath=
CSV write row ID=57 FilePath=
CSV write row ID=58 FilePath=
CSV write row ID=59 FilePath=
CSV write row ID=60 FilePath=
CSV write row ID=61 FilePath=
CSV write row ID=62 FilePath=
CSV write row ID=63 FilePath=
CSV write row ID=64 FilePath=
CSV write row ID=65 FilePath=
CSV write row ID=66 FilePath=
CSV write row ID=67 FilePath=
CSV write row ID=68 FilePath=
CSV write row ID=69 FilePath=
CSV write row ID=70 FilePath=
CSV write row ID=71 FilePath=
CSV write row ID=72 FilePath=
CSV write row ID=73 FilePath=
CSV write row ID=74 FilePath=
CSV write row ID=75 FilePath=
CSV write row ID=76 FilePath=
CSV write row ID=77 FilePath=
CSV write row ID=78 FilePath=
CSV write row ID=79 FilePath=
CSV write row ID=80 FilePath=
CSV write row ID=81 FilePath=
CSV write row ID=82 FilePath=
CSV write row ID=83 FilePath=
CSV write row ID=84 FilePath=
CSV write row ID=85 FilePath=
CSV write row ID=86 FilePath=
CSV write row ID=87 FilePath=
CSV write row ID=88 FilePath=
CSV write row ID=89 FilePath=
CSV write row ID=90 FilePath=
CSV write row ID=91 FilePath=
CSV write row ID=92 FilePath=
CSV write row ID=93 FilePath=
CSV write row ID=94 FilePath=
CSV write row ID=95 FilePath=
CSV write row ID=96 FilePath=
CSV write row ID=97 FilePath=
CSV write row ID=98 FilePath=
CSV write row ID=99 FilePath=
CSV write row ID=100 FilePath=
CSV write row ID=101 FilePath=
CSV write row ID=102 FilePath=
CSV write row ID=103 FilePath=
CSV write row ID=104 FilePath=
CSV write row ID=105 FilePath=
CSV write row ID=106 FilePath=
CSV write row ID=107 FilePath=
CSV write row ID=108 FilePath=
CSV write row ID=109 FilePath=
CSV write row ID=110 FilePath=
CSV write row ID=111 FilePath=
CSV write row ID=112 FilePath=
CSV write row ID=113 FilePath=
CSV write row ID=114 FilePath=
CSV write row ID=115 FilePath=
CSV write row ID=116 FilePath=
CSV write row ID=117 FilePath=
CSV write row ID=118 FilePath=
CSV write row ID=119 FilePath=
CSV write row ID=120 FilePath=
CSV write row ID=121 FilePath=
CSV write row ID=122 FilePath=
CSV write row ID=123 FilePath=
CSV write row ID=124 FilePath=
CSV write row ID=125 FilePath=
CSV write row ID=126 FilePath=
CSV write row ID=127 FilePath=
CSV write row ID=128 FilePath=
CSV write row ID=129 FilePath=
CSV write row ID=130 FilePath=
CSV write row ID=131 FilePath=
CSV updated: c:\software\autoreels\AutoReels\family\Calm_ADHD_Blueprint_Hooks2.csv
Starting app.py; script_dir=c:\software\autoreels\AutoReels\family
Found 2 source reels: ['4042-720.mp4', '4523-720.mp4']
Loaded 131 CSV rows; original_fieldnames=['ID', 'Hook', 'Hashtags', 'LongTailKeywords', 'FilePath']
Writing video: C:\software\autoreels\AutoReels\family\output_reel\1_ADHD_daily_routine_tips_for_children.mp4 (fps=30.0)
Created: C:\software\autoreels\AutoReels\family\output_reel\1_ADHD_daily_routine_tips_for_children.mp4
Updating CSV c:\software\autoreels\AutoReels\family\Calm_ADHD_Blueprint_Hooks2.csv with fieldnames=['ID', 'Hook', 'Hashtags', 'LongTailKeywords', 'FilePath']
CSV write row ID=1 FilePath=C:\software\autoreels\AutoReels\family\output_reel\1_ADHD_daily_routine_tips_for_children.mp4
CSV write row ID=2 FilePath=C:\software\autoreels\AutoReels\family\output_reel\2_7_day_ADHD_plan_for_parents.mp4
CSV write row ID=3 FilePath=D:\reels-dev\mixkit\women\family\ADHD_output_reel\calming_ADHD_behavior_at_home.mp4
CSV write row ID=4 FilePath=
CSV write row ID=5 FilePath=
CSV write row ID=6 FilePath=
CSV write row ID=7 FilePath=
CSV write row ID=8 FilePath=
CSV write row ID=9 FilePath=
CSV write row ID=10 FilePath=
CSV write row ID=11 FilePath=
CSV write row ID=12 FilePath=
CSV write row ID=13 FilePath=
CSV write row ID=14 FilePath=
CSV write row ID=15 FilePath=
CSV write row ID=16 FilePath=
CSV write row ID=17 FilePath=
CSV write row ID=18 FilePath=
CSV write row ID=19 FilePath=
CSV write row ID=20 FilePath=
CSV write row ID=21 FilePath=
CSV write row ID=22 FilePath=
CSV write row ID=23 FilePath=
CSV write row ID=24 FilePath=
CSV write row ID=25 FilePath=
CSV write row ID=26 FilePath=
CSV write row ID=27 FilePath=
CSV write row ID=28 FilePath=
CSV write row ID=29 FilePath=
CSV write row ID=30 FilePath=
CSV write row ID=31 FilePath=
CSV write row ID=32 FilePath=
CSV write row ID=33 FilePath=
CSV write row ID=34 FilePath=
CSV write row ID=35 FilePath=
CSV write row ID=36 FilePath=
CSV write row ID=37 FilePath=
CSV write row ID=38 FilePath=
CSV write row ID=39 FilePath=
CSV write row ID=40 FilePath=
CSV write row ID=41 FilePath=
CSV write row ID=42 FilePath=
CSV write row ID=43 FilePath=
CSV write row ID=44 FilePath=
CSV write row ID=45 FilePath=
CSV write row ID=46 FilePath=
CSV write row ID=47 FilePath=
CSV write row ID=48 FilePath=
CSV write row ID=49 FilePath=
CSV write row ID=50 FilePath=
CSV write row ID=51 FilePath=
CSV write row ID=52 FilePath=
CSV write row ID=53 FilePath=
CSV write row ID=54 FilePath=
CSV write row ID=55 FilePath=
CSV write row ID=56 FilePath=
CSV write row ID=57 FilePath=
CSV write row ID=58 FilePath=
CSV write row ID=59 FilePath=
CSV write row ID=60 FilePath=
CSV write row ID=61 FilePath=
CSV write row ID=62 FilePath=
CSV write row ID=63 FilePath=
CSV write row ID=64 FilePath=
CSV write row ID=65 FilePath=
CSV write row ID=66 FilePath=
CSV write row ID=67 FilePath=
CSV write row ID=68 FilePath=
CSV write row ID=69 FilePath=
CSV write row ID=70 FilePath=
CSV write row ID=71 FilePath=
CSV write row ID=72 FilePath=
CSV write row ID=73 FilePath=
CSV write row ID=74 FilePath=
CSV write row ID=75 FilePath=
CSV write row ID=76 FilePath=
CSV write row ID=77 FilePath=
CSV write row ID=78 FilePath=
CSV write row ID=79 FilePath=
CSV write row ID=80 FilePath=
CSV write row ID=81 FilePath=
CSV write row ID=82 FilePath=
CSV write row ID=83 FilePath=
CSV write row ID=84 FilePath=
CSV write row ID=85 FilePath=
CSV write row ID=86 FilePath=
CSV write row ID=87 FilePath=
CSV write row ID=88 FilePath=
CSV write row ID=89 FilePath=
CSV write row ID=90 FilePath=
CSV write row ID=91 FilePath=
CSV write row ID=92 FilePath=
CSV write row ID=93 FilePath=
CSV write row ID=94 FilePath=
CSV write row ID=95 FilePath=
CSV write row ID=96 FilePath=
CSV write row ID=97 FilePath=
CSV write row ID=98 FilePath=
CSV write row ID=99 FilePath=
CSV write row ID=100 FilePath=
CSV write row ID=101 FilePath=
CSV write row ID=102 FilePath=
CSV write row ID=103 FilePath=
CSV write row ID=104 FilePath=
CSV write row ID=105 FilePath=
CSV write row ID=106 FilePath=
CSV write row ID=107 FilePath=
CSV write row ID=108 FilePath=
CSV write row ID=109 FilePath=
CSV write row ID=110 FilePath=
CSV write row ID=111 FilePath=
CSV write row ID=112 FilePath=
CSV write row ID=113 FilePath=
CSV write row ID=114 FilePath=
CSV write row ID=115 FilePath=
CSV write row ID=116 FilePath=
CSV write row ID=117 FilePath=
CSV write row ID=118 FilePath=
CSV write row ID=119 FilePath=
CSV write row ID=120 FilePath=
CSV write row ID=121 FilePath=
CSV write row ID=122 FilePath=
CSV write row ID=123 FilePath=
CSV write row ID=124 FilePath=
CSV write row ID=125 FilePath=
CSV write row ID=126 FilePath=
CSV write row ID=127 FilePath=
CSV write row ID=128 FilePath=
CSV write row ID=129 FilePath=
CSV write row ID=130 FilePath=
CSV write row ID=131 FilePath=
CSV updated: c:\software\autoreels\AutoReels\family\Calm_ADHD_Blueprint_Hooks2.csv
Writing video: C:\software\autoreels\AutoReels\family\output_reel\2_7_day_ADHD_plan_for_parents.mp4 (fps=29.97002997002997)
Created: C:\software\autoreels\AutoReels\family\output_reel\2_7_day_ADHD_plan_for_parents.mp4
Updating CSV c:\software\autoreels\AutoReels\family\Calm_ADHD_Blueprint_Hooks2.csv with fieldnames=['ID', 'Hook', 'Hashtags', 'LongTailKeywords', 'FilePath']
CSV write row ID=1 FilePath=C:\software\autoreels\AutoReels\family\output_reel\1_ADHD_daily_routine_tips_for_children.mp4
CSV write row ID=2 FilePath=C:\software\autoreels\AutoReels\family\output_reel\2_7_day_ADHD_plan_for_parents.mp4
CSV write row ID=3 FilePath=D:\reels-dev\mixkit\women\family\ADHD_output_reel\calming_ADHD_behavior_at_home.mp4
CSV write row ID=4 FilePath=
CSV write row ID=5 FilePath=
CSV write row ID=6 FilePath=
CSV write row ID=7 FilePath=
CSV write row ID=8 FilePath=
CSV write row ID=9 FilePath=
CSV write row ID=10 FilePath=
CSV write row ID=11 FilePath=
CSV write row ID=12 FilePath=
CSV write row ID=13 FilePath=
CSV write row ID=14 FilePath=
CSV write row ID=15 FilePath=
CSV write row ID=16 FilePath=
CSV write row ID=17 FilePath=
CSV write row ID=18 FilePath=
CSV write row ID=19 FilePath=
CSV write row ID=20 FilePath=
CSV write row ID=21 FilePath=
CSV write row ID=22 FilePath=
CSV write row ID=23 FilePath=
CSV write row ID=24 FilePath=
CSV write row ID=25 FilePath=
CSV write row ID=26 FilePath=
CSV write row ID=27 FilePath=
CSV write row ID=28 FilePath=
CSV write row ID=29 FilePath=
CSV write row ID=30 FilePath=
CSV write row ID=31 FilePath=
CSV write row ID=32 FilePath=
CSV write row ID=33 FilePath=
CSV write row ID=34 FilePath=
CSV write row ID=35 FilePath=
CSV write row ID=36 FilePath=
CSV write row ID=37 FilePath=
CSV write row ID=38 FilePath=
CSV write row ID=39 FilePath=
CSV write row ID=40 FilePath=
CSV write row ID=41 FilePath=
CSV write row ID=42 FilePath=
CSV write row ID=43 FilePath=
CSV write row ID=44 FilePath=
CSV write row ID=45 FilePath=
CSV write row ID=46 FilePath=
CSV write row ID=47 FilePath=
CSV write row ID=48 FilePath=
CSV write row ID=49 FilePath=
CSV write row ID=50 FilePath=
CSV write row ID=51 FilePath=
CSV write row ID=52 FilePath=
CSV write row ID=53 FilePath=
CSV write row ID=54 FilePath=
CSV write row ID=55 FilePath=
CSV write row ID=56 FilePath=
CSV write row ID=57 FilePath=
CSV write row ID=58 FilePath=
CSV write row ID=59 FilePath=
CSV write row ID=60 FilePath=
CSV write row ID=61 FilePath=
CSV write row ID=62 FilePath=
CSV write row ID=63 FilePath=
CSV write row ID=64 FilePath=
CSV write row ID=65 FilePath=
CSV write row ID=66 FilePath=
CSV write row ID=67 FilePath=
CSV write row ID=68 FilePath=
CSV write row ID=69 FilePath=
CSV write row ID=70 FilePath=
CSV write row ID=71 FilePath=
CSV write row ID=72 FilePath=
CSV write row ID=73 FilePath=
CSV write row ID=74 FilePath=
CSV write row ID=75 FilePath=
CSV write row ID=76 FilePath=
CSV write row ID=77 FilePath=
CSV write row ID=78 FilePath=
CSV write row ID=79 FilePath=
CSV write row ID=80 FilePath=
CSV write row ID=81 FilePath=
CSV write row ID=82 FilePath=
CSV write row ID=83 FilePath=
CSV write row ID=84 FilePath=
CSV write row ID=85 FilePath=
CSV write row ID=86 FilePath=
CSV write row ID=87 FilePath=
CSV write row ID=88 FilePath=
CSV write row ID=89 FilePath=
CSV write row ID=90 FilePath=
CSV write row ID=91 FilePath=
CSV write row ID=92 FilePath=
CSV write row ID=93 FilePath=
CSV write row ID=94 FilePath=
CSV write row ID=95 FilePath=
CSV write row ID=96 FilePath=
CSV write row ID=97 FilePath=
CSV write row ID=98 FilePath=
CSV write row ID=99 FilePath=
CSV write row ID=100 FilePath=
CSV write row ID=101 FilePath=
CSV write row ID=102 FilePath=
CSV write row ID=103 FilePath=
CSV write row ID=104 FilePath=
CSV write row ID=105 FilePath=
CSV write row ID=106 FilePath=
CSV write row ID=107 FilePath=
CSV write row ID=108 FilePath=
CSV write row ID=109 FilePath=
CSV write row ID=110 FilePath=
CSV write row ID=111 FilePath=
CSV write row ID=112 FilePath=
CSV write row ID=113 FilePath=
CSV write row ID=114 FilePath=
CSV write row ID=115 FilePath=
CSV write row ID=116 FilePath=
CSV write row ID=117 FilePath=
CSV write row ID=118 FilePath=
CSV write row ID=119 FilePath=
CSV write row ID=120 FilePath=
CSV write row ID=121 FilePath=
CSV write row ID=122 FilePath=
CSV write row ID=123 FilePath=
CSV write row ID=124 FilePath=
CSV write row ID=125 FilePath=
CSV write row ID=126 FilePath=
CSV write row ID=127 FilePath=
CSV write row ID=128 FilePath=
CSV write row ID=129 FilePath=
CSV write row ID=130 FilePath=
CSV write row ID=131 FilePath=
CSV updated: c:\software\autoreels\AutoReels\family\Calm_ADHD_Blueprint_Hooks2.csv
Starting app.py; script_dir=c:\software\autoreels\AutoReels\family
Found 2 source reels: ['4042-720.mp4', '4523-720.mp4']
Loaded 131 CSV rows; original_fieldnames=['ID', 'Hook', 'Hashtags', 'LongTailKeywords', 'FilePath']
Writing video: C:\software\autoreels\AutoReels\family\output_reel\1_ADHD_daily_routine_tips_for_children.mp4 (fps=30.0)
Created: C:\software\autoreels\AutoReels\family\output_reel\1_ADHD_daily_routine_tips_for_children.mp4
Updating CSV c:\software\autoreels\AutoReels\family\Calm_ADHD_Blueprint_Hooks2.csv with fieldnames=['ID', 'Hook', 'Hashtags', 'LongTailKeywords', 'FilePath']
CSV write row ID=1 FilePath=C:\software\autoreels\AutoReels\family\output_reel\1_ADHD_daily_routine_tips_for_children.mp4
CSV write row ID=2 FilePath=C:\software\autoreels\AutoReels\family\output_reel\2_7_day_ADHD_plan_for_parents.mp4
CSV write row ID=3 FilePath=D:\reels-dev\mixkit\women\family\ADHD_output_reel\calming_ADHD_behavior_at_home.mp4
CSV write row ID=4 FilePath=
CSV write row ID=5 FilePath=
CSV write row ID=6 FilePath=
CSV write row ID=7 FilePath=
CSV write row ID=8 FilePath=
CSV write row ID=9 FilePath=
CSV write row ID=10 FilePath=
CSV write row ID=11 FilePath=
CSV write row ID=12 FilePath=
CSV write row ID=13 FilePath=
CSV write row ID=14 FilePath=
CSV write row ID=15 FilePath=
CSV write row ID=16 FilePath=
CSV write row ID=17 FilePath=
CSV write row ID=18 FilePath=
CSV write row ID=19 FilePath=
CSV write row ID=20 FilePath=
CSV write row ID=21 FilePath=
CSV write row ID=22 FilePath=
CSV write row ID=23 FilePath=
CSV write row ID=24 FilePath=
CSV write row ID=25 FilePath=
CSV write row ID=26 FilePath=
CSV write row ID=27 FilePath=
CSV write row ID=28 FilePath=
CSV write row ID=29 FilePath=
CSV write row ID=30 FilePath=
CSV write row ID=31 FilePath=
CSV write row ID=32 FilePath=
CSV write row ID=33 FilePath=
CSV write row ID=34 FilePath=
CSV write row ID=35 FilePath=
CSV write row ID=36 FilePath=
CSV write row ID=37 FilePath=
CSV write row ID=38 FilePath=
CSV write row ID=39 FilePath=
CSV write row ID=40 FilePath=
CSV write row ID=41 FilePath=
CSV write row ID=42 FilePath=
CSV write row ID=43 FilePath=
CSV write row ID=44 FilePath=
CSV write row ID=45 FilePath=
CSV write row ID=46 FilePath=
CSV write row ID=47 FilePath=
CSV write row ID=48 FilePath=
CSV write row ID=49 FilePath=
CSV write row ID=50 FilePath=
CSV write row ID=51 FilePath=
CSV write row ID=52 FilePath=
CSV write row ID=53 FilePath=
CSV write row ID=54 FilePath=
CSV write row ID=55 FilePath=
CSV write row ID=56 FilePath=
CSV write row ID=57 FilePath=
CSV write row ID=58 FilePath=
CSV write row ID=59 FilePath=
CSV write row ID=60 FilePath=
CSV write row ID=61 FilePath=
CSV write row ID=62 FilePath=
CSV write row ID=63 FilePath=
CSV write row ID=64 FilePath=
CSV write row ID=65 FilePath=
CSV write row ID=66 FilePath=
CSV write row ID=67 FilePath=
CSV write row ID=68 FilePath=
CSV write row ID=69 FilePath=
CSV write row ID=70 FilePath=
CSV write row ID=71 FilePath=
CSV write row ID=72 FilePath=
CSV write row ID=73 FilePath=
CSV write row ID=74 FilePath=
CSV write row ID=75 FilePath=
CSV write row ID=76 FilePath=
CSV write row ID=77 FilePath=
CSV write row ID=78 FilePath=
CSV write row ID=79 FilePath=
CSV write row ID=80 FilePath=
CSV write row ID=81 FilePath=
CSV write row ID=82 FilePath=
CSV write row ID=83 FilePath=
CSV write row ID=84 FilePath=
CSV write row ID=85 FilePath=
CSV write row ID=86 FilePath=
CSV write row ID=87 FilePath=
CSV write row ID=88 FilePath=
CSV write row ID=89 FilePath=
CSV write row ID=90 FilePath=
CSV write row ID=91 FilePath=
CSV write row ID=92 FilePath=
CSV write row ID=93 FilePath=
CSV write row ID=94 FilePath=
CSV write row ID=95 FilePath=
CSV write row ID=96 FilePath=
CSV write row ID=97 FilePath=
CSV write row ID=98 FilePath=
CSV write row ID=99 FilePath=
CSV write row ID=100 FilePath=
CSV write row ID=101 FilePath=
CSV write row ID=102 FilePath=
CSV write row ID=103 FilePath=
CSV write row ID=104 FilePath=
CSV write row ID=105 FilePath=
CSV write row ID=106 FilePath=
CSV write row ID=107 FilePath=
CSV write row ID=108 FilePath=
CSV write row ID=109 FilePath=
CSV write row ID=110 FilePath=
CSV write row ID=111 FilePath=
CSV write row ID=112 FilePath=
CSV write row ID=113 FilePath=
CSV write row ID=114 FilePath=
CSV write row ID=115 FilePath=
CSV write row ID=116 FilePath=
CSV write row ID=117 FilePath=
CSV write row ID=118 FilePath=
CSV write row ID=119 FilePath=
CSV write row ID=120 FilePath=
CSV write row ID=121 FilePath=
CSV write row ID=122 FilePath=
CSV write row ID=123 FilePath=
CSV write row ID=124 FilePath=
CSV write row ID=125 FilePath=
CSV write row ID=126 FilePath=
CSV write row ID=127 FilePath=
CSV write row ID=128 FilePath=
CSV write row ID=129 FilePath=
CSV write row ID=130 FilePath=
CSV write row ID=131 FilePath=
CSV updated: c:\software\autoreels\AutoReels\family\Calm_ADHD_Blueprint_Hooks2.csv
Thumbnail created: C:\software\autoreels\AutoReels\family\output_reel\thumbnails\1_ADHD_daily_routine_tips_for_children.jpg
Writing video: C:\software\autoreels\AutoReels\family\output_reel\2_7_day_ADHD_plan_for_parents.mp4 (fps=29.97002997002997)
Created: C:\software\autoreels\AutoReels\family\output_reel\2_7_day_ADHD_plan_for_parents.mp4
Updating CSV c:\software\autoreels\AutoReels\family\Calm_ADHD_Blueprint_Hooks2.csv with fieldnames=['ID', 'Hook', 'Hashtags', 'LongTailKeywords', 'FilePath']
CSV write row ID=1 FilePath=C:\software\autoreels\AutoReels\family\output_reel\1_ADHD_daily_routine_tips_for_children.mp4
CSV write row ID=2 FilePath=C:\software\autoreels\AutoReels\family\output_reel\2_7_day_ADHD_plan_for_parents.mp4
CSV write row ID=3 FilePath=D:\reels-dev\mixkit\women\family\ADHD_output_reel\calming_ADHD_behavior_at_home.mp4
CSV write row ID=4 FilePath=
CSV write row ID=5 FilePath=
CSV write row ID=6 FilePath=
CSV write row ID=7 FilePath=
CSV write row ID=8 FilePath=
CSV write row ID=9 FilePath=
CSV write row ID=10 FilePath=
CSV write row ID=11 FilePath=
CSV write row ID=12 FilePath=
CSV write row ID=13 FilePath=
CSV write row ID=14 FilePath=
CSV write row ID=15 FilePath=
CSV write row ID=16 FilePath=
CSV write row ID=17 FilePath=
CSV write row ID=18 FilePath=
CSV write row ID=19 FilePath=
CSV write row ID=20 FilePath=
CSV write row ID=21 FilePath=
CSV write row ID=22 FilePath=
CSV write row ID=23 FilePath=
CSV write row ID=24 FilePath=
CSV write row ID=25 FilePath=
CSV write row ID=26 FilePath=
CSV write row ID=27 FilePath=
CSV write row ID=28 FilePath=
CSV write row ID=29 FilePath=
CSV write row ID=30 FilePath=
CSV write row ID=31 FilePath=
CSV write row ID=32 FilePath=
CSV write row ID=33 FilePath=
CSV write row ID=34 FilePath=
CSV write row ID=35 FilePath=
CSV write row ID=36 FilePath=
CSV write row ID=37 FilePath=
CSV write row ID=38 FilePath=
CSV write row ID=39 FilePath=
CSV write row ID=40 FilePath=
CSV write row ID=41 FilePath=
CSV write row ID=42 FilePath=
CSV write row ID=43 FilePath=
CSV write row ID=44 FilePath=
CSV write row ID=45 FilePath=
CSV write row ID=46 FilePath=
CSV write row ID=47 FilePath=
CSV write row ID=48 FilePath=
CSV write row ID=49 FilePath=
CSV write row ID=50 FilePath=
CSV write row ID=51 FilePath=
CSV write row ID=52 FilePath=
CSV write row ID=53 FilePath=
CSV write row ID=54 FilePath=
CSV write row ID=55 FilePath=
CSV write row ID=56 FilePath=
CSV write row ID=57 FilePath=
CSV write row ID=58 FilePath=
CSV write row ID=59 FilePath=
CSV write row ID=60 FilePath=
CSV write row ID=61 FilePath=
CSV write row ID=62 FilePath=
CSV write row ID=63 FilePath=
CSV write row ID=64 FilePath=
CSV write row ID=65 FilePath=
CSV write row ID=66 FilePath=
CSV write row ID=67 FilePath=
CSV write row ID=68 FilePath=
CSV write row ID=69 FilePath=
CSV write row ID=70 FilePath=
CSV write row ID=71 FilePath=
CSV write row ID=72 FilePath=
CSV write row ID=73 FilePath=
CSV write row ID=74 FilePath=
CSV write row ID=75 FilePath=
CSV write row ID=76 FilePath=
CSV write row ID=77 FilePath=
CSV write row ID=78 FilePath=
CSV write row ID=79 FilePath=
CSV write row ID=80 FilePath=
CSV write row ID=81 FilePath=
CSV write row ID=82 FilePath=
CSV write row ID=83 FilePath=
CSV write row ID=84 FilePath=
CSV write row ID=85 FilePath=
CSV write row ID=86 FilePath=
CSV write row ID=87 FilePath=
CSV write row ID=88 FilePath=
CSV write row ID=89 FilePath=
CSV write row ID=90 FilePath=
CSV write row ID=91 FilePath=
CSV write row ID=92 FilePath=
CSV write row ID=93 FilePath=
CSV write row ID=94 FilePath=
CSV write row ID=95 FilePath=
CSV write row ID=96 FilePath=
CSV write row ID=97 FilePath=
CSV write row ID=98 FilePath=
CSV write row ID=99 FilePath=
CSV write row ID=100 FilePath=
CSV write row ID=101 FilePath=
CSV write row ID=102 FilePath=
CSV write row ID=103 FilePath=
CSV write row ID=104 FilePath=
CSV write row ID=105 FilePath=
CSV write row ID=106 FilePath=
CSV write row ID=107 FilePath=
CSV write row ID=108 FilePath=
CSV write row ID=109 FilePath=
CSV write row ID=110 FilePath=
CSV write row ID=111 FilePath=
CSV write row ID=112 FilePath=
CSV write row ID=113 FilePath=
CSV write row ID=114 FilePath=
CSV write row ID=115 FilePath=
CSV write row ID=116 FilePath=
CSV write row ID=117 FilePath=
CSV write row ID=118 FilePath=
CSV write row ID=119 FilePath=
CSV write row ID=120 FilePath=
CSV write row ID=121 FilePath=
CSV write row ID=122 FilePath=
CSV write row ID=123 FilePath=
CSV write row ID=124 FilePath=
CSV write row ID=125 FilePath=
CSV write row ID=126 FilePath=
CSV write row ID=127 FilePath=
CSV write row ID=128 FilePath=
CSV write row ID=129 FilePath=
CSV write row ID=130 FilePath=
CSV write row ID=131 FilePath=
CSV updated: c:\software\autoreels\AutoReels\family\Calm_ADHD_Blueprint_Hooks2.csv
Thumbnail created: C:\software\autoreels\AutoReels\family\output_reel\thumbnails\2_7_day_ADHD_plan_for_parents.jpg
Starting app.py; script_dir=c:\software\autoreels\AutoReels\family
Found 2 source reels: ['4042-720.mp4', '4523-720.mp4']
Loaded 131 CSV rows; original_fieldnames=['ID', 'Hook', 'Hashtags', 'LongTailKeywords', 'FilePath']
Writing video: C:\software\autoreels\AutoReels\family\output_reel\1_ADHD_daily_routine_tips_for_children.mp4 (fps=30.0)
Created: C:\software\autoreels\AutoReels\family\output_reel\1_ADHD_daily_routine_tips_for_children.mp4
Updating CSV c:\software\autoreels\AutoReels\family\Calm_ADHD_Blueprint_Hooks2.csv with fieldnames=['ID', 'Hook', 'Hashtags', 'LongTailKeywords', 'FilePath']
CSV write row ID=1 FilePath=C:\software\autoreels\AutoReels\family\output_reel\1_ADHD_daily_routine_tips_for_children.mp4
CSV write row ID=2 FilePath=C:\software\autoreels\AutoReels\family\output_reel\2_7_day_ADHD_plan_for_parents.mp4
CSV write row ID=3 FilePath=D:\reels-dev\mixkit\women\family\ADHD_output_reel\calming_ADHD_behavior_at_home.mp4
CSV write row ID=4 FilePath=
CSV write row ID=5 FilePath=
CSV write row ID=6 FilePath=
CSV write row ID=7 FilePath=
CSV write row ID=8 FilePath=
CSV write row ID=9 FilePath=
CSV write row ID=10 FilePath=
CSV write row ID=11 FilePath=
CSV write row ID=12 FilePath=
CSV write row ID=13 FilePath=
CSV write row ID=14 FilePath=
CSV write row ID=15 FilePath=
CSV write row ID=16 FilePath=
CSV write row ID=17 FilePath=
CSV write row ID=18 FilePath=
CSV write row ID=19 FilePath=
CSV write row ID=20 FilePath=
CSV write row ID=21 FilePath=
CSV write row ID=22 FilePath=
CSV write row ID=23 FilePath=
CSV write row ID=24 FilePath=
CSV write row ID=25 FilePath=
CSV write row ID=26 FilePath=
CSV write row ID=27 FilePath=
CSV write row ID=28 FilePath=
CSV write row ID=29 FilePath=
CSV write row ID=30 FilePath=
CSV write row ID=31 FilePath=
CSV write row ID=32 FilePath=
CSV write row ID=33 FilePath=
CSV write row ID=34 FilePath=
CSV write row ID=35 FilePath=
CSV write row ID=36 FilePath=
CSV write row ID=37 FilePath=
CSV write row ID=38 FilePath=
CSV write row ID=39 FilePath=
CSV write row ID=40 FilePath=
CSV write row ID=41 FilePath=
CSV write row ID=42 FilePath=
CSV write row ID=43 FilePath=
CSV write row ID=44 FilePath=
CSV write row ID=45 FilePath=
CSV write row ID=46 FilePath=
CSV write row ID=47 FilePath=
CSV write row ID=48 FilePath=
CSV write row ID=49 FilePath=
CSV write row ID=50 FilePath=
CSV write row ID=51 FilePath=
CSV write row ID=52 FilePath=
CSV write row ID=53 FilePath=
CSV write row ID=54 FilePath=
CSV write row ID=55 FilePath=
CSV write row ID=56 FilePath=
CSV write row ID=57 FilePath=
CSV write row ID=58 FilePath=
CSV write row ID=59 FilePath=
CSV write row ID=60 FilePath=
CSV write row ID=61 FilePath=
CSV write row ID=62 FilePath=
CSV write row ID=63 FilePath=
CSV write row ID=64 FilePath=
CSV write row ID=65 FilePath=
CSV write row ID=66 FilePath=
CSV write row ID=67 FilePath=
CSV write row ID=68 FilePath=
CSV write row ID=69 FilePath=
CSV write row ID=70 FilePath=
CSV write row ID=71 FilePath=
CSV write row ID=72 FilePath=
CSV write row ID=73 FilePath=
CSV write row ID=74 FilePath=
CSV write row ID=75 FilePath=
CSV write row ID=76 FilePath=
CSV write row ID=77 FilePath=
CSV write row ID=78 FilePath=
CSV write row ID=79 FilePath=
CSV write row ID=80 FilePath=
CSV write row ID=81 FilePath=
CSV write row ID=82 FilePath=
CSV write row ID=83 FilePath=
CSV write row ID=84 FilePath=
CSV write row ID=85 FilePath=
CSV write row ID=86 FilePath=
CSV write row ID=87 FilePath=
CSV write row ID=88 FilePath=
CSV write row ID=89 FilePath=
CSV write row ID=90 FilePath=
CSV write row ID=91 FilePath=
CSV write row ID=92 FilePath=
CSV write row ID=93 FilePath=
CSV write row ID=94 FilePath=
CSV write row ID=95 FilePath=
CSV write row ID=96 FilePath=
CSV write row ID=97 FilePath=
CSV write row ID=98 FilePath=
CSV write row ID=99 FilePath=
CSV write row ID=100 FilePath=
CSV write row ID=101 FilePath=
CSV write row ID=102 FilePath=
CSV write row ID=103 FilePath=
CSV write row ID=104 FilePath=
CSV write row ID=105 FilePath=
CSV write row ID=106 FilePath=
CSV write row ID=107 FilePath=
CSV write row ID=108 FilePath=
CSV write row ID=109 FilePath=
CSV write row ID=110 FilePath=
CSV write row ID=111 FilePath=
CSV write row ID=112 FilePath=
CSV write row ID=113 FilePath=
CSV write row ID=114 FilePath=
CSV write row ID=115 FilePath=
CSV write row ID=116 FilePath=
CSV write row ID=117 FilePath=
CSV write row ID=118 FilePath=
CSV write row ID=119 FilePath=
CSV write row ID=120 FilePath=
CSV write row ID=121 FilePath=
CSV write row ID=122 FilePath=
CSV write row ID=123 FilePath=
CSV write row ID=124 FilePath=
CSV write row ID=125 FilePath=
CSV write row ID=126 FilePath=
CSV write row ID=127 FilePath=
CSV write row ID=128 FilePath=
CSV write row ID=129 FilePath=
CSV write row ID=130 FilePath=
CSV write row ID=131 FilePath=
CSV updated: c:\software\autoreels\AutoReels\family\Calm_ADHD_Blueprint_Hooks2.csv
Thumbnail created: C:\software\autoreels\AutoReels\family\output_reel\thumbnails\1_ADHD_daily_routine_tips_for_children.jpg
Writing video: C:\software\autoreels\AutoReels\family\output_reel\2_7_day_ADHD_plan_for_parents.mp4 (fps=29.97002997002997)
Created: C:\software\autoreels\AutoReels\family\output_reel\2_7_day_ADHD_plan_for_parents.mp4
Updating CSV c:\software\autoreels\AutoReels\family\Calm_ADHD_Blueprint_Hooks2.csv with fieldnames=['ID', 'Hook', 'Hashtags', 'LongTailKeywords', 'FilePath']
CSV write row ID=1 FilePath=C:\software\autoreels\AutoReels\family\output_reel\1_ADHD_daily_routine_tips_for_children.mp4
CSV write row ID=2 FilePath=C:\software\autoreels\AutoReels\family\output_reel\2_7_day_ADHD_plan_for_parents.mp4
CSV write row ID=3 FilePath=D:\reels-dev\mixkit\women\family\ADHD_output_reel\calming_ADHD_behavior_at_home.mp4
CSV write row ID=4 FilePath=
CSV write row ID=5 FilePath=
CSV write row ID=6 FilePath=
CSV write row ID=7 FilePath=
CSV write row ID=8 FilePath=
CSV write row ID=9 FilePath=
CSV write row ID=10 FilePath=
CSV write row ID=11 FilePath=
CSV write row ID=12 FilePath=
CSV write row ID=13 FilePath=
CSV write row ID=14 FilePath=
CSV write row ID=15 FilePath=
CSV write row ID=16 FilePath=
CSV write row ID=17 FilePath=
CSV write row ID=18 FilePath=
CSV write row ID=19 FilePath=
CSV write row ID=20 FilePath=
CSV write row ID=21 FilePath=
CSV write row ID=22 FilePath=
CSV write row ID=23 FilePath=
CSV write row ID=24 FilePath=
CSV write row ID=25 FilePath=
CSV write row ID=26 FilePath=
CSV write row ID=27 FilePath=
CSV write row ID=28 FilePath=
CSV write row ID=29 FilePath=
CSV write row ID=30 FilePath=
CSV write row ID=31 FilePath=
CSV write row ID=32 FilePath=
CSV write row ID=33 FilePath=
CSV write row ID=34 FilePath=
CSV write row ID=35 FilePath=
CSV write row ID=36 FilePath=
CSV write row ID=37 FilePath=
CSV write row ID=38 FilePath=
CSV write row ID=39 FilePath=
CSV write row ID=40 FilePath=
CSV write row ID=41 FilePath=
CSV write row ID=42 FilePath=
CSV write row ID=43 FilePath=
CSV write row ID=44 FilePath=
CSV write row ID=45 FilePath=
CSV write row ID=46 FilePath=
CSV write row ID=47 FilePath=
CSV write row ID=48 FilePath=
CSV write row ID=49 FilePath=
CSV write row ID=50 FilePath=
CSV write row ID=51 FilePath=
CSV write row ID=52 FilePath=
CSV write row ID=53 FilePath=
CSV write row ID=54 FilePath=
CSV write row ID=55 FilePath=
CSV write row ID=56 FilePath=
CSV write row ID=57 FilePath=
CSV write row ID=58 FilePath=
CSV write row ID=59 FilePath=
CSV write row ID=60 FilePath=
CSV write row ID=61 FilePath=
CSV write row ID=62 FilePath=
CSV write row ID=63 FilePath=
CSV write row ID=64 FilePath=
CSV write row ID=65 FilePath=
CSV write row ID=66 FilePath=
CSV write row ID=67 FilePath=
CSV write row ID=68 FilePath=
CSV write row ID=69 FilePath=
CSV write row ID=70 FilePath=
CSV write row ID=71 FilePath=
CSV write row ID=72 FilePath=
CSV write row ID=73 FilePath=
CSV write row ID=74 FilePath=
CSV write row ID=75 FilePath=
CSV write row ID=76 FilePath=
CSV write row ID=77 FilePath=
CSV write row ID=78 FilePath=
CSV write row ID=79 FilePath=
CSV write row ID=80 FilePath=
CSV write row ID=81 FilePath=
CSV write row ID=82 FilePath=
CSV write row ID=83 FilePath=
CSV write row ID=84 FilePath=
CSV write row ID=85 FilePath=
CSV write row ID=86 FilePath=
CSV write row ID=87 FilePath=
CSV write row ID=88 FilePath=
CSV write row ID=89 FilePath=
CSV write row ID=90 FilePath=
CSV write row ID=91 FilePath=
CSV write row ID=92 FilePath=
CSV write row ID=93 FilePath=
CSV write row ID=94 FilePath=
CSV write row ID=95 FilePath=
CSV write row ID=96 FilePath=
CSV write row ID=97 FilePath=
CSV write row ID=98 FilePath=
CSV write row ID=99 FilePath=
CSV write row ID=100 FilePath=
CSV write row ID=101 FilePath=
CSV write row ID=102 FilePath=
CSV write row ID=103 FilePath=
CSV write row ID=104 FilePath=
CSV write row ID=105 FilePath=
CSV write row ID=106 FilePath=
CSV write row ID=107 FilePath=
CSV write row ID=108 FilePath=
CSV write row ID=109 FilePath=
CSV write row ID=110 FilePath=
CSV write row ID=111 FilePath=
CSV write row ID=112 FilePath=
CSV write row ID=113 FilePath=
CSV write row ID=114 FilePath=
CSV write row ID=115 FilePath=
CSV write row ID=116 FilePath=
CSV write row ID=117 FilePath=
CSV write row ID=118 FilePath=
CSV write row ID=119 FilePath=
CSV write row ID=120 FilePath=
CSV write row ID=121 FilePath=
CSV write row ID=122 FilePath=
CSV write row ID=123 FilePath=
CSV write row ID=124 FilePath=
CSV write row ID=125 FilePath=
CSV write row ID=126 FilePath=
CSV write row ID=127 FilePath=
CSV write row ID=128 FilePath=
CSV write row ID=129 FilePath=
CSV write row ID=130 FilePath=
CSV write row ID=131 FilePath=
CSV updated: c:\software\autoreels\AutoReels\family\Calm_ADHD_Blueprint_Hooks2.csv
Thumbnail created: C:\software\autoreels\AutoReels\family\output_reel\thumbnails\2_7_day_ADHD_plan_for_parents.jpg
Starting app.py; script_dir=c:\software\autoreels\AutoReels\family
Found 2 source reels: ['4042-720.mp4', '4523-720.mp4']
Loaded 131 CSV rows; original_fieldnames=['ID', 'Hook', 'Hashtags', 'LongTailKeywords', 'FilePath']
Writing video: C:\software\autoreels\AutoReels\family\output_reel\1_ADHD_daily_routine_tips_for_children.mp4 (fps=30.0)
Created: C:\software\autoreels\AutoReels\family\output_reel\1_ADHD_daily_routine_tips_for_children.mp4
Updating CSV c:\software\autoreels\AutoReels\family\Calm_ADHD_Blueprint_Hooks2.csv with fieldnames=['ID', 'Hook', 'Hashtags', 'LongTailKeywords', 'FilePath']
CSV write row ID=1 FilePath=C:\software\autoreels\AutoReels\family\output_reel\1_ADHD_daily_routine_tips_for_children.mp4
CSV write row ID=2 FilePath=C:\software\autoreels\AutoReels\family\output_reel\2_7_day_ADHD_plan_for_parents.mp4
CSV write row ID=3 FilePath=D:\reels-dev\mixkit\women\family\ADHD_output_reel\calming_ADHD_behavior_at_home.mp4
CSV write row ID=4 FilePath=
CSV write row ID=5 FilePath=
CSV write row ID=6 FilePath=
CSV write row ID=7 FilePath=
CSV write row ID=8 FilePath=
CSV write row ID=9 FilePath=
CSV write row ID=10 FilePath=
CSV write row ID=11 FilePath=
CSV write row ID=12 FilePath=
CSV write row ID=13 FilePath=
CSV write row ID=14 FilePath=
CSV write row ID=15 FilePath=
CSV write row ID=16 FilePath=
CSV write row ID=17 FilePath=
CSV write row ID=18 FilePath=
CSV write row ID=19 FilePath=
CSV write row ID=20 FilePath=
CSV write row ID=21 FilePath=
CSV write row ID=22 FilePath=
CSV write row ID=23 FilePath=
CSV write row ID=24 FilePath=
CSV write row ID=25 FilePath=
CSV write row ID=26 FilePath=
CSV write row ID=27 FilePath=
CSV write row ID=28 FilePath=
CSV write row ID=29 FilePath=
CSV write row ID=30 FilePath=
CSV write row ID=31 FilePath=
CSV write row ID=32 FilePath=
CSV write row ID=33 FilePath=
CSV write row ID=34 FilePath=
CSV write row ID=35 FilePath=
CSV write row ID=36 FilePath=
CSV write row ID=37 FilePath=
CSV write row ID=38 FilePath=
CSV write row ID=39 FilePath=
CSV write row ID=40 FilePath=
CSV write row ID=41 FilePath=
CSV write row ID=42 FilePath=
CSV write row ID=43 FilePath=
CSV write row ID=44 FilePath=
CSV write row ID=45 FilePath=
CSV write row ID=46 FilePath=
CSV write row ID=47 FilePath=
CSV write row ID=48 FilePath=
CSV write row ID=49 FilePath=
CSV write row ID=50 FilePath=
CSV write row ID=51 FilePath=
CSV write row ID=52 FilePath=
CSV write row ID=53 FilePath=
CSV write row ID=54 FilePath=
CSV write row ID=55 FilePath=
CSV write row ID=56 FilePath=
CSV write row ID=57 FilePath=
CSV write row ID=58 FilePath=
CSV write row ID=59 FilePath=
CSV write row ID=60 FilePath=
CSV write row ID=61 FilePath=
CSV write row ID=62 FilePath=
CSV write row ID=63 FilePath=
CSV write row ID=64 FilePath=
CSV write row ID=65 FilePath=
CSV write row ID=66 FilePath=
CSV write row ID=67 FilePath=
CSV write row ID=68 FilePath=
CSV write row ID=69 FilePath=
CSV write row ID=70 FilePath=
CSV write row ID=71 FilePath=
CSV write row ID=72 FilePath=
CSV write row ID=73 FilePath=
CSV write row ID=74 FilePath=
CSV write row ID=75 FilePath=
CSV write row ID=76 FilePath=
CSV write row ID=77 FilePath=
CSV write row ID=78 FilePath=
CSV write row ID=79 FilePath=
CSV write row ID=80 FilePath=
CSV write row ID=81 FilePath=
CSV write row ID=82 FilePath=
CSV write row ID=83 FilePath=
CSV write row ID=84 FilePath=
CSV write row ID=85 FilePath=
CSV write row ID=86 FilePath=
CSV write row ID=87 FilePath=
CSV write row ID=88 FilePath=
CSV write row ID=89 FilePath=
CSV write row ID=90 FilePath=
CSV write row ID=91 FilePath=
CSV write row ID=92 FilePath=
CSV write row ID=93 FilePath=
CSV write row ID=94 FilePath=
CSV write row ID=95 FilePath=
CSV write row ID=96 FilePath=
CSV write row ID=97 FilePath=
CSV write row ID=98 FilePath=
CSV write row ID=99 FilePath=
CSV write row ID=100 FilePath=
CSV write row ID=101 FilePath=
CSV write row ID=102 FilePath=
CSV write row ID=103 FilePath=
CSV write row ID=104 FilePath=
CSV write row ID=105 FilePath=
CSV write row ID=106 FilePath=
CSV write row ID=107 FilePath=
CSV write row ID=108 FilePath=
CSV write row ID=109 FilePath=
CSV write row ID=110 FilePath=
CSV write row ID=111 FilePath=
CSV write row ID=112 FilePath=
CSV write row ID=113 FilePath=
CSV write row ID=114 FilePath=
CSV write row ID=115 FilePath=
CSV write row ID=116 FilePath=
CSV write row ID=117 FilePath=
CSV write row ID=118 FilePath=
CSV write row ID=119 FilePath=
CSV write row ID=120 FilePath=
CSV write row ID=121 FilePath=
CSV write row ID=122 FilePath=
CSV write row ID=123 FilePath=
CSV write row ID=124 FilePath=
CSV write row ID=125 FilePath=
CSV write row ID=126 FilePath=
CSV write row ID=127 FilePath=
CSV write row ID=128 FilePath=
CSV write row ID=129 FilePath=
CSV write row ID=130 FilePath=
CSV write row ID=131 FilePath=
CSV updated: c:\software\autoreels\AutoReels\family\Calm_ADHD_Blueprint_Hooks2.csv
Thumbnail created: C:\software\autoreels\AutoReels\family\output_reel\thumbnails\1_ADHD_daily_routine_tips_for_children.jpg
Writing video: C:\software\autoreels\AutoReels\family\output_reel\2_7_day_ADHD_plan_for_parents.mp4 (fps=29.97002997002997)
Created: C:\software\autoreels\AutoReels\family\output_reel\2_7_day_ADHD_plan_for_parents.mp4
Updating CSV c:\software\autoreels\AutoReels\family\Calm_ADHD_Blueprint_Hooks2.csv with fieldnames=['ID', 'Hook', 'Hashtags', 'LongTailKeywords', 'FilePath']
CSV write row ID=1 FilePath=C:\software\autoreels\AutoReels\family\output_reel\1_ADHD_daily_routine_tips_for_children.mp4
CSV write row ID=2 FilePath=C:\software\autoreels\AutoReels\family\output_reel\2_7_day_ADHD_plan_for_parents.mp4
CSV write row ID=3 FilePath=D:\reels-dev\mixkit\women\family\ADHD_output_reel\calming_ADHD_behavior_at_home.mp4
CSV write row ID=4 FilePath=
CSV write row ID=5 FilePath=
CSV write row ID=6 FilePath=
CSV write row ID=7 FilePath=
CSV write row ID=8 FilePath=
CSV write row ID=9 FilePath=
CSV write row ID=10 FilePath=
CSV write row ID=11 FilePath=
CSV write row ID=12 FilePath=
CSV write row ID=13 FilePath=
CSV write row ID=14 FilePath=
CSV write row ID=15 FilePath=
CSV write row ID=16 FilePath=
CSV write row ID=17 FilePath=
CSV write row ID=18 FilePath=
CSV write row ID=19 FilePath=
CSV write row ID=20 FilePath=
CSV write row ID=21 FilePath=
CSV write row ID=22 FilePath=
CSV write row ID=23 FilePath=
CSV write row ID=24 FilePath=
CSV write row ID=25 FilePath=
CSV write row ID=26 FilePath=
CSV write row ID=27 FilePath=
CSV write row ID=28 FilePath=
CSV write row ID=29 FilePath=
CSV write row ID=30 FilePath=
CSV write row ID=31 FilePath=
CSV write row ID=32 FilePath=
CSV write row ID=33 FilePath=
CSV write row ID=34 FilePath=
CSV write row ID=35 FilePath=
CSV write row ID=36 FilePath=
CSV write row ID=37 FilePath=
CSV write row ID=38 FilePath=
CSV write row ID=39 FilePath=
CSV write row ID=40 FilePath=
CSV write row ID=41 FilePath=
CSV write row ID=42 FilePath=
CSV write row ID=43 FilePath=
CSV write row ID=44 FilePath=
CSV write row ID=45 FilePath=
CSV write row ID=46 FilePath=
CSV write row ID=47 FilePath=
CSV write row ID=48 FilePath=
CSV write row ID=49 FilePath=
CSV write row ID=50 FilePath=
CSV write row ID=51 FilePath=
CSV write row ID=52 FilePath=
CSV write row ID=53 FilePath=
CSV write row ID=54 FilePath=
CSV write row ID=55 FilePath=
CSV write row ID=56 FilePath=
CSV write row ID=57 FilePath=
CSV write row ID=58 FilePath=
CSV write row ID=59 FilePath=
CSV write row ID=60 FilePath=
CSV write row ID=61 FilePath=
CSV write row ID=62 FilePath=
CSV write row ID=63 FilePath=
CSV write row ID=64 FilePath=
CSV write row ID=65 FilePath=
CSV write row ID=66 FilePath=
CSV write row ID=67 FilePath=
CSV write row ID=68 FilePath=
CSV write row ID=69 FilePath=
CSV write row ID=70 FilePath=
CSV write row ID=71 FilePath=
CSV write row ID=72 FilePath=
CSV write row ID=73 FilePath=
CSV write row ID=74 FilePath=
CSV write row ID=75 FilePath=
CSV write row ID=76 FilePath=
CSV write row ID=77 FilePath=
CSV write row ID=78 FilePath=
CSV write row ID=79 FilePath=
CSV write row ID=80 FilePath=
CSV write row ID=81 FilePath=
CSV write row ID=82 FilePath=
CSV write row ID=83 FilePath=
CSV write row ID=84 FilePath=
CSV write row ID=85 FilePath=
CSV write row ID=86 FilePath=
CSV write row ID=87 FilePath=
CSV write row ID=88 FilePath=
CSV write row ID=89 FilePath=
CSV write row ID=90 FilePath=
CSV write row ID=91 FilePath=
CSV write row ID=92 FilePath=
CSV write row ID=93 FilePath=
CSV write row ID=94 FilePath=
CSV write row ID=95 FilePath=
CSV write row ID=96 FilePath=
CSV write row ID=97 FilePath=
CSV write row ID=98 FilePath=
CSV write row ID=99 FilePath=
CSV write row ID=100 FilePath=
CSV write row ID=101 FilePath=
CSV write row ID=102 FilePath=
CSV write row ID=103 FilePath=
CSV write row ID=104 FilePath=
CSV write row ID=105 FilePath=
CSV write row ID=106 FilePath=
CSV write row ID=107 FilePath=
CSV write row ID=108 FilePath=
CSV write row ID=109 FilePath=
CSV write row ID=110 FilePath=
CSV write row ID=111 FilePath=
CSV write row ID=112 FilePath=
CSV write row ID=113 FilePath=
CSV write row ID=114 FilePath=
CSV write row ID=115 FilePath=
CSV write row ID=116 FilePath=
CSV write row ID=117 FilePath=
CSV write row ID=118 FilePath=
CSV write row ID=119 FilePath=
CSV write row ID=120 FilePath=
CSV write row ID=121 FilePath=
CSV write row ID=122 FilePath=
CSV write row ID=123 FilePath=
CSV write row ID=124 FilePath=
CSV write row ID=125 FilePath=
CSV write row ID=126 FilePath=
CSV write row ID=127 FilePath=
CSV write row ID=128 FilePath=
CSV write row ID=129 FilePath=
CSV write row ID=130 FilePath=
CSV write row ID=131 FilePath=
CSV updated: c:\software\autoreels\AutoReels\family\Calm_ADHD_Blueprint_Hooks2.csv
Thumbnail created: C:\software\autoreels\AutoReels\family\output_reel\thumbnails\2_7_day_ADHD_plan_for_parents.jpg
Starting app.py; script_dir=c:\software\autoreels\AutoReels\family
Found 2 source reels: ['4042-720.mp4', '4523-720.mp4']
Loaded 131 CSV rows; original_fieldnames=['ID', 'Hook', 'Hashtags', 'LongTailKeywords', 'FilePath']
Writing video: C:\software\autoreels\AutoReels\family\output_reel\1_ADHD_daily_routine_tips_for_children.mp4 (fps=30.0)
Created: C:\software\autoreels\AutoReels\family\output_reel\1_ADHD_daily_routine_tips_for_children.mp4
Updating CSV c:\software\autoreels\AutoReels\family\Calm_ADHD_Blueprint_Hooks2.csv with fieldnames=['ID', 'Hook', 'Hashtags', 'LongTailKeywords', 'FilePath']
CSV write row ID=1 FilePath=C:\software\autoreels\AutoReels\family\output_reel\1_ADHD_daily_routine_tips_for_children.mp4
CSV write row ID=2 FilePath=C:\software\autoreels\AutoReels\family\output_reel\2_7_day_ADHD_plan_for_parents.mp4
CSV write row ID=3 FilePath=D:\reels-dev\mixkit\women\family\ADHD_output_reel\calming_ADHD_behavior_at_home.mp4
CSV write row ID=4 FilePath=
CSV write row ID=5 FilePath=
CSV write row ID=6 FilePath=
CSV write row ID=7 FilePath=
CSV write row ID=8 FilePath=
CSV write row ID=9 FilePath=
CSV write row ID=10 FilePath=
CSV write row ID=11 FilePath=
CSV write row ID=12 FilePath=
CSV write row ID=13 FilePath=
CSV write row ID=14 FilePath=
CSV write row ID=15 FilePath=
CSV write row ID=16 FilePath=
CSV write row ID=17 FilePath=
CSV write row ID=18 FilePath=
CSV write row ID=19 FilePath=
CSV write row ID=20 FilePath=
CSV write row ID=21 FilePath=
CSV write row ID=22 FilePath=
CSV write row ID=23 FilePath=
CSV write row ID=24 FilePath=
CSV write row ID=25 FilePath=
CSV write row ID=26 FilePath=
CSV write row ID=27 FilePath=
CSV write row ID=28 FilePath=
CSV write row ID=29 FilePath=
CSV write row ID=30 FilePath=
CSV write row ID=31 FilePath=
CSV write row ID=32 FilePath=
CSV write row ID=33 FilePath=
CSV write row ID=34 FilePath=
CSV write row ID=35 FilePath=
CSV write row ID=36 FilePath=
CSV write row ID=37 FilePath=
CSV write row ID=38 FilePath=
CSV write row ID=39 FilePath=
CSV write row ID=40 FilePath=
CSV write row ID=41 FilePath=
CSV write row ID=42 FilePath=
CSV write row ID=43 FilePath=
CSV write row ID=44 FilePath=
CSV write row ID=45 FilePath=
CSV write row ID=46 FilePath=
CSV write row ID=47 FilePath=
CSV write row ID=48 FilePath=
CSV write row ID=49 FilePath=
CSV write row ID=50 FilePath=
CSV write row ID=51 FilePath=
CSV write row ID=52 FilePath=
CSV write row ID=53 FilePath=
CSV write row ID=54 FilePath=
CSV write row ID=55 FilePath=
CSV write row ID=56 FilePath=
CSV write row ID=57 FilePath=
CSV write row ID=58 FilePath=
CSV write row ID=59 FilePath=
CSV write row ID=60 FilePath=
CSV write row ID=61 FilePath=
CSV write row ID=62 FilePath=
CSV write row ID=63 FilePath=
CSV write row ID=64 FilePath=
CSV write row ID=65 FilePath=
CSV write row ID=66 FilePath=
CSV write row ID=67 FilePath=
CSV write row ID=68 FilePath=
CSV write row ID=69 FilePath=
CSV write row ID=70 FilePath=
CSV write row ID=71 FilePath=
CSV write row ID=72 FilePath=
CSV write row ID=73 FilePath=
CSV write row ID=74 FilePath=
CSV write row ID=75 FilePath=
CSV write row ID=76 FilePath=
CSV write row ID=77 FilePath=
CSV write row ID=78 FilePath=
CSV write row ID=79 FilePath=
CSV write row ID=80 FilePath=
CSV write row ID=81 FilePath=
CSV write row ID=82 FilePath=
CSV write row ID=83 FilePath=
CSV write row ID=84 FilePath=
CSV write row ID=85 FilePath=
CSV write row ID=86 FilePath=
CSV write row ID=87 FilePath=
CSV write row ID=88 FilePath=
CSV write row ID=89 FilePath=
CSV write row ID=90 FilePath=
CSV write row ID=91 FilePath=
CSV write row ID=92 FilePath=
CSV write row ID=93 FilePath=
CSV write row ID=94 FilePath=
CSV write row ID=95 FilePath=
CSV write row ID=96 FilePath=
CSV write row ID=97 FilePath=
CSV write row ID=98 FilePath=
CSV write row ID=99 FilePath=
CSV write row ID=100 FilePath=
CSV write row ID=101 FilePath=
CSV write row ID=102 FilePath=
CSV write row ID=103 FilePath=
CSV write row ID=104 FilePath=
CSV write row ID=105 FilePath=
CSV write row ID=106 FilePath=
CSV write row ID=107 FilePath=
CSV write row ID=108 FilePath=
CSV write row ID=109 FilePath=
CSV write row ID=110 FilePath=
CSV write row ID=111 FilePath=
CSV write row ID=112 FilePath=
CSV write row ID=113 FilePath=
CSV write row ID=114 FilePath=
CSV write row ID=115 FilePath=
CSV write row ID=116 FilePath=
CSV write row ID=117 FilePath=
CSV write row ID=118 FilePath=
CSV write row ID=119 FilePath=
CSV write row ID=120 FilePath=
CSV write row ID=121 FilePath=
CSV write row ID=122 FilePath=
CSV write row ID=123 FilePath=
CSV write row ID=124 FilePath=
CSV write row ID=125 FilePath=
CSV write row ID=126 FilePath=
CSV write row ID=127 FilePath=
CSV write row ID=128 FilePath=
CSV write row ID=129 FilePath=
CSV write row ID=130 FilePath=
CSV write row ID=131 FilePath=
CSV updated: c:\software\autoreels\AutoReels\family\Calm_ADHD_Blueprint_Hooks2.csv
Thumbnail created: C:\software\autoreels\AutoReels\family\output_reel\thumbnails\1_ADHD_daily_routine_tips_for_children.jpg
Writing video: C:\software\autoreels\AutoReels\family\output_reel\2_7_day_ADHD_plan_for_parents.mp4 (fps=29.97002997002997)
Created: C:\software\autoreels\AutoReels\family\output_reel\2_7_day_ADHD_plan_for_parents.mp4
Updating CSV c:\software\autoreels\AutoReels\family\Calm_ADHD_Blueprint_Hooks2.csv with fieldnames=['ID', 'Hook', 'Hashtags', 'LongTailKeywords', 'FilePath']
CSV write row ID=1 FilePath=C:\software\autoreels\AutoReels\family\output_reel\1_ADHD_daily_routine_tips_for_children.mp4
CSV write row ID=2 FilePath=C:\software\autoreels\AutoReels\family\output_reel\2_7_day_ADHD_plan_for_parents.mp4
CSV write row ID=3 FilePath=D:\reels-dev\mixkit\women\family\ADHD_output_reel\calming_ADHD_behavior_at_home.mp4
CSV write row ID=4 FilePath=
CSV write row ID=5 FilePath=
CSV write row ID=6 FilePath=
CSV write row ID=7 FilePath=
CSV write row ID=8 FilePath=
CSV write row ID=9 FilePath=
CSV write row ID=10 FilePath=
CSV write row ID=11 FilePath=
CSV write row ID=12 FilePath=
CSV write row ID=13 FilePath=
CSV write row ID=14 FilePath=
CSV write row ID=15 FilePath=
CSV write row ID=16 FilePath=
CSV write row ID=17 FilePath=
CSV write row ID=18 FilePath=
CSV write row ID=19 FilePath=
CSV write row ID=20 FilePath=
CSV write row ID=21 FilePath=
CSV write row ID=22 FilePath=
CSV write row ID=23 FilePath=
CSV write row ID=24 FilePath=
CSV write row ID=25 FilePath=
CSV write row ID=26 FilePath=
CSV write row ID=27 FilePath=
CSV write row ID=28 FilePath=
CSV write row ID=29 FilePath=
CSV write row ID=30 FilePath=
CSV write row ID=31 FilePath=
CSV write row ID=32 FilePath=
CSV write row ID=33 FilePath=
CSV write row ID=34 FilePath=
CSV write row ID=35 FilePath=
CSV write row ID=36 FilePath=
CSV write row ID=37 FilePath=
CSV write row ID=38 FilePath=
CSV write row ID=39 FilePath=
CSV write row ID=40 FilePath=
CSV write row ID=41 FilePath=
CSV write row ID=42 FilePath=
CSV write row ID=43 FilePath=
CSV write row ID=44 FilePath=
CSV write row ID=45 FilePath=
CSV write row ID=46 FilePath=
CSV write row ID=47 FilePath=
CSV write row ID=48 FilePath=
CSV write row ID=49 FilePath=
CSV write row ID=50 FilePath=
CSV write row ID=51 FilePath=
CSV write row ID=52 FilePath=
CSV write row ID=53 FilePath=
CSV write row ID=54 FilePath=
CSV write row ID=55 FilePath=
CSV write row ID=56 FilePath=
CSV write row ID=57 FilePath=
CSV write row ID=58 FilePath=
CSV write row ID=59 FilePath=
CSV write row ID=60 FilePath=
CSV write row ID=61 FilePath=
CSV write row ID=62 FilePath=
CSV write row ID=63 FilePath=
CSV write row ID=64 FilePath=
CSV write row ID=65 FilePath=
CSV write row ID=66 FilePath=
CSV write row ID=67 FilePath=
CSV write row ID=68 FilePath=
CSV write row ID=69 FilePath=
CSV write row ID=70 FilePath=
CSV write row ID=71 FilePath=
CSV write row ID=72 FilePath=
CSV write row ID=73 FilePath=
CSV write row ID=74 FilePath=
CSV write row ID=75 FilePath=
CSV write row ID=76 FilePath=
CSV write row ID=77 FilePath=
CSV write row ID=78 FilePath=
CSV write row ID=79 FilePath=
CSV write row ID=80 FilePath=
CSV write row ID=81 FilePath=
CSV write row ID=82 FilePath=
CSV write row ID=83 FilePath=
CSV write row ID=84 FilePath=
CSV write row ID=85 FilePath=
CSV write row ID=86 FilePath=
CSV write row ID=87 FilePath=
CSV write row ID=88 FilePath=
CSV write row ID=89 FilePath=
CSV write row ID=90 FilePath=
CSV write row ID=91 FilePath=
CSV write row ID=92 FilePath=
CSV write row ID=93 FilePath=
CSV write row ID=94 FilePath=
CSV write row ID=95 FilePath=
CSV write row ID=96 FilePath=
CSV write row ID=97 FilePath=
CSV write row ID=98 FilePath=
CSV write row ID=99 FilePath=
CSV write row ID=100 FilePath=
CSV write row ID=101 FilePath=
CSV write row ID=102 FilePath=
CSV write row ID=103 FilePath=
CSV write row ID=104 FilePath=
CSV write row ID=105 FilePath=
CSV write row ID=106 FilePath=
CSV write row ID=107 FilePath=
CSV write row ID=108 FilePath=
CSV write row ID=109 FilePath=
CSV write row ID=110 FilePath=
CSV write row ID=111 FilePath=
CSV write row ID=112 FilePath=
CSV write row ID=113 FilePath=
CSV write row ID=114 FilePath=
CSV write row ID=115 FilePath=
CSV write row ID=116 FilePath=
CSV write row ID=117 FilePath=
CSV write row ID=118 FilePath=
CSV write row ID=119 FilePath=
CSV write row ID=120 FilePath=
CSV write row ID=121 FilePath=
CSV write row ID=122 FilePath=
CSV write row ID=123 FilePath=
CSV write row ID=124 FilePath=
CSV write row ID=125 FilePath=
CSV write row ID=126 FilePath=
CSV write row ID=127 FilePath=
CSV write row ID=128 FilePath=
CSV write row ID=129 FilePath=
CSV write row ID=130 FilePath=
CSV write row ID=131 FilePath=
CSV updated: c:\software\autoreels\AutoReels\family\Calm_ADHD_Blueprint_Hooks2.csv
Thumbnail created: C:\software\autoreels\AutoReels\family\output_reel\thumbnails\2_7_day_ADHD_plan_for_parents.jpg
Starting app.py; script_dir=c:\software\autoreels\AutoReels\family
Found 2 source reels: ['4042-720.mp4', '4523-720.mp4']
Loaded 131 CSV rows; original_fieldnames=['ID', 'Hook', 'Hashtags', 'LongTailKeywords', 'FilePath']
Writing video: C:\software\autoreels\AutoReels\family\output_reel\1_ADHD_daily_routine_tips_for_children.mp4 (fps=30.0)
Created: C:\software\autoreels\AutoReels\family\output_reel\1_ADHD_daily_routine_tips_for_children.mp4
Updating CSV c:\software\autoreels\AutoReels\family\Calm_ADHD_Blueprint_Hooks2.csv with fieldnames=['ID', 'Hook', 'Hashtags', 'LongTailKeywords', 'FilePath']
CSV write row ID=1 FilePath=C:\software\autoreels\AutoReels\family\output_reel\1_ADHD_daily_routine_tips_for_children.mp4
CSV write row ID=2 FilePath=C:\software\autoreels\AutoReels\family\output_reel\2_7_day_ADHD_plan_for_parents.mp4
CSV write row ID=3 FilePath=D:\reels-dev\mixkit\women\family\ADHD_output_reel\calming_ADHD_behavior_at_home.mp4
CSV write row ID=4 FilePath=
CSV write row ID=5 FilePath=
CSV write row ID=6 FilePath=
CSV write row ID=7 FilePath=
CSV write row ID=8 FilePath=
CSV write row ID=9 FilePath=
CSV write row ID=10 FilePath=
CSV write row ID=11 FilePath=
CSV write row ID=12 FilePath=
CSV write row ID=13 FilePath=
CSV write row ID=14 FilePath=
CSV write row ID=15 FilePath=
CSV write row ID=16 FilePath=
CSV write row ID=17 FilePath=
CSV write row ID=18 FilePath=
CSV write row ID=19 FilePath=
CSV write row ID=20 FilePath=
CSV write row ID=21 FilePath=
CSV write row ID=22 FilePath=
CSV write row ID=23 FilePath=
CSV write row ID=24 FilePath=
CSV write row ID=25 FilePath=
CSV write row ID=26 FilePath=
CSV write row ID=27 FilePath=
CSV write row ID=28 FilePath=
CSV write row ID=29 FilePath=
CSV write row ID=30 FilePath=
CSV write row ID=31 FilePath=
CSV write row ID=32 FilePath=
CSV write row ID=33 FilePath=
CSV write row ID=34 FilePath=
CSV write row ID=35 FilePath=
CSV write row ID=36 FilePath=
CSV write row ID=37 FilePath=
CSV write row ID=38 FilePath=
CSV write row ID=39 FilePath=
CSV write row ID=40 FilePath=
CSV write row ID=41 FilePath=
CSV write row ID=42 FilePath=
CSV write row ID=43 FilePath=
CSV write row ID=44 FilePath=
CSV write row ID=45 FilePath=
CSV write row ID=46 FilePath=
CSV write row ID=47 FilePath=
CSV write row ID=48 FilePath=
CSV write row ID=49 FilePath=
CSV write row ID=50 FilePath=
CSV write row ID=51 FilePath=
CSV write row ID=52 FilePath=
CSV write row ID=53 FilePath=
CSV write row ID=54 FilePath=
CSV write row ID=55 FilePath=
CSV write row ID=56 FilePath=
CSV write row ID=57 FilePath=
CSV write row ID=58 FilePath=
CSV write row ID=59 FilePath=
CSV write row ID=60 FilePath=
CSV write row ID=61 FilePath=
CSV write row ID=62 FilePath=
CSV write row ID=63 FilePath=
CSV write row ID=64 FilePath=
CSV write row ID=65 FilePath=
CSV write row ID=66 FilePath=
CSV write row ID=67 FilePath=
CSV write row ID=68 FilePath=
CSV write row ID=69 FilePath=
CSV write row ID=70 FilePath=
CSV write row ID=71 FilePath=
CSV write row ID=72 FilePath=
CSV write row ID=73 FilePath=
CSV write row ID=74 FilePath=
CSV write row ID=75 FilePath=
CSV write row ID=76 FilePath=
CSV write row ID=77 FilePath=
CSV write row ID=78 FilePath=
CSV write row ID=79 FilePath=
CSV write row ID=80 FilePath=
CSV write row ID=81 FilePath=
CSV write row ID=82 FilePath=
CSV write row ID=83 FilePath=
CSV write row ID=84 FilePath=
CSV write row ID=85 FilePath=
CSV write row ID=86 FilePath=
CSV write row ID=87 FilePath=
CSV write row ID=88 FilePath=
CSV write row ID=89 FilePath=
CSV write row ID=90 FilePath=
CSV write row ID=91 FilePath=
CSV write row ID=92 FilePath=
CSV write row ID=93 FilePath=
CSV write row ID=94 FilePath=
CSV write row ID=95 FilePath=
CSV write row ID=96 FilePath=
CSV write row ID=97 FilePath=
CSV write row ID=98 FilePath=
CSV write row ID=99 FilePath=
CSV write row ID=100 FilePath=
CSV write row ID=101 FilePath=
CSV write row ID=102 FilePath=
CSV write row ID=103 FilePath=
CSV write row ID=104 FilePath=
CSV write row ID=105 FilePath=
CSV write row ID=106 FilePath=
CSV write row ID=107 FilePath=
CSV write row ID=108 FilePath=
CSV write row ID=109 FilePath=
CSV write row ID=110 FilePath=
CSV write row ID=111 FilePath=
CSV write row ID=112 FilePath=
CSV write row ID=113 FilePath=
CSV write row ID=114 FilePath=
CSV write row ID=115 FilePath=
CSV write row ID=116 FilePath=
CSV write row ID=117 FilePath=
CSV write row ID=118 FilePath=
CSV write row ID=119 FilePath=
CSV write row ID=120 FilePath=
CSV write row ID=121 FilePath=
CSV write row ID=122 FilePath=
CSV write row ID=123 FilePath=
CSV write row ID=124 FilePath=
CSV write row ID=125 FilePath=
CSV write row ID=126 FilePath=
CSV write row ID=127 FilePath=
CSV write row ID=128 FilePath=
CSV write row ID=129 FilePath=
CSV write row ID=130 FilePath=
CSV write row ID=131 FilePath=
CSV updated: c:\software\autoreels\AutoReels\family\Calm_ADHD_Blueprint_Hooks2.csv
Thumbnail created: C:\software\autoreels\AutoReels\family\output_reel\thumbnails\1_ADHD_daily_routine_tips_for_children.jpg
Writing video: C:\software\autoreels\AutoReels\family\output_reel\2_7_day_ADHD_plan_for_parents.mp4 (fps=29.97002997002997)
Created: C:\software\autoreels\AutoReels\family\output_reel\2_7_day_ADHD_plan_for_parents.mp4
Updating CSV c:\software\autoreels\AutoReels\family\Calm_ADHD_Blueprint_Hooks2.csv with fieldnames=['ID', 'Hook', 'Hashtags', 'LongTailKeywords', 'FilePath']
CSV write row ID=1 FilePath=C:\software\autoreels\AutoReels\family\output_reel\1_ADHD_daily_routine_tips_for_children.mp4
CSV write row ID=2 FilePath=C:\software\autoreels\AutoReels\family\output_reel\2_7_day_ADHD_plan_for_parents.mp4
CSV write row ID=3 FilePath=D:\reels-dev\mixkit\women\family\ADHD_output_reel\calming_ADHD_behavior_at_home.mp4
CSV write row ID=4 FilePath=
CSV write row ID=5 FilePath=
CSV write row ID=6 FilePath=
CSV write row ID=7 FilePath=
CSV write row ID=8 FilePath=
CSV write row ID=9 FilePath=
CSV write row ID=10 FilePath=
CSV write row ID=11 FilePath=
CSV write row ID=12 FilePath=
CSV write row ID=13 FilePath=
CSV write row ID=14 FilePath=
CSV write row ID=15 FilePath=
CSV write row ID=16 FilePath=
CSV write row ID=17 FilePath=
CSV write row ID=18 FilePath=
CSV write row ID=19 FilePath=
CSV write row ID=20 FilePath=
CSV write row ID=21 FilePath=
CSV write row ID=22 FilePath=
CSV write row ID=23 FilePath=
CSV write row ID=24 FilePath=
CSV write row ID=25 FilePath=
CSV write row ID=26 FilePath=
CSV write row ID=27 FilePath=
CSV write row ID=28 FilePath=
CSV write row ID=29 FilePath=
CSV write row ID=30 FilePath=
CSV write row ID=31 FilePath=
CSV write row ID=32 FilePath=
CSV write row ID=33 FilePath=
CSV write row ID=34 FilePath=
CSV write row ID=35 FilePath=
CSV write row ID=36 FilePath=
CSV write row ID=37 FilePath=
CSV write row ID=38 FilePath=
CSV write row ID=39 FilePath=
CSV write row ID=40 FilePath=
CSV write row ID=41 FilePath=
CSV write row ID=42 FilePath=
CSV write row ID=43 FilePath=
CSV write row ID=44 FilePath=
CSV write row ID=45 FilePath=
CSV write row ID=46 FilePath=
CSV write row ID=47 FilePath=
CSV write row ID=48 FilePath=
CSV write row ID=49 FilePath=
CSV write row ID=50 FilePath=
CSV write row ID=51 FilePath=
CSV write row ID=52 FilePath=
CSV write row ID=53 FilePath=
CSV write row ID=54 FilePath=
CSV write row ID=55 FilePath=
CSV write row ID=56 FilePath=
CSV write row ID=57 FilePath=
CSV write row ID=58 FilePath=
CSV write row ID=59 FilePath=
CSV write row ID=60 FilePath=
CSV write row ID=61 FilePath=
CSV write row ID=62 FilePath=
CSV write row ID=63 FilePath=
CSV write row ID=64 FilePath=
CSV write row ID=65 FilePath=
CSV write row ID=66 FilePath=
CSV write row ID=67 FilePath=
CSV write row ID=68 FilePath=
CSV write row ID=69 FilePath=
CSV write row ID=70 FilePath=
CSV write row ID=71 FilePath=
CSV write row ID=72 FilePath=
CSV write row ID=73 FilePath=
CSV write row ID=74 FilePath=
CSV write row ID=75 FilePath=
CSV write row ID=76 FilePath=
CSV write row ID=77 FilePath=
CSV write row ID=78 FilePath=
CSV write row ID=79 FilePath=
CSV write row ID=80 FilePath=
CSV write row ID=81 FilePath=
CSV write row ID=82 FilePath=
CSV write row ID=83 FilePath=
CSV write row ID=84 FilePath=
CSV write row ID=85 FilePath=
CSV write row ID=86 FilePath=
CSV write row ID=87 FilePath=
CSV write row ID=88 FilePath=
CSV write row ID=89 FilePath=
CSV write row ID=90 FilePath=
CSV write row ID=91 FilePath=
CSV write row ID=92 FilePath=
CSV write row ID=93 FilePath=
CSV write row ID=94 FilePath=
CSV write row ID=95 FilePath=
CSV write row ID=96 FilePath=
CSV write row ID=97 FilePath=
CSV write row ID=98 FilePath=
CSV write row ID=99 FilePath=
CSV write row ID=100 FilePath=
CSV write row ID=101 FilePath=
CSV write row ID=102 FilePath=
CSV write row ID=103 FilePath=
CSV write row ID=104 FilePath=
CSV write row ID=105 FilePath=
CSV write row ID=106 FilePath=
CSV write row ID=107 FilePath=
CSV write row ID=108 FilePath=
CSV write row ID=109 FilePath=
CSV write row ID=110 FilePath=
CSV write row ID=111 FilePath=
CSV write row ID=112 FilePath=
CSV write row ID=113 FilePath=
CSV write row ID=114 FilePath=
CSV write row ID=115 FilePath=
CSV write row ID=116 FilePath=
CSV write row ID=117 FilePath=
CSV write row ID=118 FilePath=
CSV write row ID=119 FilePath=
CSV write row ID=120 FilePath=
CSV write row ID=121 FilePath=
CSV write row ID=122 FilePath=
CSV write row ID=123 FilePath=
CSV write row ID=124 FilePath=
CSV write row ID=125 FilePath=
CSV write row ID=126 FilePath=
CSV write row ID=127 FilePath=
CSV write row ID=128 FilePath=
CSV write row ID=129 FilePath=
CSV write row ID=130 FilePath=
CSV write row ID=131 FilePath=
CSV updated: c:\software\autoreels\AutoReels\family\Calm_ADHD_Blueprint_Hooks2.csv
Thumbnail created: C:\software\autoreels\AutoReels\family\output_reel\thumbnails\2_7_day_ADHD_plan_for_parents.jpg
Starting app.py; script_dir=c:\software\autoreels\AutoReels\family
Found 2 source reels: ['4042-720.mp4', '4523-720.mp4']
Loaded 131 CSV rows; original_fieldnames=['ID', 'Hook', 'Hashtags', 'LongTailKeywords', 'FilePath']
Writing video: C:\software\autoreels\AutoReels\family\output_reel\1_ADHD_daily_routine_tips_for_children.mp4 (fps=30.0)
Created: C:\software\autoreels\AutoReels\family\output_reel\1_ADHD_daily_routine_tips_for_children.mp4
Updating CSV c:\software\autoreels\AutoReels\family\Calm_ADHD_Blueprint_Hooks2.csv with fieldnames=['ID', 'Hook', 'Hashtags', 'LongTailKeywords', 'FilePath']
CSV write row ID=1 FilePath=C:\software\autoreels\AutoReels\family\output_reel\1_ADHD_daily_routine_tips_for_children.mp4
CSV write row ID=2 FilePath=C:\software\autoreels\AutoReels\family\output_reel\2_7_day_ADHD_plan_for_parents.mp4
CSV write row ID=3 FilePath=D:\reels-dev\mixkit\women\family\ADHD_output_reel\calming_ADHD_behavior_at_home.mp4
CSV write row ID=4 FilePath=
CSV write row ID=5 FilePath=
CSV write row ID=6 FilePath=
CSV write row ID=7 FilePath=
CSV write row ID=8 FilePath=
CSV write row ID=9 FilePath=
CSV write row ID=10 FilePath=
CSV write row ID=11 FilePath=
CSV write row ID=12 FilePath=
CSV write row ID=13 FilePath=
CSV write row ID=14 FilePath=
CSV write row ID=15 FilePath=
CSV write row ID=16 FilePath=
CSV write row ID=17 FilePath=
CSV write row ID=18 FilePath=
CSV write row ID=19 FilePath=
CSV write row ID=20 FilePath=
CSV write row ID=21 FilePath=
CSV write row ID=22 FilePath=
CSV write row ID=23 FilePath=
CSV write row ID=24 FilePath=
CSV write row ID=25 FilePath=
CSV write row ID=26 FilePath=
CSV write row ID=27 FilePath=
CSV write row ID=28 FilePath=
CSV write row ID=29 FilePath=
CSV write row ID=30 FilePath=
CSV write row ID=31 FilePath=
CSV write row ID=32 FilePath=
CSV write row ID=33 FilePath=
CSV write row ID=34 FilePath=
CSV write row ID=35 FilePath=
CSV write row ID=36 FilePath=
CSV write row ID=37 FilePath=
CSV write row ID=38 FilePath=
CSV write row ID=39 FilePath=
CSV write row ID=40 FilePath=
CSV write row ID=41 FilePath=
CSV write row ID=42 FilePath=
CSV write row ID=43 FilePath=
CSV write row ID=44 FilePath=
CSV write row ID=45 FilePath=
CSV write row ID=46 FilePath=
CSV write row ID=47 FilePath=
CSV write row ID=48 FilePath=
CSV write row ID=49 FilePath=
CSV write row ID=50 FilePath=
CSV write row ID=51 FilePath=
CSV write row ID=52 FilePath=
CSV write row ID=53 FilePath=
CSV write row ID=54 FilePath=
CSV write row ID=55 FilePath=
CSV write row ID=56 FilePath=
CSV write row ID=57 FilePath=
CSV write row ID=58 FilePath=
CSV write row ID=59 FilePath=
CSV write row ID=60 FilePath=
CSV write row ID=61 FilePath=
CSV write row ID=62 FilePath=
CSV write row ID=63 FilePath=
CSV write row ID=64 FilePath=
CSV write row ID=65 FilePath=
CSV write row ID=66 FilePath=
CSV write row ID=67 FilePath=
CSV write row ID=68 FilePath=
CSV write row ID=69 FilePath=
CSV write row ID=70 FilePath=
CSV write row ID=71 FilePath=
CSV write row ID=72 FilePath=
CSV write row ID=73 FilePath=
CSV write row ID=74 FilePath=
CSV write row ID=75 FilePath=
CSV write row ID=76 FilePath=
CSV write row ID=77 FilePath=
CSV write row ID=78 FilePath=
CSV write row ID=79 FilePath=
CSV write row ID=80 FilePath=
CSV write row ID=81 FilePath=
CSV write row ID=82 FilePath=
CSV write row ID=83 FilePath=
CSV write row ID=84 FilePath=
CSV write row ID=85 FilePath=
CSV write row ID=86 FilePath=
CSV write row ID=87 FilePath=
CSV write row ID=88 FilePath=
CSV write row ID=89 FilePath=
CSV write row ID=90 FilePath=
CSV write row ID=91 FilePath=
CSV write row ID=92 FilePath=
CSV write row ID=93 FilePath=
CSV write row ID=94 FilePath=
CSV write row ID=95 FilePath=
CSV write row ID=96 FilePath=
CSV write row ID=97 FilePath=
CSV write row ID=98 FilePath=
CSV write row ID=99 FilePath=
CSV write row ID=100 FilePath=
CSV write row ID=101 FilePath=
CSV write row ID=102 FilePath=
CSV write row ID=103 FilePath=
CSV write row ID=104 FilePath=
CSV write row ID=105 FilePath=
CSV write row ID=106 FilePath=
CSV write row ID=107 FilePath=
CSV write row ID=108 FilePath=
CSV write row ID=109 FilePath=
CSV write row ID=110 FilePath=
CSV write row ID=111 FilePath=
CSV write row ID=112 FilePath=
CSV write row ID=113 FilePath=
CSV write row ID=114 FilePath=
CSV write row ID=115 FilePath=
CSV write row ID=116 FilePath=
CSV write row ID=117 FilePath=
CSV write row ID=118 FilePath=
CSV write row ID=119 FilePath=
CSV write row ID=120 FilePath=
CSV write row ID=121 FilePath=
CSV write row ID=122 FilePath=
CSV write row ID=123 FilePath=
CSV write row ID=124 FilePath=
CSV write row ID=125 FilePath=
CSV write row ID=126 FilePath=
CSV write row ID=127 FilePath=
CSV write row ID=128 FilePath=
CSV write row ID=129 FilePath=
CSV write row ID=130 FilePath=
CSV write row ID=131 FilePath=
CSV updated: c:\software\autoreels\AutoReels\family\Calm_ADHD_Blueprint_Hooks2.csv
Thumbnail created: C:\software\autoreels\AutoReels\family\output_reel\thumbnails\1_ADHD_daily_routine_tips_for_children.jpg
Writing video: C:\software\autoreels\AutoReels\family\output_reel\2_7_day_ADHD_plan_for_parents.mp4 (fps=29.97002997002997)
Created: C:\software\autoreels\AutoReels\family\output_reel\2_7_day_ADHD_plan_for_parents.mp4
Updating CSV c:\software\autoreels\AutoReels\family\Calm_ADHD_Blueprint_Hooks2.csv with fieldnames=['ID', 'Hook', 'Hashtags', 'LongTailKeywords', 'FilePath']
CSV write row ID=1 FilePath=C:\software\autoreels\AutoReels\family\output_reel\1_ADHD_daily_routine_tips_for_children.mp4
CSV write row ID=2 FilePath=C:\software\autoreels\AutoReels\family\output_reel\2_7_day_ADHD_plan_for_parents.mp4
CSV write row ID=3 FilePath=D:\reels-dev\mixkit\women\family\ADHD_output_reel\calming_ADHD_behavior_at_home.mp4
CSV write row ID=4 FilePath=
CSV write row ID=5 FilePath=
CSV write row ID=6 FilePath=
CSV write row ID=7 FilePath=
CSV write row ID=8 FilePath=
CSV write row ID=9 FilePath=
CSV write row ID=10 FilePath=
CSV write row ID=11 FilePath=
CSV write row ID=12 FilePath=
CSV write row ID=13 FilePath=
CSV write row ID=14 FilePath=
CSV write row ID=15 FilePath=
CSV write row ID=16 FilePath=
CSV write row ID=17 FilePath=
CSV write row ID=18 FilePath=
CSV write row ID=19 FilePath=
CSV write row ID=20 FilePath=
CSV write row ID=21 FilePath=
CSV write row ID=22 FilePath=
CSV write row ID=23 FilePath=
CSV write row ID=24 FilePath=
CSV write row ID=25 FilePath=
CSV write row ID=26 FilePath=
CSV write row ID=27 FilePath=
CSV write row ID=28 FilePath=
CSV write row ID=29 FilePath=
CSV write row ID=30 FilePath=
CSV write row ID=31 FilePath=
CSV write row ID=32 FilePath=
CSV write row ID=33 FilePath=
CSV write row ID=34 FilePath=
CSV write row ID=35 FilePath=
CSV write row ID=36 FilePath=
CSV write row ID=37 FilePath=
CSV write row ID=38 FilePath=
CSV write row ID=39 FilePath=
CSV write row ID=40 FilePath=
CSV write row ID=41 FilePath=
CSV write row ID=42 FilePath=
CSV write row ID=43 FilePath=
CSV write row ID=44 FilePath=
CSV write row ID=45 FilePath=
CSV write row ID=46 FilePath=
CSV write row ID=47 FilePath=
CSV write row ID=48 FilePath=
CSV write row ID=49 FilePath=
CSV write row ID=50 FilePath=
CSV write row ID=51 FilePath=
CSV write row ID=52 FilePath=
CSV write row ID=53 FilePath=
CSV write row ID=54 FilePath=
CSV write row ID=55 FilePath=
CSV write row ID=56 FilePath=
CSV write row ID=57 FilePath=
CSV write row ID=58 FilePath=
CSV write row ID=59 FilePath=
CSV write row ID=60 FilePath=
CSV write row ID=61 FilePath=
CSV write row ID=62 FilePath=
CSV write row ID=63 FilePath=
CSV write row ID=64 FilePath=
CSV write row ID=65 FilePath=
CSV write row ID=66 FilePath=
CSV write row ID=67 FilePath=
CSV write row ID=68 FilePath=
CSV write row ID=69 FilePath=
CSV write row ID=70 FilePath=
CSV write row ID=71 FilePath=
CSV write row ID=72 FilePath=
CSV write row ID=73 FilePath=
CSV write row ID=74 FilePath=
CSV write row ID=75 FilePath=
CSV write row ID=76 FilePath=
CSV write row ID=77 FilePath=
CSV write row ID=78 FilePath=
CSV write row ID=79 FilePath=
CSV write row ID=80 FilePath=
CSV write row ID=81 FilePath=
CSV write row ID=82 FilePath=
CSV write row ID=83 FilePath=
CSV write row ID=84 FilePath=
CSV write row ID=85 FilePath=
CSV write row ID=86 FilePath=
CSV write row ID=87 FilePath=
CSV write row ID=88 FilePath=
CSV write row ID=89 FilePath=
CSV write row ID=90 FilePath=
CSV write row ID=91 FilePath=
CSV write row ID=92 FilePath=
CSV write row ID=93 FilePath=
CSV write row ID=94 FilePath=
CSV write row ID=95 FilePath=
CSV write row ID=96 FilePath=
CSV write row ID=97 FilePath=
CSV write row ID=98 FilePath=
CSV write row ID=99 FilePath=
CSV write row ID=100 FilePath=
CSV write row ID=101 FilePath=
CSV write row ID=102 FilePath=
CSV write row ID=103 FilePath=
CSV write row ID=104 FilePath=
CSV write row ID=105 FilePath=
CSV write row ID=106 FilePath=
CSV write row ID=107 FilePath=
CSV write row ID=108 FilePath=
CSV write row ID=109 FilePath=
CSV write row ID=110 FilePath=
CSV write row ID=111 FilePath=
CSV write row ID=112 FilePath=
CSV write row ID=113 FilePath=
CSV write row ID=114 FilePath=
CSV write row ID=115 FilePath=
CSV write row ID=116 FilePath=
CSV write row ID=117 FilePath=
CSV write row ID=118 FilePath=
CSV write row ID=119 FilePath=
CSV write row ID=120 FilePath=
CSV write row ID=121 FilePath=
CSV write row ID=122 FilePath=
CSV write row ID=123 FilePath=
CSV write row ID=124 FilePath=
CSV write row ID=125 FilePath=
CSV write row ID=126 FilePath=
CSV write row ID=127 FilePath=
CSV write row ID=128 FilePath=
CSV write row ID=129 FilePath=
CSV write row ID=130 FilePath=
CSV write row ID=131 FilePath=
CSV updated: c:\software\autoreels\AutoReels\family\Calm_ADHD_Blueprint_Hooks2.csv
Thumbnail created: C:\software\autoreels\AutoReels\family\output_reel\thumbnails\2_7_day_ADHD_plan_for_parents.jpg
Starting app.py; script_dir=c:\software\autoreels\AutoReels\family
Found 2 source reels: ['4042-720.mp4', '4523-720.mp4']
Loaded 131 CSV rows; original_fieldnames=['ID', 'Hook', 'Hashtags', 'LongTailKeywords', 'FilePath']
Writing video: C:\software\autoreels\AutoReels\family\output_reel\1_ADHD_daily_routine_tips_for_children.mp4 (fps=30.0)
Created: C:\software\autoreels\AutoReels\family\output_reel\1_ADHD_daily_routine_tips_for_children.mp4
Updating CSV c:\software\autoreels\AutoReels\family\Calm_ADHD_Blueprint_Hooks2.csv with fieldnames=['ID', 'Hook', 'Hashtags', 'LongTailKeywords', 'FilePath']
CSV write row ID=1 FilePath=C:\software\autoreels\AutoReels\family\output_reel\1_ADHD_daily_routine_tips_for_children.mp4
CSV write row ID=2 FilePath=C:\software\autoreels\AutoReels\family\output_reel\2_7_day_ADHD_plan_for_parents.mp4
CSV write row ID=3 FilePath=D:\reels-dev\mixkit\women\family\ADHD_output_reel\calming_ADHD_behavior_at_home.mp4
CSV write row ID=4 FilePath=
CSV write row ID=5 FilePath=
CSV write row ID=6 FilePath=
CSV write row ID=7 FilePath=
CSV write row ID=8 FilePath=
CSV write row ID=9 FilePath=
CSV write row ID=10 FilePath=
CSV write row ID=11 FilePath=
CSV write row ID=12 FilePath=
CSV write row ID=13 FilePath=
CSV write row ID=14 FilePath=
CSV write row ID=15 FilePath=
CSV write row ID=16 FilePath=
CSV write row ID=17 FilePath=
CSV write row ID=18 FilePath=
CSV write row ID=19 FilePath=
CSV write row ID=20 FilePath=
CSV write row ID=21 FilePath=
CSV write row ID=22 FilePath=
CSV write row ID=23 FilePath=
CSV write row ID=24 FilePath=
CSV write row ID=25 FilePath=
CSV write row ID=26 FilePath=
CSV write row ID=27 FilePath=
CSV write row ID=28 FilePath=
CSV write row ID=29 FilePath=
CSV write row ID=30 FilePath=
CSV write row ID=31 FilePath=
CSV write row ID=32 FilePath=
CSV write row ID=33 FilePath=
CSV write row ID=34 FilePath=
CSV write row ID=35 FilePath=
CSV write row ID=36 FilePath=
CSV write row ID=37 FilePath=
CSV write row ID=38 FilePath=
CSV write row ID=39 FilePath=
CSV write row ID=40 FilePath=
CSV write row ID=41 FilePath=
CSV write row ID=42 FilePath=
CSV write row ID=43 FilePath=
CSV write row ID=44 FilePath=
CSV write row ID=45 FilePath=
CSV write row ID=46 FilePath=
CSV write row ID=47 FilePath=
CSV write row ID=48 FilePath=
CSV write row ID=49 FilePath=
CSV write row ID=50 FilePath=
CSV write row ID=51 FilePath=
CSV write row ID=52 FilePath=
CSV write row ID=53 FilePath=
CSV write row ID=54 FilePath=
CSV write row ID=55 FilePath=
CSV write row ID=56 FilePath=
CSV write row ID=57 FilePath=
CSV write row ID=58 FilePath=
CSV write row ID=59 FilePath=
CSV write row ID=60 FilePath=
CSV write row ID=61 FilePath=
CSV write row ID=62 FilePath=
CSV write row ID=63 FilePath=
CSV write row ID=64 FilePath=
CSV write row ID=65 FilePath=
CSV write row ID=66 FilePath=
CSV write row ID=67 FilePath=
CSV write row ID=68 FilePath=
CSV write row ID=69 FilePath=
CSV write row ID=70 FilePath=
CSV write row ID=71 FilePath=
CSV write row ID=72 FilePath=
CSV write row ID=73 FilePath=
CSV write row ID=74 FilePath=
CSV write row ID=75 FilePath=
CSV write row ID=76 FilePath=
CSV write row ID=77 FilePath=
CSV write row ID=78 FilePath=
CSV write row ID=79 FilePath=
CSV write row ID=80 FilePath=
CSV write row ID=81 FilePath=
CSV write row ID=82 FilePath=
CSV write row ID=83 FilePath=
CSV write row ID=84 FilePath=
CSV write row ID=85 FilePath=
CSV write row ID=86 FilePath=
CSV write row ID=87 FilePath=
CSV write row ID=88 FilePath=
CSV write row ID=89 FilePath=
CSV write row ID=90 FilePath=
CSV write row ID=91 FilePath=
CSV write row ID=92 FilePath=
CSV write row ID=93 FilePath=
CSV write row ID=94 FilePath=
CSV write row ID=95 FilePath=
CSV write row ID=96 FilePath=
CSV write row ID=97 FilePath=
CSV write row ID=98 FilePath=
CSV write row ID=99 FilePath=
CSV write row ID=100 FilePath=
CSV write row ID=101 FilePath=
CSV write row ID=102 FilePath=
CSV write row ID=103 FilePath=
CSV write row ID=104 FilePath=
CSV write row ID=105 FilePath=
CSV write row ID=106 FilePath=
CSV write row ID=107 FilePath=
CSV write row ID=108 FilePath=
CSV write row ID=109 FilePath=
CSV write row ID=110 FilePath=
CSV write row ID=111 FilePath=
CSV write row ID=112 FilePath=
CSV write row ID=113 FilePath=
CSV write row ID=114 FilePath=
CSV write row ID=115 FilePath=
CSV write row ID=116 FilePath=
CSV write row ID=117 FilePath=
CSV write row ID=118 FilePath=
CSV write row ID=119 FilePath=
CSV write row ID=120 FilePath=
CSV write row ID=121 FilePath=
CSV write row ID=122 FilePath=
CSV write row ID=123 FilePath=
CSV write row ID=124 FilePath=
CSV write row ID=125 FilePath=
CSV write row ID=126 FilePath=
CSV write row ID=127 FilePath=
CSV write row ID=128 FilePath=
CSV write row ID=129 FilePath=
CSV write row ID=130 FilePath=
CSV write row ID=131 FilePath=
CSV updated: c:\software\autoreels\AutoReels\family\Calm_ADHD_Blueprint_Hooks2.csv
Thumbnail created: C:\software\autoreels\AutoReels\family\output_reel\thumbnails\1_ADHD_daily_routine_tips_for_children.jpg
Writing video: C:\software\autoreels\AutoReels\family\output_reel\2_7_day_ADHD_plan_for_parents.mp4 (fps=29.97002997002997)
Created: C:\software\autoreels\AutoReels\family\output_reel\2_7_day_ADHD_plan_for_parents.mp4
Updating CSV c:\software\autoreels\AutoReels\family\Calm_ADHD_Blueprint_Hooks2.csv with fieldnames=['ID', 'Hook', 'Hashtags', 'LongTailKeywords', 'FilePath']
CSV write row ID=1 FilePath=C:\software\autoreels\AutoReels\family\output_reel\1_ADHD_daily_routine_tips_for_children.mp4
CSV write row ID=2 FilePath=C:\software\autoreels\AutoReels\family\output_reel\2_7_day_ADHD_plan_for_parents.mp4
CSV write row ID=3 FilePath=D:\reels-dev\mixkit\women\family\ADHD_output_reel\calming_ADHD_behavior_at_home.mp4
CSV write row ID=4 FilePath=
CSV write row ID=5 FilePath=
CSV write row ID=6 FilePath=
CSV write row ID=7 FilePath=
CSV write row ID=8 FilePath=
CSV write row ID=9 FilePath=
CSV write row ID=10 FilePath=
CSV write row ID=11 FilePath=
CSV write row ID=12 FilePath=
CSV write row ID=13 FilePath=
CSV write row ID=14 FilePath=
CSV write row ID=15 FilePath=
CSV write row ID=16 FilePath=
CSV write row ID=17 FilePath=
CSV write row ID=18 FilePath=
CSV write row ID=19 FilePath=
CSV write row ID=20 FilePath=
CSV write row ID=21 FilePath=
CSV write row ID=22 FilePath=
CSV write row ID=23 FilePath=
CSV write row ID=24 FilePath=
CSV write row ID=25 FilePath=
CSV write row ID=26 FilePath=
CSV write row ID=27 FilePath=
CSV write row ID=28 FilePath=
CSV write row ID=29 FilePath=
CSV write row ID=30 FilePath=
CSV write row ID=31 FilePath=
CSV write row ID=32 FilePath=
CSV write row ID=33 FilePath=
CSV write row ID=34 FilePath=
CSV write row ID=35 FilePath=
CSV write row ID=36 FilePath=
CSV write row ID=37 FilePath=
CSV write row ID=38 FilePath=
CSV write row ID=39 FilePath=
CSV write row ID=40 FilePath=
CSV write row ID=41 FilePath=
CSV write row ID=42 FilePath=
CSV write row ID=43 FilePath=
CSV write row ID=44 FilePath=
CSV write row ID=45 FilePath=
CSV write row ID=46 FilePath=
CSV write row ID=47 FilePath=
CSV write row ID=48 FilePath=
CSV write row ID=49 FilePath=
CSV write row ID=50 FilePath=
CSV write row ID=51 FilePath=
CSV write row ID=52 FilePath=
CSV write row ID=53 FilePath=
CSV write row ID=54 FilePath=
CSV write row ID=55 FilePath=
CSV write row ID=56 FilePath=
CSV write row ID=57 FilePath=
CSV write row ID=58 FilePath=
CSV write row ID=59 FilePath=
CSV write row ID=60 FilePath=
CSV write row ID=61 FilePath=
CSV write row ID=62 FilePath=
CSV write row ID=63 FilePath=
CSV write row ID=64 FilePath=
CSV write row ID=65 FilePath=
CSV write row ID=66 FilePath=
CSV write row ID=67 FilePath=
CSV write row ID=68 FilePath=
CSV write row ID=69 FilePath=
CSV write row ID=70 FilePath=
CSV write row ID=71 FilePath=
CSV write row ID=72 FilePath=
CSV write row ID=73 FilePath=
CSV write row ID=74 FilePath=
CSV write row ID=75 FilePath=
CSV write row ID=76 FilePath=
CSV write row ID=77 FilePath=
CSV write row ID=78 FilePath=
CSV write row ID=79 FilePath=
CSV write row ID=80 FilePath=
CSV write row ID=81 FilePath=
CSV write row ID=82 FilePath=
CSV write row ID=83 FilePath=
CSV write row ID=84 FilePath=
CSV write row ID=85 FilePath=
CSV write row ID=86 FilePath=
CSV write row ID=87 FilePath=
CSV write row ID=88 FilePath=
CSV write row ID=89 FilePath=
CSV write row ID=90 FilePath=
CSV write row ID=91 FilePath=
CSV write row ID=92 FilePath=
CSV write row ID=93 FilePath=
CSV write row ID=94 FilePath=
CSV write row ID=95 FilePath=
CSV write row ID=96 FilePath=
CSV write row ID=97 FilePath=
CSV write row ID=98 FilePath=
CSV write row ID=99 FilePath=
CSV write row ID=100 FilePath=
CSV write row ID=101 FilePath=
CSV write row ID=102 FilePath=
CSV write row ID=103 FilePath=
CSV write row ID=104 FilePath=
CSV write row ID=105 FilePath=
CSV write row ID=106 FilePath=
CSV write row ID=107 FilePath=
CSV write row ID=108 FilePath=
CSV write row ID=109 FilePath=
CSV write row ID=110 FilePath=
CSV write row ID=111 FilePath=
CSV write row ID=112 FilePath=
CSV write row ID=113 FilePath=
CSV write row ID=114 FilePath=
CSV write row ID=115 FilePath=
CSV write row ID=116 FilePath=
CSV write row ID=117 FilePath=
CSV write row ID=118 FilePath=
CSV write row ID=119 FilePath=
CSV write row ID=120 FilePath=
CSV write row ID=121 FilePath=
CSV write row ID=122 FilePath=
CSV write row ID=123 FilePath=
CSV write row ID=124 FilePath=
CSV write row ID=125 FilePath=
CSV write row ID=126 FilePath=
CSV write row ID=127 FilePath=
CSV write row ID=128 FilePath=
CSV write row ID=129 FilePath=
CSV write row ID=130 FilePath=
CSV write row ID=131 FilePath=
CSV updated: c:\software\autoreels\AutoReels\family\Calm_ADHD_Blueprint_Hooks2.csv
Thumbnail created: C:\software\autoreels\AutoReels\family\output_reel\thumbnails\2_7_day_ADHD_plan_for_parents.jpg
Starting app.py; script_dir=c:\software\autoreels\AutoReels\family
Found 2 source reels: ['4042-720.mp4', '4523-720.mp4']
Loaded 131 CSV rows; original_fieldnames=['ID', 'Hook', 'Hashtags', 'LongTailKeywords', 'FilePath']
Writing video: C:\software\autoreels\AutoReels\family\output_reel\1_ADHD_daily_routine_tips_for_children.mp4 (fps=30.0)
Starting app.py; script_dir=c:\software\autoreels\AutoReels\family
Loaded 131 rows from CSV
Found 2 video files in C:\software\autoreels\AutoReels\family\reels
First 5 video files: ['4042-720.mp4', '4523-720.mp4']
  Input video: C:\software\autoreels\AutoReels\family\reels\4042-720.mp4
Processing row 1/131: ID=1
  Removed existing file to regenerate
Video duration adjustment failed: 'VideoFileClip' object has no attribute 'subclip'
Audio duration adjustment failed: 'AudioFileClip' object has no attribute 'subclip'
Final video duration set to: 15.0s (actual: 15.0s)
Created: C:\software\autoreels\AutoReels\family\output_reel\1_ADHD_daily_routine_tips_for_children.mp4
Updating CSV: row 1 FilePath = C:\software\autoreels\AutoReels\family\output_reel\1_ADHD_daily_routine_tips_for_children.mp4
Wrote 131 rows to temp CSV: C:\software\autoreels\AutoReels\family\Calm_ADHD_Blueprint_Hooks2.csv.tmp
CSV file updated successfully: C:\software\autoreels\AutoReels\family\Calm_ADHD_Blueprint_Hooks2.csv
Thumbnail created: C:\software\autoreels\AutoReels\family\output_reel\thumbnails\1_ADHD_daily_routine_tips_for_children.jpg
CSV updated with FilePath: C:\software\autoreels\AutoReels\family\output_reel\1_ADHD_daily_routine_tips_for_children.mp4
  Input video: C:\software\autoreels\AutoReels\family\reels\4523-720.mp4
Processing row 2/131: ID=2
  Removed existing file to regenerate
Video loop failed, keeping original duration: 13.01s
Audio duration adjustment failed: 'AudioFileClip' object has no attribute 'subclip'
Final video duration set to: 15.0s (actual: 15.0s)
Created: C:\software\autoreels\AutoReels\family\output_reel\2_7_day_ADHD_plan_for_parents.mp4
Updating CSV: row 2 FilePath = C:\software\autoreels\AutoReels\family\output_reel\2_7_day_ADHD_plan_for_parents.mp4
Wrote 131 rows to temp CSV: C:\software\autoreels\AutoReels\family\Calm_ADHD_Blueprint_Hooks2.csv.tmp
CSV file updated successfully: C:\software\autoreels\AutoReels\family\Calm_ADHD_Blueprint_Hooks2.csv
Thumbnail created: C:\software\autoreels\AutoReels\family\output_reel\thumbnails\2_7_day_ADHD_plan_for_parents.jpg
CSV updated with FilePath: C:\software\autoreels\AutoReels\family\output_reel\2_7_day_ADHD_plan_for_parents.mp4
No video available for row 3 (ID=3) - skipping
No video available for row 4 (ID=4) - skipping
No video available for row 5 (ID=5) - skipping
No video available for row 6 (ID=6) - skipping
No video available for row 7 (ID=7) - skipping
No video available for row 8 (ID=8) - skipping
No video available for row 9 (ID=9) - skipping
No video available for row 10 (ID=10) - skipping
No video available for row 11 (ID=11) - skipping
No video available for row 12 (ID=12) - skipping
No video available for row 13 (ID=13) - skipping
No video available for row 14 (ID=14) - skipping
No video available for row 15 (ID=15) - skipping
No video available for row 16 (ID=16) - skipping
No video available for row 17 (ID=17) - skipping
No video available for row 18 (ID=18) - skipping
No video available for row 19 (ID=19) - skipping
No video available for row 20 (ID=20) - skipping
No video available for row 21 (ID=21) - skipping
No video available for row 22 (ID=22) - skipping
No video available for row 23 (ID=23) - skipping
No video available for row 24 (ID=24) - skipping
No video available for row 25 (ID=25) - skipping
No video available for row 26 (ID=26) - skipping
No video available for row 27 (ID=27) - skipping
No video available for row 28 (ID=28) - skipping
No video available for row 29 (ID=29) - skipping
No video available for row 30 (ID=30) - skipping
No video available for row 31 (ID=31) - skipping
No video available for row 32 (ID=32) - skipping
No video available for row 33 (ID=33) - skipping
No video available for row 34 (ID=34) - skipping
No video available for row 35 (ID=35) - skipping
No video available for row 36 (ID=36) - skipping
No video available for row 37 (ID=37) - skipping
No video available for row 38 (ID=38) - skipping
No video available for row 39 (ID=39) - skipping
No video available for row 40 (ID=40) - skipping
No video available for row 41 (ID=41) - skipping
No video available for row 42 (ID=42) - skipping
No video available for row 43 (ID=43) - skipping
No video available for row 44 (ID=44) - skipping
No video available for row 45 (ID=45) - skipping
No video available for row 46 (ID=46) - skipping
No video available for row 47 (ID=47) - skipping
No video available for row 48 (ID=48) - skipping
No video available for row 49 (ID=49) - skipping
No video available for row 50 (ID=50) - skipping
No video available for row 51 (ID=51) - skipping
No video available for row 52 (ID=52) - skipping
No video available for row 53 (ID=53) - skipping
No video available for row 54 (ID=54) - skipping
No video available for row 55 (ID=55) - skipping
No video available for row 56 (ID=56) - skipping
No video available for row 57 (ID=57) - skipping
No video available for row 58 (ID=58) - skipping
No video available for row 59 (ID=59) - skipping
No video available for row 60 (ID=60) - skipping
No video available for row 61 (ID=61) - skipping
No video available for row 62 (ID=62) - skipping
No video available for row 63 (ID=63) - skipping
No video available for row 64 (ID=64) - skipping
No video available for row 65 (ID=65) - skipping
No video available for row 66 (ID=66) - skipping
No video available for row 67 (ID=67) - skipping
No video available for row 68 (ID=68) - skipping
No video available for row 69 (ID=69) - skipping
No video available for row 70 (ID=70) - skipping
No video available for row 71 (ID=71) - skipping
No video available for row 72 (ID=72) - skipping
No video available for row 73 (ID=73) - skipping
No video available for row 74 (ID=74) - skipping
No video available for row 75 (ID=75) - skipping
No video available for row 76 (ID=76) - skipping
No video available for row 77 (ID=77) - skipping
No video available for row 78 (ID=78) - skipping
No video available for row 79 (ID=79) - skipping
No video available for row 80 (ID=80) - skipping
No video available for row 81 (ID=81) - skipping
No video available for row 82 (ID=82) - skipping
No video available for row 83 (ID=83) - skipping
No video available for row 84 (ID=84) - skipping
No video available for row 85 (ID=85) - skipping
No video available for row 86 (ID=86) - skipping
No video available for row 87 (ID=87) - skipping
No video available for row 88 (ID=88) - skipping
No video available for row 89 (ID=89) - skipping
No video available for row 90 (ID=90) - skipping
No video available for row 91 (ID=91) - skipping
No video available for row 92 (ID=92) - skipping
No video available for row 93 (ID=93) - skipping
No video available for row 94 (ID=94) - skipping
No video available for row 95 (ID=95) - skipping
No video available for row 96 (ID=96) - skipping
No video available for row 97 (ID=97) - skipping
No video available for row 98 (ID=98) - skipping
No video available for row 99 (ID=99) - skipping
No video available for row 100 (ID=100) - skipping
No video available for row 101 (ID=101) - skipping
No video available for row 102 (ID=102) - skipping
No video available for row 103 (ID=103) - skipping
No video available for row 104 (ID=104) - skipping
No video available for row 105 (ID=105) - skipping
No video available for row 106 (ID=106) - skipping
No video available for row 107 (ID=107) - skipping
No video available for row 108 (ID=108) - skipping
No video available for row 109 (ID=109) - skipping
No video available for row 110 (ID=110) - skipping
No video available for row 111 (ID=111) - skipping
No video available for row 112 (ID=112) - skipping
No video available for row 113 (ID=113) - skipping
No video available for row 114 (ID=114) - skipping
No video available for row 115 (ID=115) - skipping
No video available for row 116 (ID=116) - skipping
No video available for row 117 (ID=117) - skipping
No video available for row 118 (ID=118) - skipping
No video available for row 119 (ID=119) - skipping
No video available for row 120 (ID=120) - skipping
No video available for row 121 (ID=121) - skipping
No video available for row 122 (ID=122) - skipping
No video available for row 123 (ID=123) - skipping
No video available for row 124 (ID=124) - skipping
No video available for row 125 (ID=125) - skipping
No video available for row 126 (ID=126) - skipping
No video available for row 127 (ID=127) - skipping
No video available for row 128 (ID=128) - skipping
No video available for row 129 (ID=129) - skipping
No video available for row 130 (ID=130) - skipping
No video available for row 131 (ID=131) - skipping

============================================================
Processing complete!
Total rows in CSV: 131
Total video files available: 2
Check C:\software\autoreels\AutoReels\family\output_reel for output videos
Check C:\software\autoreels\AutoReels\family\output_reel\thumbnails for thumbnails
Check C:\software\autoreels\AutoReels\family\Calm_ADHD_Blueprint_Hooks2.csv for updated FilePath column
============================================================
Starting app.py; script_dir=c:\software\autoreels\AutoReels\family
Loaded 131 rows from CSV
Found 2 video files in C:\software\autoreels\AutoReels\family\reels
First 5 video files: ['4042-720.mp4', '4523-720.mp4']
  Input video: C:\software\autoreels\AutoReels\family\reels\4042-720.mp4
Processing row 1/131: ID=1
Video duration adjustment failed: 'VideoFileClip' object has no attribute 'subclip'
Audio duration adjustment failed: 'AudioFileClip' object has no attribute 'subclip'
Final video duration set to: 15.0s (actual: 15.0s)
Created: D:\reels-dev\mixkit\output_reel_ADHD\1_ADHD_daily_routine_tips_for_children.mp4
Updating CSV: row 1 FilePath = D:\reels-dev\mixkit\output_reel_ADHD\1_ADHD_daily_routine_tips_for_children.mp4
Wrote 131 rows to temp CSV: C:\software\autoreels\AutoReels\family\Calm_ADHD_Blueprint_Hooks2.csv.tmp
CSV file updated successfully: C:\software\autoreels\AutoReels\family\Calm_ADHD_Blueprint_Hooks2.csv
Thumbnail created: D:\reels-dev\mixkit\output_reel_ADHD\thumbnails\1_ADHD_daily_routine_tips_for_children.jpg
CSV updated with FilePath: D:\reels-dev\mixkit\output_reel_ADHD\1_ADHD_daily_routine_tips_for_children.mp4
  Input video: C:\software\autoreels\AutoReels\family\reels\4523-720.mp4
Processing row 2/131: ID=2
Video loop failed, keeping original duration: 13.01s
Audio duration adjustment failed: 'AudioFileClip' object has no attribute 'subclip'
Final video duration set to: 15.0s (actual: 15.0s)
Created: D:\reels-dev\mixkit\output_reel_ADHD\2_7_day_ADHD_plan_for_parents.mp4
Updating CSV: row 2 FilePath = D:\reels-dev\mixkit\output_reel_ADHD\2_7_day_ADHD_plan_for_parents.mp4
Wrote 131 rows to temp CSV: C:\software\autoreels\AutoReels\family\Calm_ADHD_Blueprint_Hooks2.csv.tmp
CSV file updated successfully: C:\software\autoreels\AutoReels\family\Calm_ADHD_Blueprint_Hooks2.csv
Thumbnail created: D:\reels-dev\mixkit\output_reel_ADHD\thumbnails\2_7_day_ADHD_plan_for_parents.jpg
CSV updated with FilePath: D:\reels-dev\mixkit\output_reel_ADHD\2_7_day_ADHD_plan_for_parents.mp4
No video available for row 3 (ID=3) - skipping
No video available for row 4 (ID=4) - skipping
No video available for row 5 (ID=5) - skipping
No video available for row 6 (ID=6) - skipping
No video available for row 7 (ID=7) - skipping
No video available for row 8 (ID=8) - skipping
No video available for row 9 (ID=9) - skipping
No video available for row 10 (ID=10) - skipping
No video available for row 11 (ID=11) - skipping
No video available for row 12 (ID=12) - skipping
No video available for row 13 (ID=13) - skipping
No video available for row 14 (ID=14) - skipping
No video available for row 15 (ID=15) - skipping
No video available for row 16 (ID=16) - skipping
No video available for row 17 (ID=17) - skipping
No video available for row 18 (ID=18) - skipping
No video available for row 19 (ID=19) - skipping
No video available for row 20 (ID=20) - skipping
No video available for row 21 (ID=21) - skipping
No video available for row 22 (ID=22) - skipping
No video available for row 23 (ID=23) - skipping
No video available for row 24 (ID=24) - skipping
No video available for row 25 (ID=25) - skipping
No video available for row 26 (ID=26) - skipping
No video available for row 27 (ID=27) - skipping
No video available for row 28 (ID=28) - skipping
No video available for row 29 (ID=29) - skipping
No video available for row 30 (ID=30) - skipping
No video available for row 31 (ID=31) - skipping
No video available for row 32 (ID=32) - skipping
No video available for row 33 (ID=33) - skipping
No video available for row 34 (ID=34) - skipping
No video available for row 35 (ID=35) - skipping
No video available for row 36 (ID=36) - skipping
No video available for row 37 (ID=37) - skipping
No video available for row 38 (ID=38) - skipping
No video available for row 39 (ID=39) - skipping
No video available for row 40 (ID=40) - skipping
No video available for row 41 (ID=41) - skipping
No video available for row 42 (ID=42) - skipping
No video available for row 43 (ID=43) - skipping
No video available for row 44 (ID=44) - skipping
No video available for row 45 (ID=45) - skipping
No video available for row 46 (ID=46) - skipping
No video available for row 47 (ID=47) - skipping
No video available for row 48 (ID=48) - skipping
No video available for row 49 (ID=49) - skipping
No video available for row 50 (ID=50) - skipping
No video available for row 51 (ID=51) - skipping
No video available for row 52 (ID=52) - skipping
No video available for row 53 (ID=53) - skipping
No video available for row 54 (ID=54) - skipping
No video available for row 55 (ID=55) - skipping
No video available for row 56 (ID=56) - skipping
No video available for row 57 (ID=57) - skipping
No video available for row 58 (ID=58) - skipping
No video available for row 59 (ID=59) - skipping
No video available for row 60 (ID=60) - skipping
No video available for row 61 (ID=61) - skipping
No video available for row 62 (ID=62) - skipping
No video available for row 63 (ID=63) - skipping
No video available for row 64 (ID=64) - skipping
No video available for row 65 (ID=65) - skipping
No video available for row 66 (ID=66) - skipping
No video available for row 67 (ID=67) - skipping
No video available for row 68 (ID=68) - skipping
No video available for row 69 (ID=69) - skipping
No video available for row 70 (ID=70) - skipping
No video available for row 71 (ID=71) - skipping
No video available for row 72 (ID=72) - skipping
No video available for row 73 (ID=73) - skipping
No video available for row 74 (ID=74) - skipping
No video available for row 75 (ID=75) - skipping
No video available for row 76 (ID=76) - skipping
No video available for row 77 (ID=77) - skipping
No video available for row 78 (ID=78) - skipping
No video available for row 79 (ID=79) - skipping
No video available for row 80 (ID=80) - skipping
No video available for row 81 (ID=81) - skipping
No video available for row 82 (ID=82) - skipping
No video available for row 83 (ID=83) - skipping
No video available for row 84 (ID=84) - skipping
No video available for row 85 (ID=85) - skipping
No video available for row 86 (ID=86) - skipping
No video available for row 87 (ID=87) - skipping
No video available for row 88 (ID=88) - skipping
No video available for row 89 (ID=89) - skipping
No video available for row 90 (ID=90) - skipping
No video available for row 91 (ID=91) - skipping
No video available for row 92 (ID=92) - skipping
No video available for row 93 (ID=93) - skipping
No video available for row 94 (ID=94) - skipping
No video available for row 95 (ID=95) - skipping
No video available for row 96 (ID=96) - skipping
No video available for row 97 (ID=97) - skipping
No video available for row 98 (ID=98) - skipping
No video available for row 99 (ID=99) - skipping
No video available for row 100 (ID=100) - skipping
No video available for row 101 (ID=101) - skipping
No video available for row 102 (ID=102) - skipping
No video available for row 103 (ID=103) - skipping
No video available for row 104 (ID=104) - skipping
No video available for row 105 (ID=105) - skipping
No video available for row 106 (ID=106) - skipping
No video available for row 107 (ID=107) - skipping
No video available for row 108 (ID=108) - skipping
No video available for row 109 (ID=109) - skipping
No video available for row 110 (ID=110) - skipping
No video available for row 111 (ID=111) - skipping
No video available for row 112 (ID=112) - skipping
No video available for row 113 (ID=113) - skipping
No video available for row 114 (ID=114) - skipping
No video available for row 115 (ID=115) - skipping
No video available for row 116 (ID=116) - skipping
No video available for row 117 (ID=117) - skipping
No video available for row 118 (ID=118) - skipping
No video available for row 119 (ID=119) - skipping
No video available for row 120 (ID=120) - skipping
No video available for row 121 (ID=121) - skipping
No video available for row 122 (ID=122) - skipping
No video available for row 123 (ID=123) - skipping
No video available for row 124 (ID=124) - skipping
No video available for row 125 (ID=125) - skipping
No video available for row 126 (ID=126) - skipping
No video available for row 127 (ID=127) - skipping
No video available for row 128 (ID=128) - skipping
No video available for row 129 (ID=129) - skipping
No video available for row 130 (ID=130) - skipping
No video available for row 131 (ID=131) - skipping

============================================================
Processing complete!
Total rows in CSV: 131
Total video files available: 2
Check D:\reels-dev\mixkit\output_reel_ADHD for output videos
Check D:\reels-dev\mixkit\output_reel_ADHD\thumbnails for thumbnails
Check C:\software\autoreels\AutoReels\family\Calm_ADHD_Blueprint_Hooks2.csv for updated FilePath column
============================================================
Starting app.py; script_dir=c:\software\autoreels\AutoReels\family
Loaded 131 rows from CSV
Found 150 video files in D:\reels-dev\mixkit\women\family
First 5 video files: ['100106-video-720.mp4', '100566-video-720.mp4', '100576-video-720.mp4', '100578-video-720.mp4', '100579-video-720.mp4']
  Input video: D:\reels-dev\mixkit\women\family\100106-video-720.mp4
Processing row 1/131: ID=1
  Removed existing file to regenerate
Video loop failed, keeping original duration: 5.88s
Audio duration adjustment failed: 'AudioFileClip' object has no attribute 'subclip'
Final video duration set to: 15.0s (actual: 15.0s)
Created: D:\reels-dev\mixkit\output_reel_ADHD\1_ADHD_daily_routine_tips_for_children.mp4
Updating CSV: row 1 FilePath = D:\reels-dev\mixkit\output_reel_ADHD\1_ADHD_daily_routine_tips_for_children.mp4
Wrote 131 rows to temp CSV: C:\software\autoreels\AutoReels\family\Calm_ADHD_Blueprint_Hooks2.csv.tmp
CSV file updated successfully: C:\software\autoreels\AutoReels\family\Calm_ADHD_Blueprint_Hooks2.csv
Thumbnail created: D:\reels-dev\mixkit\output_reel_ADHD\thumbnails\1_ADHD_daily_routine_tips_for_children.jpg
CSV updated with FilePath: D:\reels-dev\mixkit\output_reel_ADHD\1_ADHD_daily_routine_tips_for_children.mp4
  Input video: D:\reels-dev\mixkit\women\family\100566-video-720.mp4
Processing row 2/131: ID=2
  Removed existing file to regenerate
Video loop failed, keeping original duration: 8.68s
Audio duration adjustment failed: 'AudioFileClip' object has no attribute 'subclip'
Final video duration set to: 15.0s (actual: 15.0s)
Created: D:\reels-dev\mixkit\output_reel_ADHD\2_7_day_ADHD_plan_for_parents.mp4
Updating CSV: row 2 FilePath = D:\reels-dev\mixkit\output_reel_ADHD\2_7_day_ADHD_plan_for_parents.mp4
Wrote 131 rows to temp CSV: C:\software\autoreels\AutoReels\family\Calm_ADHD_Blueprint_Hooks2.csv.tmp
CSV file updated successfully: C:\software\autoreels\AutoReels\family\Calm_ADHD_Blueprint_Hooks2.csv
Thumbnail created: D:\reels-dev\mixkit\output_reel_ADHD\thumbnails\2_7_day_ADHD_plan_for_parents.jpg
CSV updated with FilePath: D:\reels-dev\mixkit\output_reel_ADHD\2_7_day_ADHD_plan_for_parents.mp4
  Input video: D:\reels-dev\mixkit\women\family\100576-video-720.mp4
Processing row 3/131: ID=3
Video duration adjustment failed: 'VideoFileClip' object has no attribute 'subclip'
Audio duration adjustment failed: 'AudioFileClip' object has no attribute 'subclip'
Final video duration set to: 15.0s (actual: 15.0s)
Created: D:\reels-dev\mixkit\output_reel_ADHD\3_calming_ADHD_behavior_at_home.mp4
Updating CSV: row 3 FilePath = D:\reels-dev\mixkit\output_reel_ADHD\3_calming_ADHD_behavior_at_home.mp4
Wrote 131 rows to temp CSV: C:\software\autoreels\AutoReels\family\Calm_ADHD_Blueprint_Hooks2.csv.tmp
CSV file updated successfully: C:\software\autoreels\AutoReels\family\Calm_ADHD_Blueprint_Hooks2.csv
Thumbnail created: D:\reels-dev\mixkit\output_reel_ADHD\thumbnails\3_calming_ADHD_behavior_at_home.jpg
CSV updated with FilePath: D:\reels-dev\mixkit\output_reel_ADHD\3_calming_ADHD_behavior_at_home.mp4
  Input video: D:\reels-dev\mixkit\women\family\100578-video-720.mp4
Processing row 4/131: ID=4
Video loop failed, keeping original duration: 7.63s
Audio duration adjustment failed: 'AudioFileClip' object has no attribute 'subclip'
Final video duration set to: 15.0s (actual: 15.0s)
Created: D:\reels-dev\mixkit\output_reel_ADHD\4_ADHD_homework_focus_strategies.mp4
Updating CSV: row 4 FilePath = D:\reels-dev\mixkit\output_reel_ADHD\4_ADHD_homework_focus_strategies.mp4
Wrote 131 rows to temp CSV: C:\software\autoreels\AutoReels\family\Calm_ADHD_Blueprint_Hooks2.csv.tmp
CSV file updated successfully: C:\software\autoreels\AutoReels\family\Calm_ADHD_Blueprint_Hooks2.csv
Thumbnail created: D:\reels-dev\mixkit\output_reel_ADHD\thumbnails\4_ADHD_homework_focus_strategies.jpg
CSV updated with FilePath: D:\reels-dev\mixkit\output_reel_ADHD\4_ADHD_homework_focus_strategies.mp4
  Input video: D:\reels-dev\mixkit\women\family\100579-video-720.mp4
Processing row 5/131: ID=5
Video loop failed, keeping original duration: 8.26s
Audio duration adjustment failed: 'AudioFileClip' object has no attribute 'subclip'
Final video duration set to: 15.0s (actual: 15.0s)
Created: D:\reels-dev\mixkit\output_reel_ADHD\5_identifying_ADHD_triggers_in_children.mp4
Updating CSV: row 5 FilePath = D:\reels-dev\mixkit\output_reel_ADHD\5_identifying_ADHD_triggers_in_children.mp4
Wrote 131 rows to temp CSV: C:\software\autoreels\AutoReels\family\Calm_ADHD_Blueprint_Hooks2.csv.tmp
CSV file updated successfully: C:\software\autoreels\AutoReels\family\Calm_ADHD_Blueprint_Hooks2.csv
Thumbnail created: D:\reels-dev\mixkit\output_reel_ADHD\thumbnails\5_identifying_ADHD_triggers_in_children.jpg
CSV updated with FilePath: D:\reels-dev\mixkit\output_reel_ADHD\5_identifying_ADHD_triggers_in_children.mp4
  Input video: D:\reels-dev\mixkit\women\family\100580-video-720.mp4
Processing row 6/131: ID=6
Video loop failed, keeping original duration: 8.88s
Audio duration adjustment failed: 'AudioFileClip' object has no attribute 'subclip'
Final video duration set to: 15.0s (actual: 15.0s)
Created: D:\reels-dev\mixkit\output_reel_ADHD\6_natural_concentration_techniques_ADHD.mp4
Updating CSV: row 6 FilePath = D:\reels-dev\mixkit\output_reel_ADHD\6_natural_concentration_techniques_ADHD.mp4
Wrote 131 rows to temp CSV: C:\software\autoreels\AutoReels\family\Calm_ADHD_Blueprint_Hooks2.csv.tmp
CSV file updated successfully: C:\software\autoreels\AutoReels\family\Calm_ADHD_Blueprint_Hooks2.csv
Thumbnail created: D:\reels-dev\mixkit\output_reel_ADHD\thumbnails\6_natural_concentration_techniques_ADHD.jpg
CSV updated with FilePath: D:\reels-dev\mixkit\output_reel_ADHD\6_natural_concentration_techniques_ADHD.mp4
  Input video: D:\reels-dev\mixkit\women\family\100581-video-720.mp4
Processing row 7/131: ID=7
Video loop failed, keeping original duration: 5.63s
Audio duration adjustment failed: 'AudioFileClip' object has no attribute 'subclip'
Final video duration set to: 15.0s (actual: 15.0s)
Created: D:\reels-dev\mixkit\output_reel_ADHD\7_structured_routines_for_ADHD_children.mp4
Updating CSV: row 7 FilePath = D:\reels-dev\mixkit\output_reel_ADHD\7_structured_routines_for_ADHD_children.mp4
Wrote 131 rows to temp CSV: C:\software\autoreels\AutoReels\family\Calm_ADHD_Blueprint_Hooks2.csv.tmp
CSV file updated successfully: C:\software\autoreels\AutoReels\family\Calm_ADHD_Blueprint_Hooks2.csv
Thumbnail created: D:\reels-dev\mixkit\output_reel_ADHD\thumbnails\7_structured_routines_for_ADHD_children.jpg
CSV updated with FilePath: D:\reels-dev\mixkit\output_reel_ADHD\7_structured_routines_for_ADHD_children.mp4
  Input video: D:\reels-dev\mixkit\women\family\101163-video-720.mp4
Processing row 8/131: ID=8
Video loop failed, keeping original duration: 11.18s
Audio duration adjustment failed: 'AudioFileClip' object has no attribute 'subclip'
Final video duration set to: 15.0s (actual: 15.0s)
Created: D:\reels-dev\mixkit\output_reel_ADHD\8_bedtime_tips_for_ADHD_children.mp4
Updating CSV: row 8 FilePath = D:\reels-dev\mixkit\output_reel_ADHD\8_bedtime_tips_for_ADHD_children.mp4
Wrote 131 rows to temp CSV: C:\software\autoreels\AutoReels\family\Calm_ADHD_Blueprint_Hooks2.csv.tmp
CSV file updated successfully: C:\software\autoreels\AutoReels\family\Calm_ADHD_Blueprint_Hooks2.csv
Thumbnail created: D:\reels-dev\mixkit\output_reel_ADHD\thumbnails\8_bedtime_tips_for_ADHD_children.jpg
CSV updated with FilePath: D:\reels-dev\mixkit\output_reel_ADHD\8_bedtime_tips_for_ADHD_children.mp4
  Input video: D:\reels-dev\mixkit\women\family\101179-video-720.mp4
Processing row 9/131: ID=9
Video loop failed, keeping original duration: 6.97s
Audio duration adjustment failed: 'AudioFileClip' object has no attribute 'subclip'
Final video duration set to: 15.0s (actual: 15.0s)
Created: D:\reels-dev\mixkit\output_reel_ADHD\9_staying_calm_with_ADHD_child.mp4
Updating CSV: row 9 FilePath = D:\reels-dev\mixkit\output_reel_ADHD\9_staying_calm_with_ADHD_child.mp4
Wrote 131 rows to temp CSV: C:\software\autoreels\AutoReels\family\Calm_ADHD_Blueprint_Hooks2.csv.tmp
CSV file updated successfully: C:\software\autoreels\AutoReels\family\Calm_ADHD_Blueprint_Hooks2.csv
Thumbnail created: D:\reels-dev\mixkit\output_reel_ADHD\thumbnails\9_staying_calm_with_ADHD_child.jpg
CSV updated with FilePath: D:\reels-dev\mixkit\output_reel_ADHD\9_staying_calm_with_ADHD_child.mp4
  Input video: D:\reels-dev\mixkit\women\family\101361-video-720.mp4
Processing row 10/131: ID=10
Video loop failed, keeping original duration: 10.18s
Audio duration adjustment failed: 'AudioFileClip' object has no attribute 'subclip'
Final video duration set to: 15.0s (actual: 15.0s)
Created: D:\reels-dev\mixkit\output_reel_ADHD\10_ADHD_reward_system_ideas.mp4
Updating CSV: row 10 FilePath = D:\reels-dev\mixkit\output_reel_ADHD\10_ADHD_reward_system_ideas.mp4
Wrote 131 rows to temp CSV: C:\software\autoreels\AutoReels\family\Calm_ADHD_Blueprint_Hooks2.csv.tmp
CSV file updated successfully: C:\software\autoreels\AutoReels\family\Calm_ADHD_Blueprint_Hooks2.csv
Thumbnail created: D:\reels-dev\mixkit\output_reel_ADHD\thumbnails\10_ADHD_reward_system_ideas.jpg
CSV updated with FilePath: D:\reels-dev\mixkit\output_reel_ADHD\10_ADHD_reward_system_ideas.mp4
  Input video: D:\reels-dev\mixkit\women\family\11669-720.mp4
Processing row 11/131: ID=11
Video loop failed, keeping original duration: 5.84s
Audio duration adjustment failed: 'AudioFileClip' object has no attribute 'subclip'
Final video duration set to: 15.0s (actual: 15.0s)
Created: D:\reels-dev\mixkit\output_reel_ADHD\11_effective_study_techniques_ADHD_children.mp4
Updating CSV: row 11 FilePath = D:\reels-dev\mixkit\output_reel_ADHD\11_effective_study_techniques_ADHD_children.mp4
Wrote 131 rows to temp CSV: C:\software\autoreels\AutoReels\family\Calm_ADHD_Blueprint_Hooks2.csv.tmp
CSV file updated successfully: C:\software\autoreels\AutoReels\family\Calm_ADHD_Blueprint_Hooks2.csv
Thumbnail created: D:\reels-dev\mixkit\output_reel_ADHD\thumbnails\11_effective_study_techniques_ADHD_children.jpg
CSV updated with FilePath: D:\reels-dev\mixkit\output_reel_ADHD\11_effective_study_techniques_ADHD_children.mp4
  Input video: D:\reels-dev\mixkit\women\family\14227-720.mp4
Processing row 12/131: ID=12
Video duration adjustment failed: 'VideoFileClip' object has no attribute 'subclip'
Audio duration adjustment failed: 'AudioFileClip' object has no attribute 'subclip'
Final video duration set to: 15.0s (actual: 15.0s)
Created: D:\reels-dev\mixkit\output_reel_ADHD\12_recognizing_ADHD_stress_in_children.mp4
Updating CSV: row 12 FilePath = D:\reels-dev\mixkit\output_reel_ADHD\12_recognizing_ADHD_stress_in_children.mp4
Wrote 131 rows to temp CSV: C:\software\autoreels\AutoReels\family\Calm_ADHD_Blueprint_Hooks2.csv.tmp
CSV file updated successfully: C:\software\autoreels\AutoReels\family\Calm_ADHD_Blueprint_Hooks2.csv
Thumbnail created: D:\reels-dev\mixkit\output_reel_ADHD\thumbnails\12_recognizing_ADHD_stress_in_children.jpg
CSV updated with FilePath: D:\reels-dev\mixkit\output_reel_ADHD\12_recognizing_ADHD_stress_in_children.mp4
  Input video: D:\reels-dev\mixkit\women\family\19245-720.mp4
Processing row 13/131: ID=13
Video duration adjustment failed: 'VideoFileClip' object has no attribute 'subclip'
Audio duration adjustment failed: 'AudioFileClip' object has no attribute 'subclip'
Final video duration set to: 15.0s (actual: 15.0s)
Created: D:\reels-dev\mixkit\output_reel_ADHD\13_mindfulness_exercises_for_ADHD_children.mp4
Updating CSV: row 13 FilePath = D:\reels-dev\mixkit\output_reel_ADHD\13_mindfulness_exercises_for_ADHD_children.mp4
Wrote 131 rows to temp CSV: C:\software\autoreels\AutoReels\family\Calm_ADHD_Blueprint_Hooks2.csv.tmp
CSV file updated successfully: C:\software\autoreels\AutoReels\family\Calm_ADHD_Blueprint_Hooks2.csv
Thumbnail created: D:\reels-dev\mixkit\output_reel_ADHD\thumbnails\13_mindfulness_exercises_for_ADHD_children.jpg
CSV updated with FilePath: D:\reels-dev\mixkit\output_reel_ADHD\13_mindfulness_exercises_for_ADHD_children.mp4
  Input video: D:\reels-dev\mixkit\women\family\33300-720.mp4
Processing row 14/131: ID=14
Video loop failed, keeping original duration: 10.92s
Audio duration adjustment failed: 'AudioFileClip' object has no attribute 'subclip'
Final video duration set to: 15.0s (actual: 15.0s)
Created: D:\reels-dev\mixkit\output_reel_ADHD\14_ADHD_homework_environment_setup.mp4
Updating CSV: row 14 FilePath = D:\reels-dev\mixkit\output_reel_ADHD\14_ADHD_homework_environment_setup.mp4
Wrote 131 rows to temp CSV: C:\software\autoreels\AutoReels\family\Calm_ADHD_Blueprint_Hooks2.csv.tmp
CSV file updated successfully: C:\software\autoreels\AutoReels\family\Calm_ADHD_Blueprint_Hooks2.csv
Thumbnail created: D:\reels-dev\mixkit\output_reel_ADHD\thumbnails\14_ADHD_homework_environment_setup.jpg
CSV updated with FilePath: D:\reels-dev\mixkit\output_reel_ADHD\14_ADHD_homework_environment_setup.mp4
  Input video: D:\reels-dev\mixkit\women\family\33307-720.mp4
Processing row 15/131: ID=15
Video loop failed, keeping original duration: 11.08s
Audio duration adjustment failed: 'AudioFileClip' object has no attribute 'subclip'
Final video duration set to: 15.0s (actual: 15.0s)
Starting app.py; script_dir=c:\software\autoreels\AutoReels\family
Loaded 131 rows from CSV
Found 150 video files in D:\reels-dev\mixkit\women\family
First 5 video files: ['100106-video-720.mp4', '100566-video-720.mp4', '100576-video-720.mp4', '100578-video-720.mp4', '100579-video-720.mp4']
  Input video: D:\reels-dev\mixkit\women\family\100106-video-720.mp4
Processing row 1/131: ID=1
  Removed existing file to regenerate
Video loop failed, keeping original duration: 5.88s
Audio duration adjustment failed: 'AudioFileClip' object has no attribute 'subclip'
Final video duration set to: 17.0s (actual: 17.0s)
Created: D:\reels-dev\mixkit\output_reel_ADHD\1_ADHD_daily_routine_tips_for_children.mp4
Updating CSV: row 1 FilePath = D:\reels-dev\mixkit\output_reel_ADHD\1_ADHD_daily_routine_tips_for_children.mp4
Wrote 131 rows to temp CSV: C:\software\autoreels\AutoReels\family\Calm_ADHD_Blueprint_Hooks2.csv.tmp
CSV file updated successfully: C:\software\autoreels\AutoReels\family\Calm_ADHD_Blueprint_Hooks2.csv
Thumbnail created: D:\reels-dev\mixkit\output_reel_ADHD\thumbnails\1_ADHD_daily_routine_tips_for_children.jpg
CSV updated with FilePath: D:\reels-dev\mixkit\output_reel_ADHD\1_ADHD_daily_routine_tips_for_children.mp4
  Input video: D:\reels-dev\mixkit\women\family\100566-video-720.mp4
Processing row 2/131: ID=2
  Removed existing file to regenerate
Video loop failed, keeping original duration: 8.68s
Audio duration adjustment failed: 'AudioFileClip' object has no attribute 'subclip'
Final video duration set to: 17.0s (actual: 17.0s)
Created: D:\reels-dev\mixkit\output_reel_ADHD\2_7_day_ADHD_plan_for_parents.mp4
Updating CSV: row 2 FilePath = D:\reels-dev\mixkit\output_reel_ADHD\2_7_day_ADHD_plan_for_parents.mp4
Wrote 131 rows to temp CSV: C:\software\autoreels\AutoReels\family\Calm_ADHD_Blueprint_Hooks2.csv.tmp
CSV file updated successfully: C:\software\autoreels\AutoReels\family\Calm_ADHD_Blueprint_Hooks2.csv
Thumbnail created: D:\reels-dev\mixkit\output_reel_ADHD\thumbnails\2_7_day_ADHD_plan_for_parents.jpg
CSV updated with FilePath: D:\reels-dev\mixkit\output_reel_ADHD\2_7_day_ADHD_plan_for_parents.mp4
  Input video: D:\reels-dev\mixkit\women\family\100576-video-720.mp4
Processing row 3/131: ID=3
  Removed existing file to regenerate
Video duration adjustment failed: 'VideoFileClip' object has no attribute 'subclip'
Audio duration adjustment failed: 'AudioFileClip' object has no attribute 'subclip'
Final video duration set to: 17.0s (actual: 17.0s)
Created: D:\reels-dev\mixkit\output_reel_ADHD\3_calming_ADHD_behavior_at_home.mp4
Updating CSV: row 3 FilePath = D:\reels-dev\mixkit\output_reel_ADHD\3_calming_ADHD_behavior_at_home.mp4
Wrote 131 rows to temp CSV: C:\software\autoreels\AutoReels\family\Calm_ADHD_Blueprint_Hooks2.csv.tmp
CSV file updated successfully: C:\software\autoreels\AutoReels\family\Calm_ADHD_Blueprint_Hooks2.csv
Thumbnail created: D:\reels-dev\mixkit\output_reel_ADHD\thumbnails\3_calming_ADHD_behavior_at_home.jpg
CSV updated with FilePath: D:\reels-dev\mixkit\output_reel_ADHD\3_calming_ADHD_behavior_at_home.mp4
  Input video: D:\reels-dev\mixkit\women\family\100578-video-720.mp4
Processing row 4/131: ID=4
  Removed existing file to regenerate
Video loop failed, keeping original duration: 7.63s
Audio duration adjustment failed: 'AudioFileClip' object has no attribute 'subclip'
Final video duration set to: 17.0s (actual: 17.0s)
Created: D:\reels-dev\mixkit\output_reel_ADHD\4_ADHD_homework_focus_strategies.mp4
Updating CSV: row 4 FilePath = D:\reels-dev\mixkit\output_reel_ADHD\4_ADHD_homework_focus_strategies.mp4
Wrote 131 rows to temp CSV: C:\software\autoreels\AutoReels\family\Calm_ADHD_Blueprint_Hooks2.csv.tmp
CSV file updated successfully: C:\software\autoreels\AutoReels\family\Calm_ADHD_Blueprint_Hooks2.csv
Thumbnail created: D:\reels-dev\mixkit\output_reel_ADHD\thumbnails\4_ADHD_homework_focus_strategies.jpg
CSV updated with FilePath: D:\reels-dev\mixkit\output_reel_ADHD\4_ADHD_homework_focus_strategies.mp4
  Input video: D:\reels-dev\mixkit\women\family\100579-video-720.mp4
Processing row 5/131: ID=5
  Removed existing file to regenerate
Video loop failed, keeping original duration: 8.26s
Audio duration adjustment failed: 'AudioFileClip' object has no attribute 'subclip'
Final video duration set to: 17.0s (actual: 17.0s)
Created: D:\reels-dev\mixkit\output_reel_ADHD\5_identifying_ADHD_triggers_in_children.mp4
Updating CSV: row 5 FilePath = D:\reels-dev\mixkit\output_reel_ADHD\5_identifying_ADHD_triggers_in_children.mp4
Wrote 131 rows to temp CSV: C:\software\autoreels\AutoReels\family\Calm_ADHD_Blueprint_Hooks2.csv.tmp
CSV file updated successfully: C:\software\autoreels\AutoReels\family\Calm_ADHD_Blueprint_Hooks2.csv
Thumbnail created: D:\reels-dev\mixkit\output_reel_ADHD\thumbnails\5_identifying_ADHD_triggers_in_children.jpg
CSV updated with FilePath: D:\reels-dev\mixkit\output_reel_ADHD\5_identifying_ADHD_triggers_in_children.mp4
  Input video: D:\reels-dev\mixkit\women\family\100580-video-720.mp4
Processing row 6/131: ID=6
  Removed existing file to regenerate
Video loop failed, keeping original duration: 8.88s
Audio duration adjustment failed: 'AudioFileClip' object has no attribute 'subclip'
Final video duration set to: 17.0s (actual: 17.0s)
Created: D:\reels-dev\mixkit\output_reel_ADHD\6_natural_concentration_techniques_ADHD.mp4
Updating CSV: row 6 FilePath = D:\reels-dev\mixkit\output_reel_ADHD\6_natural_concentration_techniques_ADHD.mp4
Wrote 131 rows to temp CSV: C:\software\autoreels\AutoReels\family\Calm_ADHD_Blueprint_Hooks2.csv.tmp
CSV file updated successfully: C:\software\autoreels\AutoReels\family\Calm_ADHD_Blueprint_Hooks2.csv
Thumbnail created: D:\reels-dev\mixkit\output_reel_ADHD\thumbnails\6_natural_concentration_techniques_ADHD.jpg
CSV updated with FilePath: D:\reels-dev\mixkit\output_reel_ADHD\6_natural_concentration_techniques_ADHD.mp4
  Input video: D:\reels-dev\mixkit\women\family\100581-video-720.mp4
Processing row 7/131: ID=7
  Removed existing file to regenerate
Video loop failed, keeping original duration: 5.63s
Audio duration adjustment failed: 'AudioFileClip' object has no attribute 'subclip'
Final video duration set to: 17.0s (actual: 17.0s)
Created: D:\reels-dev\mixkit\output_reel_ADHD\7_structured_routines_for_ADHD_children.mp4
Updating CSV: row 7 FilePath = D:\reels-dev\mixkit\output_reel_ADHD\7_structured_routines_for_ADHD_children.mp4
Wrote 131 rows to temp CSV: C:\software\autoreels\AutoReels\family\Calm_ADHD_Blueprint_Hooks2.csv.tmp
CSV file updated successfully: C:\software\autoreels\AutoReels\family\Calm_ADHD_Blueprint_Hooks2.csv
Thumbnail created: D:\reels-dev\mixkit\output_reel_ADHD\thumbnails\7_structured_routines_for_ADHD_children.jpg
CSV updated with FilePath: D:\reels-dev\mixkit\output_reel_ADHD\7_structured_routines_for_ADHD_children.mp4
  Input video: D:\reels-dev\mixkit\women\family\101163-video-720.mp4
Processing row 8/131: ID=8
  Removed existing file to regenerate
Video loop failed, keeping original duration: 11.18s
Audio duration adjustment failed: 'AudioFileClip' object has no attribute 'subclip'
Final video duration set to: 17.0s (actual: 17.0s)
Created: D:\reels-dev\mixkit\output_reel_ADHD\8_bedtime_tips_for_ADHD_children.mp4
Updating CSV: row 8 FilePath = D:\reels-dev\mixkit\output_reel_ADHD\8_bedtime_tips_for_ADHD_children.mp4
Wrote 131 rows to temp CSV: C:\software\autoreels\AutoReels\family\Calm_ADHD_Blueprint_Hooks2.csv.tmp
CSV file updated successfully: C:\software\autoreels\AutoReels\family\Calm_ADHD_Blueprint_Hooks2.csv
Thumbnail created: D:\reels-dev\mixkit\output_reel_ADHD\thumbnails\8_bedtime_tips_for_ADHD_children.jpg
CSV updated with FilePath: D:\reels-dev\mixkit\output_reel_ADHD\8_bedtime_tips_for_ADHD_children.mp4
  Input video: D:\reels-dev\mixkit\women\family\101179-video-720.mp4
Processing row 9/131: ID=9
  Removed existing file to regenerate
Video loop failed, keeping original duration: 6.97s
Audio duration adjustment failed: 'AudioFileClip' object has no attribute 'subclip'
Final video duration set to: 17.0s (actual: 17.0s)
Created: D:\reels-dev\mixkit\output_reel_ADHD\9_staying_calm_with_ADHD_child.mp4
Updating CSV: row 9 FilePath = D:\reels-dev\mixkit\output_reel_ADHD\9_staying_calm_with_ADHD_child.mp4
Wrote 131 rows to temp CSV: C:\software\autoreels\AutoReels\family\Calm_ADHD_Blueprint_Hooks2.csv.tmp
CSV file updated successfully: C:\software\autoreels\AutoReels\family\Calm_ADHD_Blueprint_Hooks2.csv
Thumbnail created: D:\reels-dev\mixkit\output_reel_ADHD\thumbnails\9_staying_calm_with_ADHD_child.jpg
CSV updated with FilePath: D:\reels-dev\mixkit\output_reel_ADHD\9_staying_calm_with_ADHD_child.mp4
  Input video: D:\reels-dev\mixkit\women\family\101361-video-720.mp4
Processing row 10/131: ID=10
  Removed existing file to regenerate
Video loop failed, keeping original duration: 10.18s
Audio duration adjustment failed: 'AudioFileClip' object has no attribute 'subclip'
Final video duration set to: 17.0s (actual: 17.0s)
Created: D:\reels-dev\mixkit\output_reel_ADHD\10_ADHD_reward_system_ideas.mp4
Updating CSV: row 10 FilePath = D:\reels-dev\mixkit\output_reel_ADHD\10_ADHD_reward_system_ideas.mp4
Wrote 131 rows to temp CSV: C:\software\autoreels\AutoReels\family\Calm_ADHD_Blueprint_Hooks2.csv.tmp
CSV file updated successfully: C:\software\autoreels\AutoReels\family\Calm_ADHD_Blueprint_Hooks2.csv
Thumbnail created: D:\reels-dev\mixkit\output_reel_ADHD\thumbnails\10_ADHD_reward_system_ideas.jpg
CSV updated with FilePath: D:\reels-dev\mixkit\output_reel_ADHD\10_ADHD_reward_system_ideas.mp4
  Input video: D:\reels-dev\mixkit\women\family\11669-720.mp4
Processing row 11/131: ID=11
  Removed existing file to regenerate
Video loop failed, keeping original duration: 5.84s
Audio duration adjustment failed: 'AudioFileClip' object has no attribute 'subclip'
Final video duration set to: 17.0s (actual: 17.0s)
Created: D:\reels-dev\mixkit\output_reel_ADHD\11_effective_study_techniques_ADHD_children.mp4
Updating CSV: row 11 FilePath = D:\reels-dev\mixkit\output_reel_ADHD\11_effective_study_techniques_ADHD_children.mp4
Wrote 131 rows to temp CSV: C:\software\autoreels\AutoReels\family\Calm_ADHD_Blueprint_Hooks2.csv.tmp
CSV file updated successfully: C:\software\autoreels\AutoReels\family\Calm_ADHD_Blueprint_Hooks2.csv
Thumbnail created: D:\reels-dev\mixkit\output_reel_ADHD\thumbnails\11_effective_study_techniques_ADHD_children.jpg
CSV updated with FilePath: D:\reels-dev\mixkit\output_reel_ADHD\11_effective_study_techniques_ADHD_children.mp4
  Input video: D:\reels-dev\mixkit\women\family\14227-720.mp4
Processing row 12/131: ID=12
  Removed existing file to regenerate
Video duration adjustment failed: 'VideoFileClip' object has no attribute 'subclip'
Audio duration adjustment failed: 'AudioFileClip' object has no attribute 'subclip'
Final video duration set to: 17.0s (actual: 17.0s)
Created: D:\reels-dev\mixkit\output_reel_ADHD\12_recognizing_ADHD_stress_in_children.mp4
Updating CSV: row 12 FilePath = D:\reels-dev\mixkit\output_reel_ADHD\12_recognizing_ADHD_stress_in_children.mp4
Wrote 131 rows to temp CSV: C:\software\autoreels\AutoReels\family\Calm_ADHD_Blueprint_Hooks2.csv.tmp
CSV file updated successfully: C:\software\autoreels\AutoReels\family\Calm_ADHD_Blueprint_Hooks2.csv
Thumbnail created: D:\reels-dev\mixkit\output_reel_ADHD\thumbnails\12_recognizing_ADHD_stress_in_children.jpg
CSV updated with FilePath: D:\reels-dev\mixkit\output_reel_ADHD\12_recognizing_ADHD_stress_in_children.mp4
  Input video: D:\reels-dev\mixkit\women\family\19245-720.mp4
Processing row 13/131: ID=13
  Removed existing file to regenerate
Video duration adjustment failed: 'VideoFileClip' object has no attribute 'subclip'
Audio duration adjustment failed: 'AudioFileClip' object has no attribute 'subclip'
Final video duration set to: 17.0s (actual: 17.0s)
Created: D:\reels-dev\mixkit\output_reel_ADHD\13_mindfulness_exercises_for_ADHD_children.mp4
Updating CSV: row 13 FilePath = D:\reels-dev\mixkit\output_reel_ADHD\13_mindfulness_exercises_for_ADHD_children.mp4
Wrote 131 rows to temp CSV: C:\software\autoreels\AutoReels\family\Calm_ADHD_Blueprint_Hooks2.csv.tmp
CSV file updated successfully: C:\software\autoreels\AutoReels\family\Calm_ADHD_Blueprint_Hooks2.csv
Thumbnail created: D:\reels-dev\mixkit\output_reel_ADHD\thumbnails\13_mindfulness_exercises_for_ADHD_children.jpg
CSV updated with FilePath: D:\reels-dev\mixkit\output_reel_ADHD\13_mindfulness_exercises_for_ADHD_children.mp4
  Input video: D:\reels-dev\mixkit\women\family\33300-720.mp4
Processing row 14/131: ID=14
  Removed existing file to regenerate
Video loop failed, keeping original duration: 10.92s
Audio duration adjustment failed: 'AudioFileClip' object has no attribute 'subclip'
Final video duration set to: 17.0s (actual: 17.0s)
Created: D:\reels-dev\mixkit\output_reel_ADHD\14_ADHD_homework_environment_setup.mp4
Updating CSV: row 14 FilePath = D:\reels-dev\mixkit\output_reel_ADHD\14_ADHD_homework_environment_setup.mp4
Wrote 131 rows to temp CSV: C:\software\autoreels\AutoReels\family\Calm_ADHD_Blueprint_Hooks2.csv.tmp
CSV file updated successfully: C:\software\autoreels\AutoReels\family\Calm_ADHD_Blueprint_Hooks2.csv
Thumbnail created: D:\reels-dev\mixkit\output_reel_ADHD\thumbnails\14_ADHD_homework_environment_setup.jpg
CSV updated with FilePath: D:\reels-dev\mixkit\output_reel_ADHD\14_ADHD_homework_environment_setup.mp4
  Input video: D:\reels-dev\mixkit\women\family\33307-720.mp4
Processing row 15/131: ID=15
  Removed existing file to regenerate
Video loop failed, keeping original duration: 11.08s
Audio duration adjustment failed: 'AudioFileClip' object has no attribute 'subclip'
Final video duration set to: 17.0s (actual: 17.0s)
Created: D:\reels-dev\mixkit\output_reel_ADHD\15_communicating_with_teachers_about_ADHD.mp4
Updating CSV: row 15 FilePath = D:\reels-dev\mixkit\output_reel_ADHD\15_communicating_with_teachers_about_ADHD.mp4
Wrote 131 rows to temp CSV: C:\software\autoreels\AutoReels\family\Calm_ADHD_Blueprint_Hooks2.csv.tmp
CSV file updated successfully: C:\software\autoreels\AutoReels\family\Calm_ADHD_Blueprint_Hooks2.csv
Thumbnail created: D:\reels-dev\mixkit\output_reel_ADHD\thumbnails\15_communicating_with_teachers_about_ADHD.jpg
CSV updated with FilePath: D:\reels-dev\mixkit\output_reel_ADHD\15_communicating_with_teachers_about_ADHD.mp4
  Input video: D:\reels-dev\mixkit\women\family\33446-720.mp4
Processing row 16/131: ID=16
Video duration adjustment failed: 'VideoFileClip' object has no attribute 'subclip'
Audio duration adjustment failed: 'AudioFileClip' object has no attribute 'subclip'
Final video duration set to: 17.0s (actual: 17.0s)
Created: D:\reels-dev\mixkit\output_reel_ADHD\16_ADHD_meal_planning_for_kids.mp4
Updating CSV: row 16 FilePath = D:\reels-dev\mixkit\output_reel_ADHD\16_ADHD_meal_planning_for_kids.mp4
Wrote 131 rows to temp CSV: C:\software\autoreels\AutoReels\family\Calm_ADHD_Blueprint_Hooks2.csv.tmp
CSV file updated successfully: C:\software\autoreels\AutoReels\family\Calm_ADHD_Blueprint_Hooks2.csv
Thumbnail created: D:\reels-dev\mixkit\output_reel_ADHD\thumbnails\16_ADHD_meal_planning_for_kids.jpg
CSV updated with FilePath: D:\reels-dev\mixkit\output_reel_ADHD\16_ADHD_meal_planning_for_kids.mp4
  Input video: D:\reels-dev\mixkit\women\family\33484-720.mp4
Processing row 17/131: ID=17
Video loop failed, keeping original duration: 6.88s
Audio duration adjustment failed: 'AudioFileClip' object has no attribute 'subclip'
Final video duration set to: 17.0s (actual: 17.0s)
Created: D:\reels-dev\mixkit\output_reel_ADHD\17_ADHD_emotional_regulation_strategies.mp4
Updating CSV: row 17 FilePath = D:\reels-dev\mixkit\output_reel_ADHD\17_ADHD_emotional_regulation_strategies.mp4
Wrote 131 rows to temp CSV: C:\software\autoreels\AutoReels\family\Calm_ADHD_Blueprint_Hooks2.csv.tmp
CSV file updated successfully: C:\software\autoreels\AutoReels\family\Calm_ADHD_Blueprint_Hooks2.csv
Thumbnail created: D:\reels-dev\mixkit\output_reel_ADHD\thumbnails\17_ADHD_emotional_regulation_strategies.jpg
CSV updated with FilePath: D:\reels-dev\mixkit\output_reel_ADHD\17_ADHD_emotional_regulation_strategies.mp4
  Input video: D:\reels-dev\mixkit\women\family\33513-720.mp4
Processing row 18/131: ID=18
Video loop failed, keeping original duration: 13.48s
Audio duration adjustment failed: 'AudioFileClip' object has no attribute 'subclip'
Final video duration set to: 17.0s (actual: 17.0s)
Created: D:\reels-dev\mixkit\output_reel_ADHD\18_short_learning_sessions_ADHD_children.mp4
Updating CSV: row 18 FilePath = D:\reels-dev\mixkit\output_reel_ADHD\18_short_learning_sessions_ADHD_children.mp4
Wrote 131 rows to temp CSV: C:\software\autoreels\AutoReels\family\Calm_ADHD_Blueprint_Hooks2.csv.tmp
CSV file updated successfully: C:\software\autoreels\AutoReels\family\Calm_ADHD_Blueprint_Hooks2.csv
Thumbnail created: D:\reels-dev\mixkit\output_reel_ADHD\thumbnails\18_short_learning_sessions_ADHD_children.jpg
CSV updated with FilePath: D:\reels-dev\mixkit\output_reel_ADHD\18_short_learning_sessions_ADHD_children.mp4
  Input video: D:\reels-dev\mixkit\women\family\33520-720.mp4
Processing row 19/131: ID=19
Video loop failed, keeping original duration: 5.88s
Audio duration adjustment failed: 'AudioFileClip' object has no attribute 'subclip'
Final video duration set to: 17.0s (actual: 17.0s)
Created: D:\reels-dev\mixkit\output_reel_ADHD\19_fun_activities_ADHD_children.mp4
Updating CSV: row 19 FilePath = D:\reels-dev\mixkit\output_reel_ADHD\19_fun_activities_ADHD_children.mp4
Wrote 131 rows to temp CSV: C:\software\autoreels\AutoReels\family\Calm_ADHD_Blueprint_Hooks2.csv.tmp
CSV file updated successfully: C:\software\autoreels\AutoReels\family\Calm_ADHD_Blueprint_Hooks2.csv
Thumbnail created: D:\reels-dev\mixkit\output_reel_ADHD\thumbnails\19_fun_activities_ADHD_children.jpg
CSV updated with FilePath: D:\reels-dev\mixkit\output_reel_ADHD\19_fun_activities_ADHD_children.mp4
  Input video: D:\reels-dev\mixkit\women\family\33526-720.mp4
Processing row 20/131: ID=20
Video loop failed, keeping original duration: 9.60s
Audio duration adjustment failed: 'AudioFileClip' object has no attribute 'subclip'
Final video duration set to: 17.0s (actual: 17.0s)
Created: D:\reels-dev\mixkit\output_reel_ADHD\20_visual_aids_for_ADHD_children.mp4
Updating CSV: row 20 FilePath = D:\reels-dev\mixkit\output_reel_ADHD\20_visual_aids_for_ADHD_children.mp4
Wrote 131 rows to temp CSV: C:\software\autoreels\AutoReels\family\Calm_ADHD_Blueprint_Hooks2.csv.tmp
CSV file updated successfully: C:\software\autoreels\AutoReels\family\Calm_ADHD_Blueprint_Hooks2.csv
Thumbnail created: D:\reels-dev\mixkit\output_reel_ADHD\thumbnails\20_visual_aids_for_ADHD_children.jpg
CSV updated with FilePath: D:\reels-dev\mixkit\output_reel_ADHD\20_visual_aids_for_ADHD_children.mp4
  Input video: D:\reels-dev\mixkit\women\family\33561-720.mp4
Processing row 21/131: ID=21
Video duration adjustment failed: 'VideoFileClip' object has no attribute 'subclip'
Audio duration adjustment failed: 'AudioFileClip' object has no attribute 'subclip'
Final video duration set to: 17.0s (actual: 17.0s)
Created: D:\reels-dev\mixkit\output_reel_ADHD\21_low_distraction_ADHD_environment.mp4
Updating CSV: row 21 FilePath = D:\reels-dev\mixkit\output_reel_ADHD\21_low_distraction_ADHD_environment.mp4
Wrote 131 rows to temp CSV: C:\software\autoreels\AutoReels\family\Calm_ADHD_Blueprint_Hooks2.csv.tmp
CSV file updated successfully: C:\software\autoreels\AutoReels\family\Calm_ADHD_Blueprint_Hooks2.csv
Thumbnail created: D:\reels-dev\mixkit\output_reel_ADHD\thumbnails\21_low_distraction_ADHD_environment.jpg
CSV updated with FilePath: D:\reels-dev\mixkit\output_reel_ADHD\21_low_distraction_ADHD_environment.mp4
  Input video: D:\reels-dev\mixkit\women\family\34842-720.mp4
Processing row 22/131: ID=22
Video duration adjustment failed: 'VideoFileClip' object has no attribute 'subclip'
Audio duration adjustment failed: 'AudioFileClip' object has no attribute 'subclip'
Final video duration set to: 17.0s (actual: 17.0s)
Created: D:\reels-dev\mixkit\output_reel_ADHD\22_managing_ADHD_screen_time.mp4
Updating CSV: row 22 FilePath = D:\reels-dev\mixkit\output_reel_ADHD\22_managing_ADHD_screen_time.mp4
Wrote 131 rows to temp CSV: C:\software\autoreels\AutoReels\family\Calm_ADHD_Blueprint_Hooks2.csv.tmp
CSV file updated successfully: C:\software\autoreels\AutoReels\family\Calm_ADHD_Blueprint_Hooks2.csv
Thumbnail created: D:\reels-dev\mixkit\output_reel_ADHD\thumbnails\22_managing_ADHD_screen_time.jpg
CSV updated with FilePath: D:\reels-dev\mixkit\output_reel_ADHD\22_managing_ADHD_screen_time.mp4
  Input video: D:\reels-dev\mixkit\women\family\34863-720.mp4
Processing row 23/131: ID=23
Video duration adjustment failed: 'VideoFileClip' object has no attribute 'subclip'
Audio duration adjustment failed: 'AudioFileClip' object has no attribute 'subclip'
Final video duration set to: 17.0s (actual: 17.0s)
Created: D:\reels-dev\mixkit\output_reel_ADHD\23_7_day_ADHD_plan_benefits.mp4
Updating CSV: row 23 FilePath = D:\reels-dev\mixkit\output_reel_ADHD\23_7_day_ADHD_plan_benefits.mp4
Wrote 131 rows to temp CSV: C:\software\autoreels\AutoReels\family\Calm_ADHD_Blueprint_Hooks2.csv.tmp
CSV file updated successfully: C:\software\autoreels\AutoReels\family\Calm_ADHD_Blueprint_Hooks2.csv
Thumbnail created: D:\reels-dev\mixkit\output_reel_ADHD\thumbnails\23_7_day_ADHD_plan_benefits.jpg
CSV updated with FilePath: D:\reels-dev\mixkit\output_reel_ADHD\23_7_day_ADHD_plan_benefits.mp4
  Input video: D:\reels-dev\mixkit\women\family\36100-720.mp4
Processing row 24/131: ID=24
Video loop failed, keeping original duration: 12.01s
Audio duration adjustment failed: 'AudioFileClip' object has no attribute 'subclip'
Final video duration set to: 17.0s (actual: 17.0s)
Created: D:\reels-dev\mixkit\output_reel_ADHD\24_tracking_ADHD_child_progress.mp4
Updating CSV: row 24 FilePath = D:\reels-dev\mixkit\output_reel_ADHD\24_tracking_ADHD_child_progress.mp4
Wrote 131 rows to temp CSV: C:\software\autoreels\AutoReels\family\Calm_ADHD_Blueprint_Hooks2.csv.tmp
CSV file updated successfully: C:\software\autoreels\AutoReels\family\Calm_ADHD_Blueprint_Hooks2.csv
Thumbnail created: D:\reels-dev\mixkit\output_reel_ADHD\thumbnails\24_tracking_ADHD_child_progress.jpg
CSV updated with FilePath: D:\reels-dev\mixkit\output_reel_ADHD\24_tracking_ADHD_child_progress.mp4
  Input video: D:\reels-dev\mixkit\women\family\36138-720.mp4
Processing row 25/131: ID=25
Video loop failed, keeping original duration: 7.04s
Audio duration adjustment failed: 'AudioFileClip' object has no attribute 'subclip'
Final video duration set to: 17.0s (actual: 17.0s)
Created: D:\reels-dev\mixkit\output_reel_ADHD\25_ADHD_parenting_community_support.mp4
Updating CSV: row 25 FilePath = D:\reels-dev\mixkit\output_reel_ADHD\25_ADHD_parenting_community_support.mp4
Wrote 131 rows to temp CSV: C:\software\autoreels\AutoReels\family\Calm_ADHD_Blueprint_Hooks2.csv.tmp
CSV file updated successfully: C:\software\autoreels\AutoReels\family\Calm_ADHD_Blueprint_Hooks2.csv
Thumbnail created: D:\reels-dev\mixkit\output_reel_ADHD\thumbnails\25_ADHD_parenting_community_support.jpg
CSV updated with FilePath: D:\reels-dev\mixkit\output_reel_ADHD\25_ADHD_parenting_community_support.mp4
  Input video: D:\reels-dev\mixkit\women\family\36475-720.mp4
Processing row 26/131: ID=26
Video loop failed, keeping original duration: 15.88s
Audio duration adjustment failed: 'AudioFileClip' object has no attribute 'subclip'
Final video duration set to: 17.0s (actual: 17.0s)
Created: D:\reels-dev\mixkit\output_reel_ADHD\26_ADHD_time_management_strategies.mp4
Updating CSV: row 26 FilePath = D:\reels-dev\mixkit\output_reel_ADHD\26_ADHD_time_management_strategies.mp4
Wrote 131 rows to temp CSV: C:\software\autoreels\AutoReels\family\Calm_ADHD_Blueprint_Hooks2.csv.tmp
CSV file updated successfully: C:\software\autoreels\AutoReels\family\Calm_ADHD_Blueprint_Hooks2.csv
Thumbnail created: D:\reels-dev\mixkit\output_reel_ADHD\thumbnails\26_ADHD_time_management_strategies.jpg
CSV updated with FilePath: D:\reels-dev\mixkit\output_reel_ADHD\26_ADHD_time_management_strategies.mp4
  Input video: D:\reels-dev\mixkit\women\family\36614-720.mp4
Processing row 27/131: ID=27
Video loop failed, keeping original duration: 12.98s
Audio duration adjustment failed: 'AudioFileClip' object has no attribute 'subclip'
Final video duration set to: 17.0s (actual: 17.0s)
Created: D:\reels-dev\mixkit\output_reel_ADHD\27_ADHD_memory_exercises_for_kids.mp4
Updating CSV: row 27 FilePath = D:\reels-dev\mixkit\output_reel_ADHD\27_ADHD_memory_exercises_for_kids.mp4
Wrote 131 rows to temp CSV: C:\software\autoreels\AutoReels\family\Calm_ADHD_Blueprint_Hooks2.csv.tmp
CSV file updated successfully: C:\software\autoreels\AutoReels\family\Calm_ADHD_Blueprint_Hooks2.csv
Thumbnail created: D:\reels-dev\mixkit\output_reel_ADHD\thumbnails\27_ADHD_memory_exercises_for_kids.jpg
CSV updated with FilePath: D:\reels-dev\mixkit\output_reel_ADHD\27_ADHD_memory_exercises_for_kids.mp4
  Input video: D:\reels-dev\mixkit\women\family\39766-720.mp4
Processing row 28/131: ID=28
Video loop failed, keeping original duration: 9.26s
Audio duration adjustment failed: 'AudioFileClip' object has no attribute 'subclip'
Final video duration set to: 17.0s (actual: 17.0s)
Created: D:\reels-dev\mixkit\output_reel_ADHD\28_setting_goals_for_ADHD_children.mp4
Updating CSV: row 28 FilePath = D:\reels-dev\mixkit\output_reel_ADHD\28_setting_goals_for_ADHD_children.mp4
Wrote 131 rows to temp CSV: C:\software\autoreels\AutoReels\family\Calm_ADHD_Blueprint_Hooks2.csv.tmp
CSV file updated successfully: C:\software\autoreels\AutoReels\family\Calm_ADHD_Blueprint_Hooks2.csv
Thumbnail created: D:\reels-dev\mixkit\output_reel_ADHD\thumbnails\28_setting_goals_for_ADHD_children.jpg
CSV updated with FilePath: D:\reels-dev\mixkit\output_reel_ADHD\28_setting_goals_for_ADHD_children.mp4
  Input video: D:\reels-dev\mixkit\women\family\40389-720.mp4
Processing row 29/131: ID=29
Video loop failed, keeping original duration: 10.54s
Audio duration adjustment failed: 'AudioFileClip' object has no attribute 'subclip'
Final video duration set to: 17.0s (actual: 17.0s)
Created: D:\reels-dev\mixkit\output_reel_ADHD\29_ADHD_child_transitions_support.mp4
Updating CSV: row 29 FilePath = D:\reels-dev\mixkit\output_reel_ADHD\29_ADHD_child_transitions_support.mp4
Wrote 131 rows to temp CSV: C:\software\autoreels\AutoReels\family\Calm_ADHD_Blueprint_Hooks2.csv.tmp
CSV file updated successfully: C:\software\autoreels\AutoReels\family\Calm_ADHD_Blueprint_Hooks2.csv
Thumbnail created: D:\reels-dev\mixkit\output_reel_ADHD\thumbnails\29_ADHD_child_transitions_support.jpg
CSV updated with FilePath: D:\reels-dev\mixkit\output_reel_ADHD\29_ADHD_child_transitions_support.mp4
  Input video: D:\reels-dev\mixkit\women\family\40419-720.mp4
Processing row 30/131: ID=30
Video loop failed, keeping original duration: 6.88s
Audio duration adjustment failed: 'AudioFileClip' object has no attribute 'subclip'
Final video duration set to: 17.0s (actual: 17.0s)
Created: D:\reels-dev\mixkit\output_reel_ADHD\30_executive_function_in_ADHD_kids.mp4
Updating CSV: row 30 FilePath = D:\reels-dev\mixkit\output_reel_ADHD\30_executive_function_in_ADHD_kids.mp4
Wrote 131 rows to temp CSV: C:\software\autoreels\AutoReels\family\Calm_ADHD_Blueprint_Hooks2.csv.tmp
CSV file updated successfully: C:\software\autoreels\AutoReels\family\Calm_ADHD_Blueprint_Hooks2.csv
Thumbnail created: D:\reels-dev\mixkit\output_reel_ADHD\thumbnails\30_executive_function_in_ADHD_kids.jpg
CSV updated with FilePath: D:\reels-dev\mixkit\output_reel_ADHD\30_executive_function_in_ADHD_kids.mp4
  Input video: D:\reels-dev\mixkit\women\family\4042-720.mp4
Processing row 31/131: ID=31
Video duration adjustment failed: 'VideoFileClip' object has no attribute 'subclip'
Audio duration adjustment failed: 'AudioFileClip' object has no attribute 'subclip'
Final video duration set to: 17.0s (actual: 17.0s)
Created: D:\reels-dev\mixkit\output_reel_ADHD\31_ADHD_social_skills_development.mp4
Updating CSV: row 31 FilePath = D:\reels-dev\mixkit\output_reel_ADHD\31_ADHD_social_skills_development.mp4
Wrote 131 rows to temp CSV: C:\software\autoreels\AutoReels\family\Calm_ADHD_Blueprint_Hooks2.csv.tmp
CSV file updated successfully: C:\software\autoreels\AutoReels\family\Calm_ADHD_Blueprint_Hooks2.csv
Thumbnail created: D:\reels-dev\mixkit\output_reel_ADHD\thumbnails\31_ADHD_social_skills_development.jpg
CSV updated with FilePath: D:\reels-dev\mixkit\output_reel_ADHD\31_ADHD_social_skills_development.mp4
  Input video: D:\reels-dev\mixkit\women\family\40425-720.mp4
Processing row 32/131: ID=32
Video loop failed, keeping original duration: 12.35s
Audio duration adjustment failed: 'AudioFileClip' object has no attribute 'subclip'
Final video duration set to: 17.0s (actual: 17.0s)
Created: D:\reels-dev\mixkit\output_reel_ADHD\32_ADHD_bedtime_mindfulness.mp4
Updating CSV: row 32 FilePath = D:\reels-dev\mixkit\output_reel_ADHD\32_ADHD_bedtime_mindfulness.mp4
Wrote 131 rows to temp CSV: C:\software\autoreels\AutoReels\family\Calm_ADHD_Blueprint_Hooks2.csv.tmp
CSV file updated successfully: C:\software\autoreels\AutoReels\family\Calm_ADHD_Blueprint_Hooks2.csv
Thumbnail created: D:\reels-dev\mixkit\output_reel_ADHD\thumbnails\32_ADHD_bedtime_mindfulness.jpg
CSV updated with FilePath: D:\reels-dev\mixkit\output_reel_ADHD\32_ADHD_bedtime_mindfulness.mp4
  Input video: D:\reels-dev\mixkit\women\family\40488-720.mp4
Processing row 33/131: ID=33
Video loop failed, keeping original duration: 4.84s
Audio duration adjustment failed: 'AudioFileClip' object has no attribute 'subclip'
Final video duration set to: 17.0s (actual: 17.0s)
Created: D:\reels-dev\mixkit\output_reel_ADHD\33_morning_routines_ADHD_children.mp4
Updating CSV: row 33 FilePath = D:\reels-dev\mixkit\output_reel_ADHD\33_morning_routines_ADHD_children.mp4
Wrote 131 rows to temp CSV: C:\software\autoreels\AutoReels\family\Calm_ADHD_Blueprint_Hooks2.csv.tmp
CSV file updated successfully: C:\software\autoreels\AutoReels\family\Calm_ADHD_Blueprint_Hooks2.csv
Thumbnail created: D:\reels-dev\mixkit\output_reel_ADHD\thumbnails\33_morning_routines_ADHD_children.jpg
CSV updated with FilePath: D:\reels-dev\mixkit\output_reel_ADHD\33_morning_routines_ADHD_children.mp4
  Input video: D:\reels-dev\mixkit\women\family\41724-720.mp4
Processing row 34/131: ID=34
Video loop failed, keeping original duration: 13.39s
Audio duration adjustment failed: 'AudioFileClip' object has no attribute 'subclip'
Final video duration set to: 17.0s (actual: 17.0s)
Created: D:\reels-dev\mixkit\output_reel_ADHD\34_reducing_homework_stress_ADHD.mp4
Updating CSV: row 34 FilePath = D:\reels-dev\mixkit\output_reel_ADHD\34_reducing_homework_stress_ADHD.mp4
Wrote 131 rows to temp CSV: C:\software\autoreels\AutoReels\family\Calm_ADHD_Blueprint_Hooks2.csv.tmp
CSV file updated successfully: C:\software\autoreels\AutoReels\family\Calm_ADHD_Blueprint_Hooks2.csv
Thumbnail created: D:\reels-dev\mixkit\output_reel_ADHD\thumbnails\34_reducing_homework_stress_ADHD.jpg
CSV updated with FilePath: D:\reels-dev\mixkit\output_reel_ADHD\34_reducing_homework_stress_ADHD.mp4
  Input video: D:\reels-dev\mixkit\women\family\41725-720.mp4
Processing row 35/131: ID=35
Video duration adjustment failed: 'VideoFileClip' object has no attribute 'subclip'
Audio duration adjustment failed: 'AudioFileClip' object has no attribute 'subclip'
Final video duration set to: 17.0s (actual: 17.0s)
Created: D:\reels-dev\mixkit\output_reel_ADHD\35_visual_schedule_ADHD_children.mp4
Updating CSV: row 35 FilePath = D:\reels-dev\mixkit\output_reel_ADHD\35_visual_schedule_ADHD_children.mp4
Wrote 131 rows to temp CSV: C:\software\autoreels\AutoReels\family\Calm_ADHD_Blueprint_Hooks2.csv.tmp
CSV file updated successfully: C:\software\autoreels\AutoReels\family\Calm_ADHD_Blueprint_Hooks2.csv
Thumbnail created: D:\reels-dev\mixkit\output_reel_ADHD\thumbnails\35_visual_schedule_ADHD_children.jpg
CSV updated with FilePath: D:\reels-dev\mixkit\output_reel_ADHD\35_visual_schedule_ADHD_children.mp4
  Input video: D:\reels-dev\mixkit\women\family\41727-720.mp4
Processing row 36/131: ID=36
Video loop failed, keeping original duration: 14.85s
Audio duration adjustment failed: 'AudioFileClip' object has no attribute 'subclip'
Final video duration set to: 17.0s (actual: 17.0s)
Created: D:\reels-dev\mixkit\output_reel_ADHD\36_emotional_resilience_ADHD_children.mp4
Updating CSV: row 36 FilePath = D:\reels-dev\mixkit\output_reel_ADHD\36_emotional_resilience_ADHD_children.mp4
Wrote 131 rows to temp CSV: C:\software\autoreels\AutoReels\family\Calm_ADHD_Blueprint_Hooks2.csv.tmp
CSV file updated successfully: C:\software\autoreels\AutoReels\family\Calm_ADHD_Blueprint_Hooks2.csv
Thumbnail created: D:\reels-dev\mixkit\output_reel_ADHD\thumbnails\36_emotional_resilience_ADHD_children.jpg
CSV updated with FilePath: D:\reels-dev\mixkit\output_reel_ADHD\36_emotional_resilience_ADHD_children.mp4
  Input video: D:\reels-dev\mixkit\women\family\41733-720.mp4
Processing row 37/131: ID=37
Video duration adjustment failed: 'VideoFileClip' object has no attribute 'subclip'
Audio duration adjustment failed: 'AudioFileClip' object has no attribute 'subclip'
Final video duration set to: 17.0s (actual: 17.0s)
Created: D:\reels-dev\mixkit\output_reel_ADHD\37_reducing_impulsivity_ADHD_children.mp4
Updating CSV: row 37 FilePath = D:\reels-dev\mixkit\output_reel_ADHD\37_reducing_impulsivity_ADHD_children.mp4
Wrote 131 rows to temp CSV: C:\software\autoreels\AutoReels\family\Calm_ADHD_Blueprint_Hooks2.csv.tmp
CSV file updated successfully: C:\software\autoreels\AutoReels\family\Calm_ADHD_Blueprint_Hooks2.csv
Thumbnail created: D:\reels-dev\mixkit\output_reel_ADHD\thumbnails\37_reducing_impulsivity_ADHD_children.jpg
CSV updated with FilePath: D:\reels-dev\mixkit\output_reel_ADHD\37_reducing_impulsivity_ADHD_children.mp4
  Input video: D:\reels-dev\mixkit\women\family\41734-720.mp4
Processing row 38/131: ID=38
Video loop failed, keeping original duration: 10.01s
Audio duration adjustment failed: 'AudioFileClip' object has no attribute 'subclip'
Final video duration set to: 17.0s (actual: 17.0s)
Created: D:\reels-dev\mixkit\output_reel_ADHD\38_structured_play_ADHD_children.mp4
Updating CSV: row 38 FilePath = D:\reels-dev\mixkit\output_reel_ADHD\38_structured_play_ADHD_children.mp4
Wrote 131 rows to temp CSV: C:\software\autoreels\AutoReels\family\Calm_ADHD_Blueprint_Hooks2.csv.tmp
CSV file updated successfully: C:\software\autoreels\AutoReels\family\Calm_ADHD_Blueprint_Hooks2.csv
Thumbnail created: D:\reels-dev\mixkit\output_reel_ADHD\thumbnails\38_structured_play_ADHD_children.jpg
CSV updated with FilePath: D:\reels-dev\mixkit\output_reel_ADHD\38_structured_play_ADHD_children.mp4
  Input video: D:\reels-dev\mixkit\women\family\41736-720.mp4
Processing row 39/131: ID=39
Video duration adjustment failed: 'VideoFileClip' object has no attribute 'subclip'
Audio duration adjustment failed: 'AudioFileClip' object has no attribute 'subclip'
Final video duration set to: 17.0s (actual: 17.0s)
Created: D:\reels-dev\mixkit\output_reel_ADHD\39_ADHD_school_stress_management.mp4
Updating CSV: row 39 FilePath = D:\reels-dev\mixkit\output_reel_ADHD\39_ADHD_school_stress_management.mp4
Wrote 131 rows to temp CSV: C:\software\autoreels\AutoReels\family\Calm_ADHD_Blueprint_Hooks2.csv.tmp
CSV file updated successfully: C:\software\autoreels\AutoReels\family\Calm_ADHD_Blueprint_Hooks2.csv
Thumbnail created: D:\reels-dev\mixkit\output_reel_ADHD\thumbnails\39_ADHD_school_stress_management.jpg
CSV updated with FilePath: D:\reels-dev\mixkit\output_reel_ADHD\39_ADHD_school_stress_management.mp4
  Input video: D:\reels-dev\mixkit\women\family\41737-720.mp4
Processing row 40/131: ID=40
Video loop failed, keeping original duration: 15.14s
Audio duration adjustment failed: 'AudioFileClip' object has no attribute 'subclip'
Final video duration set to: 17.0s (actual: 17.0s)
Created: D:\reels-dev\mixkit\output_reel_ADHD\40_ADHD_triggers_social_settings.mp4
Updating CSV: row 40 FilePath = D:\reels-dev\mixkit\output_reel_ADHD\40_ADHD_triggers_social_settings.mp4
Wrote 131 rows to temp CSV: C:\software\autoreels\AutoReels\family\Calm_ADHD_Blueprint_Hooks2.csv.tmp
CSV file updated successfully: C:\software\autoreels\AutoReels\family\Calm_ADHD_Blueprint_Hooks2.csv
Thumbnail created: D:\reels-dev\mixkit\output_reel_ADHD\thumbnails\40_ADHD_triggers_social_settings.jpg
CSV updated with FilePath: D:\reels-dev\mixkit\output_reel_ADHD\40_ADHD_triggers_social_settings.mp4
  Input video: D:\reels-dev\mixkit\women\family\41738-720.mp4
Processing row 41/131: ID=41
Video loop failed, keeping original duration: 14.60s
Audio duration adjustment failed: 'AudioFileClip' object has no attribute 'subclip'
Final video duration set to: 17.0s (actual: 17.0s)
Created: D:\reels-dev\mixkit\output_reel_ADHD\41_nutrition_impact_on_ADHD_behavior.mp4
Updating CSV: row 41 FilePath = D:\reels-dev\mixkit\output_reel_ADHD\41_nutrition_impact_on_ADHD_behavior.mp4
Wrote 131 rows to temp CSV: C:\software\autoreels\AutoReels\family\Calm_ADHD_Blueprint_Hooks2.csv.tmp
CSV file updated successfully: C:\software\autoreels\AutoReels\family\Calm_ADHD_Blueprint_Hooks2.csv
Thumbnail created: D:\reels-dev\mixkit\output_reel_ADHD\thumbnails\41_nutrition_impact_on_ADHD_behavior.jpg
CSV updated with FilePath: D:\reels-dev\mixkit\output_reel_ADHD\41_nutrition_impact_on_ADHD_behavior.mp4
  Input video: D:\reels-dev\mixkit\women\family\41739-720.mp4
Processing row 42/131: ID=42
Video loop failed, keeping original duration: 12.05s
Audio duration adjustment failed: 'AudioFileClip' object has no attribute 'subclip'
Final video duration set to: 17.0s (actual: 17.0s)
Created: D:\reels-dev\mixkit\output_reel_ADHD\42_improving_self_control_ADHD.mp4
Updating CSV: row 42 FilePath = D:\reels-dev\mixkit\output_reel_ADHD\42_improving_self_control_ADHD.mp4
Wrote 131 rows to temp CSV: C:\software\autoreels\AutoReels\family\Calm_ADHD_Blueprint_Hooks2.csv.tmp
CSV file updated successfully: C:\software\autoreels\AutoReels\family\Calm_ADHD_Blueprint_Hooks2.csv
Thumbnail created: D:\reels-dev\mixkit\output_reel_ADHD\thumbnails\42_improving_self_control_ADHD.jpg
CSV updated with FilePath: D:\reels-dev\mixkit\output_reel_ADHD\42_improving_self_control_ADHD.mp4
  Input video: D:\reels-dev\mixkit\women\family\41740-720.mp4
Processing row 43/131: ID=43
Video loop failed, keeping original duration: 13.43s
Audio duration adjustment failed: 'AudioFileClip' object has no attribute 'subclip'
Final video duration set to: 17.0s (actual: 17.0s)
Created: D:\reels-dev\mixkit\output_reel_ADHD\43_positive_reinforcement_ADHD_children.mp4
Updating CSV: row 43 FilePath = D:\reels-dev\mixkit\output_reel_ADHD\43_positive_reinforcement_ADHD_children.mp4
Wrote 131 rows to temp CSV: C:\software\autoreels\AutoReels\family\Calm_ADHD_Blueprint_Hooks2.csv.tmp
CSV file updated successfully: C:\software\autoreels\AutoReels\family\Calm_ADHD_Blueprint_Hooks2.csv
Thumbnail created: D:\reels-dev\mixkit\output_reel_ADHD\thumbnails\43_positive_reinforcement_ADHD_children.jpg
CSV updated with FilePath: D:\reels-dev\mixkit\output_reel_ADHD\43_positive_reinforcement_ADHD_children.mp4
  Input video: D:\reels-dev\mixkit\women\family\41743-720.mp4
Processing row 44/131: ID=44
Video loop failed, keeping original duration: 10.26s
Audio duration adjustment failed: 'AudioFileClip' object has no attribute 'subclip'
Final video duration set to: 17.0s (actual: 17.0s)
Created: D:\reels-dev\mixkit\output_reel_ADHD\44_home_learning_setup_ADHD_children.mp4
Updating CSV: row 44 FilePath = D:\reels-dev\mixkit\output_reel_ADHD\44_home_learning_setup_ADHD_children.mp4
Wrote 131 rows to temp CSV: C:\software\autoreels\AutoReels\family\Calm_ADHD_Blueprint_Hooks2.csv.tmp
CSV file updated successfully: C:\software\autoreels\AutoReels\family\Calm_ADHD_Blueprint_Hooks2.csv
Thumbnail created: D:\reels-dev\mixkit\output_reel_ADHD\thumbnails\44_home_learning_setup_ADHD_children.jpg
CSV updated with FilePath: D:\reels-dev\mixkit\output_reel_ADHD\44_home_learning_setup_ADHD_children.mp4
  Input video: D:\reels-dev\mixkit\women\family\41744-720.mp4
Processing row 45/131: ID=45
Video loop failed, keeping original duration: 11.80s
Audio duration adjustment failed: 'AudioFileClip' object has no attribute 'subclip'
Final video duration set to: 17.0s (actual: 17.0s)
Created: D:\reels-dev\mixkit\output_reel_ADHD\45_exercise_benefits_ADHD_children.mp4
Updating CSV: row 45 FilePath = D:\reels-dev\mixkit\output_reel_ADHD\45_exercise_benefits_ADHD_children.mp4
Wrote 131 rows to temp CSV: C:\software\autoreels\AutoReels\family\Calm_ADHD_Blueprint_Hooks2.csv.tmp
CSV file updated successfully: C:\software\autoreels\AutoReels\family\Calm_ADHD_Blueprint_Hooks2.csv
Thumbnail created: D:\reels-dev\mixkit\output_reel_ADHD\thumbnails\45_exercise_benefits_ADHD_children.jpg
CSV updated with FilePath: D:\reels-dev\mixkit\output_reel_ADHD\45_exercise_benefits_ADHD_children.mp4
  Input video: D:\reels-dev\mixkit\women\family\41961-720.mp4
Processing row 46/131: ID=46
Video loop failed, keeping original duration: 15.02s
Audio duration adjustment failed: 'AudioFileClip' object has no attribute 'subclip'
Final video duration set to: 17.0s (actual: 17.0s)
Created: D:\reels-dev\mixkit\output_reel_ADHD\46_teaching_coping_skills_ADHD.mp4
Updating CSV: row 46 FilePath = D:\reels-dev\mixkit\output_reel_ADHD\46_teaching_coping_skills_ADHD.mp4
Wrote 131 rows to temp CSV: C:\software\autoreels\AutoReels\family\Calm_ADHD_Blueprint_Hooks2.csv.tmp
CSV file updated successfully: C:\software\autoreels\AutoReels\family\Calm_ADHD_Blueprint_Hooks2.csv
Thumbnail created: D:\reels-dev\mixkit\output_reel_ADHD\thumbnails\46_teaching_coping_skills_ADHD.jpg
CSV updated with FilePath: D:\reels-dev\mixkit\output_reel_ADHD\46_teaching_coping_skills_ADHD.mp4
  Input video: D:\reels-dev\mixkit\women\family\41965-720.mp4
Processing row 47/131: ID=47
Video loop failed, keeping original duration: 12.72s
Audio duration adjustment failed: 'AudioFileClip' object has no attribute 'subclip'
Final video duration set to: 17.0s (actual: 17.0s)
Created: D:\reels-dev\mixkit\output_reel_ADHD\47_sensory_sensitivities_ADHD_children.mp4
Updating CSV: row 47 FilePath = D:\reels-dev\mixkit\output_reel_ADHD\47_sensory_sensitivities_ADHD_children.mp4
Wrote 131 rows to temp CSV: C:\software\autoreels\AutoReels\family\Calm_ADHD_Blueprint_Hooks2.csv.tmp
CSV file updated successfully: C:\software\autoreels\AutoReels\family\Calm_ADHD_Blueprint_Hooks2.csv
Thumbnail created: D:\reels-dev\mixkit\output_reel_ADHD\thumbnails\47_sensory_sensitivities_ADHD_children.jpg
CSV updated with FilePath: D:\reels-dev\mixkit\output_reel_ADHD\47_sensory_sensitivities_ADHD_children.mp4
  Input video: D:\reels-dev\mixkit\women\family\41967-720.mp4
Processing row 48/131: ID=48
Video loop failed, keeping original duration: 15.02s
Audio duration adjustment failed: 'AudioFileClip' object has no attribute 'subclip'
Final video duration set to: 17.0s (actual: 17.0s)
Created: D:\reels-dev\mixkit\output_reel_ADHD\48_checklists_for_ADHD_children.mp4
Updating CSV: row 48 FilePath = D:\reels-dev\mixkit\output_reel_ADHD\48_checklists_for_ADHD_children.mp4
Wrote 131 rows to temp CSV: C:\software\autoreels\AutoReels\family\Calm_ADHD_Blueprint_Hooks2.csv.tmp
CSV file updated successfully: C:\software\autoreels\AutoReels\family\Calm_ADHD_Blueprint_Hooks2.csv
Thumbnail created: D:\reels-dev\mixkit\output_reel_ADHD\thumbnails\48_checklists_for_ADHD_children.jpg
CSV updated with FilePath: D:\reels-dev\mixkit\output_reel_ADHD\48_checklists_for_ADHD_children.mp4
  Input video: D:\reels-dev\mixkit\women\family\41970-720.mp4
Processing row 49/131: ID=49
Video loop failed, keeping original duration: 9.18s
Audio duration adjustment failed: 'AudioFileClip' object has no attribute 'subclip'
Final video duration set to: 17.0s (actual: 17.0s)
Created: D:\reels-dev\mixkit\output_reel_ADHD\49_managing_ADHD_impulsive_speech.mp4
Updating CSV: row 49 FilePath = D:\reels-dev\mixkit\output_reel_ADHD\49_managing_ADHD_impulsive_speech.mp4
Wrote 131 rows to temp CSV: C:\software\autoreels\AutoReels\family\Calm_ADHD_Blueprint_Hooks2.csv.tmp
CSV file updated successfully: C:\software\autoreels\AutoReels\family\Calm_ADHD_Blueprint_Hooks2.csv
Thumbnail created: D:\reels-dev\mixkit\output_reel_ADHD\thumbnails\49_managing_ADHD_impulsive_speech.jpg
CSV updated with FilePath: D:\reels-dev\mixkit\output_reel_ADHD\49_managing_ADHD_impulsive_speech.mp4
  Input video: D:\reels-dev\mixkit\women\family\42147-720.mp4
Processing row 50/131: ID=50
Video loop failed, keeping original duration: 5.26s
Audio duration adjustment failed: 'AudioFileClip' object has no attribute 'subclip'
Final video duration set to: 17.0s (actual: 17.0s)
Created: D:\reels-dev\mixkit\output_reel_ADHD\50_ADHD_friendship_tips.mp4
Updating CSV: row 50 FilePath = D:\reels-dev\mixkit\output_reel_ADHD\50_ADHD_friendship_tips.mp4
Wrote 131 rows to temp CSV: C:\software\autoreels\AutoReels\family\Calm_ADHD_Blueprint_Hooks2.csv.tmp
CSV file updated successfully: C:\software\autoreels\AutoReels\family\Calm_ADHD_Blueprint_Hooks2.csv
Thumbnail created: D:\reels-dev\mixkit\output_reel_ADHD\thumbnails\50_ADHD_friendship_tips.jpg
CSV updated with FilePath: D:\reels-dev\mixkit\output_reel_ADHD\50_ADHD_friendship_tips.mp4
  Input video: D:\reels-dev\mixkit\women\family\42166-720.mp4
Processing row 51/131: ID=51
Video loop failed, keeping original duration: 11.34s
Audio duration adjustment failed: 'AudioFileClip' object has no attribute 'subclip'
Final video duration set to: 17.0s (actual: 17.0s)
Created: D:\reels-dev\mixkit\output_reel_ADHD\51_visual_aids_ADHD_learning.mp4
Updating CSV: row 51 FilePath = D:\reels-dev\mixkit\output_reel_ADHD\51_visual_aids_ADHD_learning.mp4
Wrote 131 rows to temp CSV: C:\software\autoreels\AutoReels\family\Calm_ADHD_Blueprint_Hooks2.csv.tmp
CSV file updated successfully: C:\software\autoreels\AutoReels\family\Calm_ADHD_Blueprint_Hooks2.csv
Thumbnail created: D:\reels-dev\mixkit\output_reel_ADHD\thumbnails\51_visual_aids_ADHD_learning.jpg
CSV updated with FilePath: D:\reels-dev\mixkit\output_reel_ADHD\51_visual_aids_ADHD_learning.mp4
  Input video: D:\reels-dev\mixkit\women\family\42167-720.mp4
Processing row 52/131: ID=52
Video loop failed, keeping original duration: 10.09s
Audio duration adjustment failed: 'AudioFileClip' object has no attribute 'subclip'
Final video duration set to: 17.0s (actual: 17.0s)
Created: D:\reels-dev\mixkit\output_reel_ADHD\52_managing_screen_time_ADHD_children.mp4
Updating CSV: row 52 FilePath = D:\reels-dev\mixkit\output_reel_ADHD\52_managing_screen_time_ADHD_children.mp4
Wrote 131 rows to temp CSV: C:\software\autoreels\AutoReels\family\Calm_ADHD_Blueprint_Hooks2.csv.tmp
CSV file updated successfully: C:\software\autoreels\AutoReels\family\Calm_ADHD_Blueprint_Hooks2.csv
Thumbnail created: D:\reels-dev\mixkit\output_reel_ADHD\thumbnails\52_managing_screen_time_ADHD_children.jpg
CSV updated with FilePath: D:\reels-dev\mixkit\output_reel_ADHD\52_managing_screen_time_ADHD_children.mp4
  Input video: D:\reels-dev\mixkit\women\family\42168-720.mp4
Processing row 53/131: ID=53
Video loop failed, keeping original duration: 11.01s
Audio duration adjustment failed: 'AudioFileClip' object has no attribute 'subclip'
Final video duration set to: 17.0s (actual: 17.0s)
Created: D:\reels-dev\mixkit\output_reel_ADHD\53_calm_down_strategies_ADHD.mp4
Updating CSV: row 53 FilePath = D:\reels-dev\mixkit\output_reel_ADHD\53_calm_down_strategies_ADHD.mp4
Wrote 131 rows to temp CSV: C:\software\autoreels\AutoReels\family\Calm_ADHD_Blueprint_Hooks2.csv.tmp
CSV file updated successfully: C:\software\autoreels\AutoReels\family\Calm_ADHD_Blueprint_Hooks2.csv
Thumbnail created: D:\reels-dev\mixkit\output_reel_ADHD\thumbnails\53_calm_down_strategies_ADHD.jpg
CSV updated with FilePath: D:\reels-dev\mixkit\output_reel_ADHD\53_calm_down_strategies_ADHD.mp4
  Input video: D:\reels-dev\mixkit\women\family\42175-720.mp4
Processing row 54/131: ID=54
Video loop failed, keeping original duration: 10.51s
Audio duration adjustment failed: 'AudioFileClip' object has no attribute 'subclip'
Final video duration set to: 17.0s (actual: 17.0s)
Created: D:\reels-dev\mixkit\output_reel_ADHD\54_movement_breaks_ADHD_children.mp4
Updating CSV: row 54 FilePath = D:\reels-dev\mixkit\output_reel_ADHD\54_movement_breaks_ADHD_children.mp4
Wrote 131 rows to temp CSV: C:\software\autoreels\AutoReels\family\Calm_ADHD_Blueprint_Hooks2.csv.tmp
CSV file updated successfully: C:\software\autoreels\AutoReels\family\Calm_ADHD_Blueprint_Hooks2.csv
Thumbnail created: D:\reels-dev\mixkit\output_reel_ADHD\thumbnails\54_movement_breaks_ADHD_children.jpg
CSV updated with FilePath: D:\reels-dev\mixkit\output_reel_ADHD\54_movement_breaks_ADHD_children.mp4
  Input video: D:\reels-dev\mixkit\women\family\42177-720.mp4
Processing row 55/131: ID=55
Video loop failed, keeping original duration: 5.38s
Audio duration adjustment failed: 'AudioFileClip' object has no attribute 'subclip'
Final video duration set to: 17.0s (actual: 17.0s)
Created: D:\reels-dev\mixkit\output_reel_ADHD\55_managing_ADHD_transitions.mp4
Updating CSV: row 55 FilePath = D:\reels-dev\mixkit\output_reel_ADHD\55_managing_ADHD_transitions.mp4
Wrote 131 rows to temp CSV: C:\software\autoreels\AutoReels\family\Calm_ADHD_Blueprint_Hooks2.csv.tmp
CSV file updated successfully: C:\software\autoreels\AutoReels\family\Calm_ADHD_Blueprint_Hooks2.csv
Thumbnail created: D:\reels-dev\mixkit\output_reel_ADHD\thumbnails\55_managing_ADHD_transitions.jpg
CSV updated with FilePath: D:\reels-dev\mixkit\output_reel_ADHD\55_managing_ADHD_transitions.mp4
  Input video: D:\reels-dev\mixkit\women\family\42179-720.mp4
Processing row 56/131: ID=56
Video loop failed, keeping original duration: 8.17s
Audio duration adjustment failed: 'AudioFileClip' object has no attribute 'subclip'
Final video duration set to: 17.0s (actual: 17.0s)
Created: D:\reels-dev\mixkit\output_reel_ADHD\56_reducing_anxiety_ADHD_children.mp4
Updating CSV: row 56 FilePath = D:\reels-dev\mixkit\output_reel_ADHD\56_reducing_anxiety_ADHD_children.mp4
Wrote 131 rows to temp CSV: C:\software\autoreels\AutoReels\family\Calm_ADHD_Blueprint_Hooks2.csv.tmp
CSV file updated successfully: C:\software\autoreels\AutoReels\family\Calm_ADHD_Blueprint_Hooks2.csv
Thumbnail created: D:\reels-dev\mixkit\output_reel_ADHD\thumbnails\56_reducing_anxiety_ADHD_children.jpg
CSV updated with FilePath: D:\reels-dev\mixkit\output_reel_ADHD\56_reducing_anxiety_ADHD_children.mp4
  Input video: D:\reels-dev\mixkit\women\family\42384-720.mp4
Processing row 57/131: ID=57
Video duration adjustment failed: 'VideoFileClip' object has no attribute 'subclip'
Audio duration adjustment failed: 'AudioFileClip' object has no attribute 'subclip'
Final video duration set to: 17.0s (actual: 17.0s)
Created: D:\reels-dev\mixkit\output_reel_ADHD\57_collaborating_with_teachers_ADHD.mp4
Updating CSV: row 57 FilePath = D:\reels-dev\mixkit\output_reel_ADHD\57_collaborating_with_teachers_ADHD.mp4
Wrote 131 rows to temp CSV: C:\software\autoreels\AutoReels\family\Calm_ADHD_Blueprint_Hooks2.csv.tmp
CSV file updated successfully: C:\software\autoreels\AutoReels\family\Calm_ADHD_Blueprint_Hooks2.csv
Thumbnail created: D:\reels-dev\mixkit\output_reel_ADHD\thumbnails\57_collaborating_with_teachers_ADHD.jpg
CSV updated with FilePath: D:\reels-dev\mixkit\output_reel_ADHD\57_collaborating_with_teachers_ADHD.mp4
  Input video: D:\reels-dev\mixkit\women\family\43258-720.mp4
Processing row 58/131: ID=58
Video loop failed, keeping original duration: 13.18s
Audio duration adjustment failed: 'AudioFileClip' object has no attribute 'subclip'
Final video duration set to: 17.0s (actual: 17.0s)
Created: D:\reels-dev\mixkit\output_reel_ADHD\58_ADHD_emotional_management_strategies.mp4
Updating CSV: row 58 FilePath = D:\reels-dev\mixkit\output_reel_ADHD\58_ADHD_emotional_management_strategies.mp4
Wrote 131 rows to temp CSV: C:\software\autoreels\AutoReels\family\Calm_ADHD_Blueprint_Hooks2.csv.tmp
CSV file updated successfully: C:\software\autoreels\AutoReels\family\Calm_ADHD_Blueprint_Hooks2.csv
Thumbnail created: D:\reels-dev\mixkit\output_reel_ADHD\thumbnails\58_ADHD_emotional_management_strategies.jpg
CSV updated with FilePath: D:\reels-dev\mixkit\output_reel_ADHD\58_ADHD_emotional_management_strategies.mp4
  Input video: D:\reels-dev\mixkit\women\family\43260-720.mp4
Processing row 59/131: ID=59
Video loop failed, keeping original duration: 11.55s
Audio duration adjustment failed: 'AudioFileClip' object has no attribute 'subclip'
Final video duration set to: 17.0s (actual: 17.0s)
Created: D:\reels-dev\mixkit\output_reel_ADHD\59_mindfulness_for_ADHD_children.mp4
Updating CSV: row 59 FilePath = D:\reels-dev\mixkit\output_reel_ADHD\59_mindfulness_for_ADHD_children.mp4
Wrote 131 rows to temp CSV: C:\software\autoreels\AutoReels\family\Calm_ADHD_Blueprint_Hooks2.csv.tmp
CSV file updated successfully: C:\software\autoreels\AutoReels\family\Calm_ADHD_Blueprint_Hooks2.csv
Thumbnail created: D:\reels-dev\mixkit\output_reel_ADHD\thumbnails\59_mindfulness_for_ADHD_children.jpg
CSV updated with FilePath: D:\reels-dev\mixkit\output_reel_ADHD\59_mindfulness_for_ADHD_children.mp4
  Input video: D:\reels-dev\mixkit\women\family\43343-720.mp4
Processing row 60/131: ID=60
Video loop failed, keeping original duration: 6.46s
Audio duration adjustment failed: 'AudioFileClip' object has no attribute 'subclip'
Final video duration set to: 17.0s (actual: 17.0s)
Created: D:\reels-dev\mixkit\output_reel_ADHD\60_structured_meals_ADHD_children.mp4
Updating CSV: row 60 FilePath = D:\reels-dev\mixkit\output_reel_ADHD\60_structured_meals_ADHD_children.mp4
Wrote 131 rows to temp CSV: C:\software\autoreels\AutoReels\family\Calm_ADHD_Blueprint_Hooks2.csv.tmp
CSV file updated successfully: C:\software\autoreels\AutoReels\family\Calm_ADHD_Blueprint_Hooks2.csv
Thumbnail created: D:\reels-dev\mixkit\output_reel_ADHD\thumbnails\60_structured_meals_ADHD_children.jpg
CSV updated with FilePath: D:\reels-dev\mixkit\output_reel_ADHD\60_structured_meals_ADHD_children.mp4
  Input video: D:\reels-dev\mixkit\women\family\43346-720.mp4
Processing row 61/131: ID=61
Video loop failed, keeping original duration: 12.43s
Audio duration adjustment failed: 'AudioFileClip' object has no attribute 'subclip'
Final video duration set to: 17.0s (actual: 17.0s)
Created: D:\reels-dev\mixkit\output_reel_ADHD\61_ADHD_multi_step_task_strategies.mp4
Updating CSV: row 61 FilePath = D:\reels-dev\mixkit\output_reel_ADHD\61_ADHD_multi_step_task_strategies.mp4
Wrote 131 rows to temp CSV: C:\software\autoreels\AutoReels\family\Calm_ADHD_Blueprint_Hooks2.csv.tmp
CSV file updated successfully: C:\software\autoreels\AutoReels\family\Calm_ADHD_Blueprint_Hooks2.csv
Thumbnail created: D:\reels-dev\mixkit\output_reel_ADHD\thumbnails\61_ADHD_multi_step_task_strategies.jpg
CSV updated with FilePath: D:\reels-dev\mixkit\output_reel_ADHD\61_ADHD_multi_step_task_strategies.mp4
  Input video: D:\reels-dev\mixkit\women\family\43352-720.mp4
Processing row 62/131: ID=62
Video loop failed, keeping original duration: 16.18s
Audio duration adjustment failed: 'AudioFileClip' object has no attribute 'subclip'
Final video duration set to: 17.0s (actual: 17.0s)
Created: D:\reels-dev\mixkit\output_reel_ADHD\62_tracking_ADHD_child_progress.mp4
Updating CSV: row 62 FilePath = D:\reels-dev\mixkit\output_reel_ADHD\62_tracking_ADHD_child_progress.mp4
Wrote 131 rows to temp CSV: C:\software\autoreels\AutoReels\family\Calm_ADHD_Blueprint_Hooks2.csv.tmp
CSV file updated successfully: C:\software\autoreels\AutoReels\family\Calm_ADHD_Blueprint_Hooks2.csv
Thumbnail created: D:\reels-dev\mixkit\output_reel_ADHD\thumbnails\62_tracking_ADHD_child_progress.jpg
CSV updated with FilePath: D:\reels-dev\mixkit\output_reel_ADHD\62_tracking_ADHD_child_progress.mp4
  Input video: D:\reels-dev\mixkit\women\family\43359-720.mp4
Processing row 63/131: ID=63
Video loop failed, keeping original duration: 10.84s
Audio duration adjustment failed: 'AudioFileClip' object has no attribute 'subclip'
Final video duration set to: 17.0s (actual: 17.0s)
Created: D:\reels-dev\mixkit\output_reel_ADHD\63_ADHD_overstimulation_strategies.mp4
Updating CSV: row 63 FilePath = D:\reels-dev\mixkit\output_reel_ADHD\63_ADHD_overstimulation_strategies.mp4
Wrote 131 rows to temp CSV: C:\software\autoreels\AutoReels\family\Calm_ADHD_Blueprint_Hooks2.csv.tmp
CSV file updated successfully: C:\software\autoreels\AutoReels\family\Calm_ADHD_Blueprint_Hooks2.csv
Thumbnail created: D:\reels-dev\mixkit\output_reel_ADHD\thumbnails\63_ADHD_overstimulation_strategies.jpg
CSV updated with FilePath: D:\reels-dev\mixkit\output_reel_ADHD\63_ADHD_overstimulation_strategies.mp4
  Input video: D:\reels-dev\mixkit\women\family\43361-720.mp4
Processing row 64/131: ID=64
Video loop failed, keeping original duration: 11.05s
Audio duration adjustment failed: 'AudioFileClip' object has no attribute 'subclip'
Final video duration set to: 17.0s (actual: 17.0s)
Created: D:\reels-dev\mixkit\output_reel_ADHD\64_teaching_organizational_skills_ADHD.mp4
Updating CSV: row 64 FilePath = D:\reels-dev\mixkit\output_reel_ADHD\64_teaching_organizational_skills_ADHD.mp4
Wrote 131 rows to temp CSV: C:\software\autoreels\AutoReels\family\Calm_ADHD_Blueprint_Hooks2.csv.tmp
CSV file updated successfully: C:\software\autoreels\AutoReels\family\Calm_ADHD_Blueprint_Hooks2.csv
Thumbnail created: D:\reels-dev\mixkit\output_reel_ADHD\thumbnails\64_teaching_organizational_skills_ADHD.jpg
CSV updated with FilePath: D:\reels-dev\mixkit\output_reel_ADHD\64_teaching_organizational_skills_ADHD.mp4
  Input video: D:\reels-dev\mixkit\women\family\43369-720.mp4
Processing row 65/131: ID=65
Video loop failed, keeping original duration: 14.68s
Audio duration adjustment failed: 'AudioFileClip' object has no attribute 'subclip'
Final video duration set to: 17.0s (actual: 17.0s)
Created: D:\reels-dev\mixkit\output_reel_ADHD\65_ADHD_peer_support_benefits.mp4
Updating CSV: row 65 FilePath = D:\reels-dev\mixkit\output_reel_ADHD\65_ADHD_peer_support_benefits.mp4
Wrote 131 rows to temp CSV: C:\software\autoreels\AutoReels\family\Calm_ADHD_Blueprint_Hooks2.csv.tmp
CSV file updated successfully: C:\software\autoreels\AutoReels\family\Calm_ADHD_Blueprint_Hooks2.csv
Thumbnail created: D:\reels-dev\mixkit\output_reel_ADHD\thumbnails\65_ADHD_peer_support_benefits.jpg
CSV updated with FilePath: D:\reels-dev\mixkit\output_reel_ADHD\65_ADHD_peer_support_benefits.mp4
  Input video: D:\reels-dev\mixkit\women\family\43787-720.mp4
Processing row 66/131: ID=66
Video duration adjustment failed: 'VideoFileClip' object has no attribute 'subclip'
Audio duration adjustment failed: 'AudioFileClip' object has no attribute 'subclip'
Final video duration set to: 17.0s (actual: 17.0s)
Created: D:\reels-dev\mixkit\output_reel_ADHD\66_coping_with_frustration_ADHD_children.mp4
Updating CSV: row 66 FilePath = D:\reels-dev\mixkit\output_reel_ADHD\66_coping_with_frustration_ADHD_children.mp4
Wrote 131 rows to temp CSV: C:\software\autoreels\AutoReels\family\Calm_ADHD_Blueprint_Hooks2.csv.tmp
CSV file updated successfully: C:\software\autoreels\AutoReels\family\Calm_ADHD_Blueprint_Hooks2.csv
Thumbnail created: D:\reels-dev\mixkit\output_reel_ADHD\thumbnails\66_coping_with_frustration_ADHD_children.jpg
CSV updated with FilePath: D:\reels-dev\mixkit\output_reel_ADHD\66_coping_with_frustration_ADHD_children.mp4
  Input video: D:\reels-dev\mixkit\women\family\43893-720.mp4
Processing row 67/131: ID=67
Video loop failed, keeping original duration: 14.18s
Audio duration adjustment failed: 'AudioFileClip' object has no attribute 'subclip'
Final video duration set to: 17.0s (actual: 17.0s)
Created: D:\reels-dev\mixkit\output_reel_ADHD\67_predictable_routines_ADHD_children.mp4
Updating CSV: row 67 FilePath = D:\reels-dev\mixkit\output_reel_ADHD\67_predictable_routines_ADHD_children.mp4
Wrote 131 rows to temp CSV: C:\software\autoreels\AutoReels\family\Calm_ADHD_Blueprint_Hooks2.csv.tmp
CSV file updated successfully: C:\software\autoreels\AutoReels\family\Calm_ADHD_Blueprint_Hooks2.csv
Thumbnail created: D:\reels-dev\mixkit\output_reel_ADHD\thumbnails\67_predictable_routines_ADHD_children.jpg
CSV updated with FilePath: D:\reels-dev\mixkit\output_reel_ADHD\67_predictable_routines_ADHD_children.mp4
  Input video: D:\reels-dev\mixkit\women\family\44527-720.mp4
Processing row 68/131: ID=68
Video duration adjustment failed: 'VideoFileClip' object has no attribute 'subclip'
Audio duration adjustment failed: 'AudioFileClip' object has no attribute 'subclip'
Final video duration set to: 17.0s (actual: 17.0s)
Created: D:\reels-dev\mixkit\output_reel_ADHD\68_transition_strategies_ADHD_children.mp4
Updating CSV: row 68 FilePath = D:\reels-dev\mixkit\output_reel_ADHD\68_transition_strategies_ADHD_children.mp4
Wrote 131 rows to temp CSV: C:\software\autoreels\AutoReels\family\Calm_ADHD_Blueprint_Hooks2.csv.tmp
CSV file updated successfully: C:\software\autoreels\AutoReels\family\Calm_ADHD_Blueprint_Hooks2.csv
Thumbnail created: D:\reels-dev\mixkit\output_reel_ADHD\thumbnails\68_transition_strategies_ADHD_children.jpg
CSV updated with FilePath: D:\reels-dev\mixkit\output_reel_ADHD\68_transition_strategies_ADHD_children.mp4
  Input video: D:\reels-dev\mixkit\women\family\44529-720.mp4
Processing row 69/131: ID=69
Video loop failed, keeping original duration: 12.68s
Audio duration adjustment failed: 'AudioFileClip' object has no attribute 'subclip'
Final video duration set to: 17.0s (actual: 17.0s)
Created: D:\reels-dev\mixkit\output_reel_ADHD\69_goal_setting_for_ADHD_children.mp4
Updating CSV: row 69 FilePath = D:\reels-dev\mixkit\output_reel_ADHD\69_goal_setting_for_ADHD_children.mp4
Wrote 131 rows to temp CSV: C:\software\autoreels\AutoReels\family\Calm_ADHD_Blueprint_Hooks2.csv.tmp
CSV file updated successfully: C:\software\autoreels\AutoReels\family\Calm_ADHD_Blueprint_Hooks2.csv
Thumbnail created: D:\reels-dev\mixkit\output_reel_ADHD\thumbnails\69_goal_setting_for_ADHD_children.jpg
CSV updated with FilePath: D:\reels-dev\mixkit\output_reel_ADHD\69_goal_setting_for_ADHD_children.mp4
  Input video: D:\reels-dev\mixkit\women\family\45027-720.mp4
Processing row 70/131: ID=70
Video loop failed, keeping original duration: 10.16s
Audio duration adjustment failed: 'AudioFileClip' object has no attribute 'subclip'
Final video duration set to: 17.0s (actual: 17.0s)
Created: D:\reels-dev\mixkit\output_reel_ADHD\70_self_monitoring_strategies_ADHD_children.mp4
Updating CSV: row 70 FilePath = D:\reels-dev\mixkit\output_reel_ADHD\70_self_monitoring_strategies_ADHD_children.mp4
Wrote 131 rows to temp CSV: C:\software\autoreels\AutoReels\family\Calm_ADHD_Blueprint_Hooks2.csv.tmp
CSV file updated successfully: C:\software\autoreels\AutoReels\family\Calm_ADHD_Blueprint_Hooks2.csv
Thumbnail created: D:\reels-dev\mixkit\output_reel_ADHD\thumbnails\70_self_monitoring_strategies_ADHD_children.jpg
CSV updated with FilePath: D:\reels-dev\mixkit\output_reel_ADHD\70_self_monitoring_strategies_ADHD_children.mp4
  Input video: D:\reels-dev\mixkit\women\family\4523-720.mp4
Processing row 71/131: ID=71
Video loop failed, keeping original duration: 13.01s
Audio duration adjustment failed: 'AudioFileClip' object has no attribute 'subclip'
Final video duration set to: 17.0s (actual: 17.0s)
Created: D:\reels-dev\mixkit\output_reel_ADHD\71_ADHD_journaling_for_kids.mp4
Updating CSV: row 71 FilePath = D:\reels-dev\mixkit\output_reel_ADHD\71_ADHD_journaling_for_kids.mp4
Wrote 131 rows to temp CSV: C:\software\autoreels\AutoReels\family\Calm_ADHD_Blueprint_Hooks2.csv.tmp
CSV file updated successfully: C:\software\autoreels\AutoReels\family\Calm_ADHD_Blueprint_Hooks2.csv
Thumbnail created: D:\reels-dev\mixkit\output_reel_ADHD\thumbnails\71_ADHD_journaling_for_kids.jpg
CSV updated with FilePath: D:\reels-dev\mixkit\output_reel_ADHD\71_ADHD_journaling_for_kids.mp4
  Input video: D:\reels-dev\mixkit\women\family\4524-720.mp4
Processing row 72/131: ID=72
Video loop failed, keeping original duration: 10.00s
Audio duration adjustment failed: 'AudioFileClip' object has no attribute 'subclip'
Final video duration set to: 17.0s (actual: 17.0s)
Created: D:\reels-dev\mixkit\output_reel_ADHD\72_visual_timers_ADHD_children.mp4
Updating CSV: row 72 FilePath = D:\reels-dev\mixkit\output_reel_ADHD\72_visual_timers_ADHD_children.mp4
Wrote 131 rows to temp CSV: C:\software\autoreels\AutoReels\family\Calm_ADHD_Blueprint_Hooks2.csv.tmp
CSV file updated successfully: C:\software\autoreels\AutoReels\family\Calm_ADHD_Blueprint_Hooks2.csv
Thumbnail created: D:\reels-dev\mixkit\output_reel_ADHD\thumbnails\72_visual_timers_ADHD_children.jpg
CSV updated with FilePath: D:\reels-dev\mixkit\output_reel_ADHD\72_visual_timers_ADHD_children.mp4
  Input video: D:\reels-dev\mixkit\women\family\4549-720.mp4
Processing row 73/131: ID=73
Video loop failed, keeping original duration: 11.01s
Audio duration adjustment failed: 'AudioFileClip' object has no attribute 'subclip'
Final video duration set to: 17.0s (actual: 17.0s)
Created: D:\reels-dev\mixkit\output_reel_ADHD\73_calming_techniques_ADHD_children.mp4
Updating CSV: row 73 FilePath = D:\reels-dev\mixkit\output_reel_ADHD\73_calming_techniques_ADHD_children.mp4
Wrote 131 rows to temp CSV: C:\software\autoreels\AutoReels\family\Calm_ADHD_Blueprint_Hooks2.csv.tmp
CSV file updated successfully: C:\software\autoreels\AutoReels\family\Calm_ADHD_Blueprint_Hooks2.csv
Thumbnail created: D:\reels-dev\mixkit\output_reel_ADHD\thumbnails\73_calming_techniques_ADHD_children.jpg
CSV updated with FilePath: D:\reels-dev\mixkit\output_reel_ADHD\73_calming_techniques_ADHD_children.mp4
  Input video: D:\reels-dev\mixkit\women\family\4554-720.mp4
Processing row 74/131: ID=74
Video loop failed, keeping original duration: 15.03s
Audio duration adjustment failed: 'AudioFileClip' object has no attribute 'subclip'
Final video duration set to: 17.0s (actual: 17.0s)
Created: D:\reels-dev\mixkit\output_reel_ADHD\74_ADHD_breaks_strategies.mp4
Updating CSV: row 74 FilePath = D:\reels-dev\mixkit\output_reel_ADHD\74_ADHD_breaks_strategies.mp4
Wrote 131 rows to temp CSV: C:\software\autoreels\AutoReels\family\Calm_ADHD_Blueprint_Hooks2.csv.tmp
CSV file updated successfully: C:\software\autoreels\AutoReels\family\Calm_ADHD_Blueprint_Hooks2.csv
Thumbnail created: D:\reels-dev\mixkit\output_reel_ADHD\thumbnails\74_ADHD_breaks_strategies.jpg
CSV updated with FilePath: D:\reels-dev\mixkit\output_reel_ADHD\74_ADHD_breaks_strategies.mp4
  Input video: D:\reels-dev\mixkit\women\family\46554-720.mp4
Processing row 75/131: ID=75
Video duration adjustment failed: 'VideoFileClip' object has no attribute 'subclip'
Audio duration adjustment failed: 'AudioFileClip' object has no attribute 'subclip'
Final video duration set to: 17.0s (actual: 17.0s)
Created: D:\reels-dev\mixkit\output_reel_ADHD\75_building_independence_ADHD_children.mp4
Updating CSV: row 75 FilePath = D:\reels-dev\mixkit\output_reel_ADHD\75_building_independence_ADHD_children.mp4
Wrote 131 rows to temp CSV: C:\software\autoreels\AutoReels\family\Calm_ADHD_Blueprint_Hooks2.csv.tmp
CSV file updated successfully: C:\software\autoreels\AutoReels\family\Calm_ADHD_Blueprint_Hooks2.csv
Thumbnail created: D:\reels-dev\mixkit\output_reel_ADHD\thumbnails\75_building_independence_ADHD_children.jpg
CSV updated with FilePath: D:\reels-dev\mixkit\output_reel_ADHD\75_building_independence_ADHD_children.mp4
  Input video: D:\reels-dev\mixkit\women\family\46556-720.mp4
Processing row 76/131: ID=76
Video duration adjustment failed: 'VideoFileClip' object has no attribute 'subclip'
Audio duration adjustment failed: 'AudioFileClip' object has no attribute 'subclip'
Final video duration set to: 17.0s (actual: 17.0s)
Created: D:\reels-dev\mixkit\output_reel_ADHD\76_consistent_reward_strategies_ADHD.mp4
Updating CSV: row 76 FilePath = D:\reels-dev\mixkit\output_reel_ADHD\76_consistent_reward_strategies_ADHD.mp4
Wrote 131 rows to temp CSV: C:\software\autoreels\AutoReels\family\Calm_ADHD_Blueprint_Hooks2.csv.tmp
CSV file updated successfully: C:\software\autoreels\AutoReels\family\Calm_ADHD_Blueprint_Hooks2.csv
Thumbnail created: D:\reels-dev\mixkit\output_reel_ADHD\thumbnails\76_consistent_reward_strategies_ADHD.jpg
CSV updated with FilePath: D:\reels-dev\mixkit\output_reel_ADHD\76_consistent_reward_strategies_ADHD.mp4
  Input video: D:\reels-dev\mixkit\women\family\46693-720.mp4
Processing row 77/131: ID=77
Video duration adjustment failed: 'VideoFileClip' object has no attribute 'subclip'
Audio duration adjustment failed: 'AudioFileClip' object has no attribute 'subclip'
Final video duration set to: 17.0s (actual: 17.0s)
Created: D:\reels-dev\mixkit\output_reel_ADHD\77_identifying_ADHD_child_strengths.mp4
Updating CSV: row 77 FilePath = D:\reels-dev\mixkit\output_reel_ADHD\77_identifying_ADHD_child_strengths.mp4
Wrote 131 rows to temp CSV: C:\software\autoreels\AutoReels\family\Calm_ADHD_Blueprint_Hooks2.csv.tmp
CSV file updated successfully: C:\software\autoreels\AutoReels\family\Calm_ADHD_Blueprint_Hooks2.csv
Thumbnail created: D:\reels-dev\mixkit\output_reel_ADHD\thumbnails\77_identifying_ADHD_child_strengths.jpg
CSV updated with FilePath: D:\reels-dev\mixkit\output_reel_ADHD\77_identifying_ADHD_child_strengths.mp4
  Input video: D:\reels-dev\mixkit\women\family\46779-720.mp4
Processing row 78/131: ID=78
Video duration adjustment failed: 'VideoFileClip' object has no attribute 'subclip'
Audio duration adjustment failed: 'AudioFileClip' object has no attribute 'subclip'
Final video duration set to: 17.0s (actual: 17.0s)
Created: D:\reels-dev\mixkit\output_reel_ADHD\78_group_activity_focus_ADHD.mp4
Updating CSV: row 78 FilePath = D:\reels-dev\mixkit\output_reel_ADHD\78_group_activity_focus_ADHD.mp4
Wrote 131 rows to temp CSV: C:\software\autoreels\AutoReels\family\Calm_ADHD_Blueprint_Hooks2.csv.tmp
CSV file updated successfully: C:\software\autoreels\AutoReels\family\Calm_ADHD_Blueprint_Hooks2.csv
Thumbnail created: D:\reels-dev\mixkit\output_reel_ADHD\thumbnails\78_group_activity_focus_ADHD.jpg
CSV updated with FilePath: D:\reels-dev\mixkit\output_reel_ADHD\78_group_activity_focus_ADHD.mp4
  Input video: D:\reels-dev\mixkit\women\family\46788-720.mp4
Processing row 79/131: ID=79
Video loop failed, keeping original duration: 13.76s
Audio duration adjustment failed: 'AudioFileClip' object has no attribute 'subclip'
Final video duration set to: 17.0s (actual: 17.0s)
Created: D:\reels-dev\mixkit\output_reel_ADHD\79_structured_visual_routines_ADHD.mp4
Updating CSV: row 79 FilePath = D:\reels-dev\mixkit\output_reel_ADHD\79_structured_visual_routines_ADHD.mp4
Wrote 131 rows to temp CSV: C:\software\autoreels\AutoReels\family\Calm_ADHD_Blueprint_Hooks2.csv.tmp
CSV file updated successfully: C:\software\autoreels\AutoReels\family\Calm_ADHD_Blueprint_Hooks2.csv
Thumbnail created: D:\reels-dev\mixkit\output_reel_ADHD\thumbnails\79_structured_visual_routines_ADHD.jpg
CSV updated with FilePath: D:\reels-dev\mixkit\output_reel_ADHD\79_structured_visual_routines_ADHD.mp4
  Input video: D:\reels-dev\mixkit\women\family\47408-720.mp4
Processing row 80/131: ID=80
Video loop failed, keeping original duration: 12.60s
Audio duration adjustment failed: 'AudioFileClip' object has no attribute 'subclip'
Final video duration set to: 17.0s (actual: 17.0s)
Created: D:\reels-dev\mixkit\output_reel_ADHD\80_reducing_anxiety_ADHD_children.mp4
Updating CSV: row 80 FilePath = D:\reels-dev\mixkit\output_reel_ADHD\80_reducing_anxiety_ADHD_children.mp4
Wrote 131 rows to temp CSV: C:\software\autoreels\AutoReels\family\Calm_ADHD_Blueprint_Hooks2.csv.tmp
CSV file updated successfully: C:\software\autoreels\AutoReels\family\Calm_ADHD_Blueprint_Hooks2.csv
Thumbnail created: D:\reels-dev\mixkit\output_reel_ADHD\thumbnails\80_reducing_anxiety_ADHD_children.jpg
CSV updated with FilePath: D:\reels-dev\mixkit\output_reel_ADHD\80_reducing_anxiety_ADHD_children.mp4
  Input video: D:\reels-dev\mixkit\women\family\47507-720.mp4
Processing row 81/131: ID=81
Video duration adjustment failed: 'VideoFileClip' object has no attribute 'subclip'
Audio duration adjustment failed: 'AudioFileClip' object has no attribute 'subclip'
Final video duration set to: 17.0s (actual: 17.0s)
Created: D:\reels-dev\mixkit\output_reel_ADHD\81_creative_learning_ADHD_children.mp4
Updating CSV: row 81 FilePath = D:\reels-dev\mixkit\output_reel_ADHD\81_creative_learning_ADHD_children.mp4
Wrote 131 rows to temp CSV: C:\software\autoreels\AutoReels\family\Calm_ADHD_Blueprint_Hooks2.csv.tmp
CSV file updated successfully: C:\software\autoreels\AutoReels\family\Calm_ADHD_Blueprint_Hooks2.csv
Thumbnail created: D:\reels-dev\mixkit\output_reel_ADHD\thumbnails\81_creative_learning_ADHD_children.jpg
CSV updated with FilePath: D:\reels-dev\mixkit\output_reel_ADHD\81_creative_learning_ADHD_children.mp4
  Input video: D:\reels-dev\mixkit\women\family\47600-720.mp4
Processing row 82/131: ID=82
Video loop failed, keeping original duration: 12.12s
Audio duration adjustment failed: 'AudioFileClip' object has no attribute 'subclip'
Final video duration set to: 17.0s (actual: 17.0s)
Created: D:\reels-dev\mixkit\output_reel_ADHD\82_improving_executive_function_ADHD.mp4
Updating CSV: row 82 FilePath = D:\reels-dev\mixkit\output_reel_ADHD\82_improving_executive_function_ADHD.mp4
Wrote 131 rows to temp CSV: C:\software\autoreels\AutoReels\family\Calm_ADHD_Blueprint_Hooks2.csv.tmp
CSV file updated successfully: C:\software\autoreels\AutoReels\family\Calm_ADHD_Blueprint_Hooks2.csv
Thumbnail created: D:\reels-dev\mixkit\output_reel_ADHD\thumbnails\82_improving_executive_function_ADHD.jpg
CSV updated with FilePath: D:\reels-dev\mixkit\output_reel_ADHD\82_improving_executive_function_ADHD.mp4
  Input video: D:\reels-dev\mixkit\women\family\47653-720.mp4
Processing row 83/131: ID=83
Video loop failed, keeping original duration: 13.68s
Audio duration adjustment failed: 'AudioFileClip' object has no attribute 'subclip'
Final video duration set to: 17.0s (actual: 17.0s)
Created: D:\reels-dev\mixkit\output_reel_ADHD\83_hands_on_learning_ADHD_children.mp4
Updating CSV: row 83 FilePath = D:\reels-dev\mixkit\output_reel_ADHD\83_hands_on_learning_ADHD_children.mp4
Wrote 131 rows to temp CSV: C:\software\autoreels\AutoReels\family\Calm_ADHD_Blueprint_Hooks2.csv.tmp
CSV file updated successfully: C:\software\autoreels\AutoReels\family\Calm_ADHD_Blueprint_Hooks2.csv
Thumbnail created: D:\reels-dev\mixkit\output_reel_ADHD\thumbnails\83_hands_on_learning_ADHD_children.jpg
CSV updated with FilePath: D:\reels-dev\mixkit\output_reel_ADHD\83_hands_on_learning_ADHD_children.mp4
  Input video: D:\reels-dev\mixkit\women\family\4790-720.mp4
Processing row 84/131: ID=84
Video loop failed, keeping original duration: 8.96s
Audio duration adjustment failed: 'AudioFileClip' object has no attribute 'subclip'
Final video duration set to: 17.0s (actual: 17.0s)
Created: D:\reels-dev\mixkit\output_reel_ADHD\84_ADHD_homework_checklists.mp4
Updating CSV: row 84 FilePath = D:\reels-dev\mixkit\output_reel_ADHD\84_ADHD_homework_checklists.mp4
Wrote 131 rows to temp CSV: C:\software\autoreels\AutoReels\family\Calm_ADHD_Blueprint_Hooks2.csv.tmp
CSV file updated successfully: C:\software\autoreels\AutoReels\family\Calm_ADHD_Blueprint_Hooks2.csv
Thumbnail created: D:\reels-dev\mixkit\output_reel_ADHD\thumbnails\84_ADHD_homework_checklists.jpg
CSV updated with FilePath: D:\reels-dev\mixkit\output_reel_ADHD\84_ADHD_homework_checklists.mp4
  Input video: D:\reels-dev\mixkit\women\family\47928-720.mp4
Processing row 85/131: ID=85
Video duration adjustment failed: 'VideoFileClip' object has no attribute 'subclip'
Audio duration adjustment failed: 'AudioFileClip' object has no attribute 'subclip'
Final video duration set to: 17.0s (actual: 17.0s)
Created: D:\reels-dev\mixkit\output_reel_ADHD\85_ADHD_exam_stress_management.mp4
Updating CSV: row 85 FilePath = D:\reels-dev\mixkit\output_reel_ADHD\85_ADHD_exam_stress_management.mp4
Wrote 131 rows to temp CSV: C:\software\autoreels\AutoReels\family\Calm_ADHD_Blueprint_Hooks2.csv.tmp
CSV file updated successfully: C:\software\autoreels\AutoReels\family\Calm_ADHD_Blueprint_Hooks2.csv
Thumbnail created: D:\reels-dev\mixkit\output_reel_ADHD\thumbnails\85_ADHD_exam_stress_management.jpg
CSV updated with FilePath: D:\reels-dev\mixkit\output_reel_ADHD\85_ADHD_exam_stress_management.mp4
  Input video: D:\reels-dev\mixkit\women\family\47929-720.mp4
Processing row 86/131: ID=86
Video duration adjustment failed: 'VideoFileClip' object has no attribute 'subclip'
Audio duration adjustment failed: 'AudioFileClip' object has no attribute 'subclip'
Final video duration set to: 17.0s (actual: 17.0s)
Created: D:\reels-dev\mixkit\output_reel_ADHD\86_snack_breaks_ADHD_children.mp4
Updating CSV: row 86 FilePath = D:\reels-dev\mixkit\output_reel_ADHD\86_snack_breaks_ADHD_children.mp4
Wrote 131 rows to temp CSV: C:\software\autoreels\AutoReels\family\Calm_ADHD_Blueprint_Hooks2.csv.tmp
CSV file updated successfully: C:\software\autoreels\AutoReels\family\Calm_ADHD_Blueprint_Hooks2.csv
Thumbnail created: D:\reels-dev\mixkit\output_reel_ADHD\thumbnails\86_snack_breaks_ADHD_children.jpg
CSV updated with FilePath: D:\reels-dev\mixkit\output_reel_ADHD\86_snack_breaks_ADHD_children.mp4
  Input video: D:\reels-dev\mixkit\women\family\48081-720.mp4
Processing row 87/131: ID=87
Video duration adjustment failed: 'VideoFileClip' object has no attribute 'subclip'
Audio duration adjustment failed: 'AudioFileClip' object has no attribute 'subclip'
Final video duration set to: 17.0s (actual: 17.0s)
Created: D:\reels-dev\mixkit\output_reel_ADHD\87_setting_priorities_ADHD_children.mp4
Updating CSV: row 87 FilePath = D:\reels-dev\mixkit\output_reel_ADHD\87_setting_priorities_ADHD_children.mp4
Wrote 131 rows to temp CSV: C:\software\autoreels\AutoReels\family\Calm_ADHD_Blueprint_Hooks2.csv.tmp
CSV file updated successfully: C:\software\autoreels\AutoReels\family\Calm_ADHD_Blueprint_Hooks2.csv
Thumbnail created: D:\reels-dev\mixkit\output_reel_ADHD\thumbnails\87_setting_priorities_ADHD_children.jpg
CSV updated with FilePath: D:\reels-dev\mixkit\output_reel_ADHD\87_setting_priorities_ADHD_children.mp4
  Input video: D:\reels-dev\mixkit\women\family\48136-720.mp4
Processing row 88/131: ID=88
Video duration adjustment failed: 'VideoFileClip' object has no attribute 'subclip'
Audio duration adjustment failed: 'AudioFileClip' object has no attribute 'subclip'
Final video duration set to: 17.0s (actual: 17.0s)
Created: D:\reels-dev\mixkit\output_reel_ADHD\88_interactive_learning_ADHD_children.mp4
Updating CSV: row 88 FilePath = D:\reels-dev\mixkit\output_reel_ADHD\88_interactive_learning_ADHD_children.mp4
Wrote 131 rows to temp CSV: C:\software\autoreels\AutoReels\family\Calm_ADHD_Blueprint_Hooks2.csv.tmp
CSV file updated successfully: C:\software\autoreels\AutoReels\family\Calm_ADHD_Blueprint_Hooks2.csv
Thumbnail created: D:\reels-dev\mixkit\output_reel_ADHD\thumbnails\88_interactive_learning_ADHD_children.jpg
CSV updated with FilePath: D:\reels-dev\mixkit\output_reel_ADHD\88_interactive_learning_ADHD_children.mp4
  Input video: D:\reels-dev\mixkit\women\family\48147-720.mp4
Processing row 89/131: ID=89
Video loop failed, keeping original duration: 6.71s
Audio duration adjustment failed: 'AudioFileClip' object has no attribute 'subclip'
Final video duration set to: 17.0s (actual: 17.0s)
Created: D:\reels-dev\mixkit\output_reel_ADHD\89_calming_techniques_ADHD_children.mp4
Updating CSV: row 89 FilePath = D:\reels-dev\mixkit\output_reel_ADHD\89_calming_techniques_ADHD_children.mp4
Wrote 131 rows to temp CSV: C:\software\autoreels\AutoReels\family\Calm_ADHD_Blueprint_Hooks2.csv.tmp
CSV file updated successfully: C:\software\autoreels\AutoReels\family\Calm_ADHD_Blueprint_Hooks2.csv
Thumbnail created: D:\reels-dev\mixkit\output_reel_ADHD\thumbnails\89_calming_techniques_ADHD_children.jpg
CSV updated with FilePath: D:\reels-dev\mixkit\output_reel_ADHD\89_calming_techniques_ADHD_children.mp4
  Input video: D:\reels-dev\mixkit\women\family\48169-720.mp4
Processing row 90/131: ID=90
Video duration adjustment failed: 'VideoFileClip' object has no attribute 'subclip'
Audio duration adjustment failed: 'AudioFileClip' object has no attribute 'subclip'
Final video duration set to: 17.0s (actual: 17.0s)
Created: D:\reels-dev\mixkit\output_reel_ADHD\90_problem_solving_skills_ADHD_children.mp4
Updating CSV: row 90 FilePath = D:\reels-dev\mixkit\output_reel_ADHD\90_problem_solving_skills_ADHD_children.mp4
Wrote 131 rows to temp CSV: C:\software\autoreels\AutoReels\family\Calm_ADHD_Blueprint_Hooks2.csv.tmp
CSV file updated successfully: C:\software\autoreels\AutoReels\family\Calm_ADHD_Blueprint_Hooks2.csv
Thumbnail created: D:\reels-dev\mixkit\output_reel_ADHD\thumbnails\90_problem_solving_skills_ADHD_children.jpg
CSV updated with FilePath: D:\reels-dev\mixkit\output_reel_ADHD\90_problem_solving_skills_ADHD_children.mp4
  Input video: D:\reels-dev\mixkit\women\family\48170-720.mp4
Processing row 91/131: ID=91
Video loop failed, keeping original duration: 6.84s
Audio duration adjustment failed: 'AudioFileClip' object has no attribute 'subclip'
Final video duration set to: 17.0s (actual: 17.0s)
Created: D:\reels-dev\mixkit\output_reel_ADHD\91_structured_transitions_ADHD.mp4
Updating CSV: row 91 FilePath = D:\reels-dev\mixkit\output_reel_ADHD\91_structured_transitions_ADHD.mp4
Wrote 131 rows to temp CSV: C:\software\autoreels\AutoReels\family\Calm_ADHD_Blueprint_Hooks2.csv.tmp
CSV file updated successfully: C:\software\autoreels\AutoReels\family\Calm_ADHD_Blueprint_Hooks2.csv
Thumbnail created: D:\reels-dev\mixkit\output_reel_ADHD\thumbnails\91_structured_transitions_ADHD.jpg
CSV updated with FilePath: D:\reels-dev\mixkit\output_reel_ADHD\91_structured_transitions_ADHD.mp4
  Input video: D:\reels-dev\mixkit\women\family\48176-720.mp4
Processing row 92/131: ID=92
Video loop failed, keeping original duration: 10.11s
Audio duration adjustment failed: 'AudioFileClip' object has no attribute 'subclip'
Final video duration set to: 17.0s (actual: 17.0s)
Created: D:\reels-dev\mixkit\output_reel_ADHD\92_self_discipline_ADHD_children.mp4
Updating CSV: row 92 FilePath = D:\reels-dev\mixkit\output_reel_ADHD\92_self_discipline_ADHD_children.mp4
Wrote 131 rows to temp CSV: C:\software\autoreels\AutoReels\family\Calm_ADHD_Blueprint_Hooks2.csv.tmp
CSV file updated successfully: C:\software\autoreels\AutoReels\family\Calm_ADHD_Blueprint_Hooks2.csv
Thumbnail created: D:\reels-dev\mixkit\output_reel_ADHD\thumbnails\92_self_discipline_ADHD_children.jpg
CSV updated with FilePath: D:\reels-dev\mixkit\output_reel_ADHD\92_self_discipline_ADHD_children.mp4
  Input video: D:\reels-dev\mixkit\women\family\48186-720.mp4
Processing row 93/131: ID=93
Video duration adjustment failed: 'VideoFileClip' object has no attribute 'subclip'
Audio duration adjustment failed: 'AudioFileClip' object has no attribute 'subclip'
Final video duration set to: 17.0s (actual: 17.0s)
Created: D:\reels-dev\mixkit\output_reel_ADHD\93_mindfulness_breaks_ADHD_children.mp4
Updating CSV: row 93 FilePath = D:\reels-dev\mixkit\output_reel_ADHD\93_mindfulness_breaks_ADHD_children.mp4
Wrote 131 rows to temp CSV: C:\software\autoreels\AutoReels\family\Calm_ADHD_Blueprint_Hooks2.csv.tmp
CSV file updated successfully: C:\software\autoreels\AutoReels\family\Calm_ADHD_Blueprint_Hooks2.csv
Thumbnail created: D:\reels-dev\mixkit\output_reel_ADHD\thumbnails\93_mindfulness_breaks_ADHD_children.jpg
CSV updated with FilePath: D:\reels-dev\mixkit\output_reel_ADHD\93_mindfulness_breaks_ADHD_children.mp4
  Input video: D:\reels-dev\mixkit\women\family\48578-720.mp4
Processing row 94/131: ID=94
Video loop failed, keeping original duration: 6.59s
Audio duration adjustment failed: 'AudioFileClip' object has no attribute 'subclip'
Final video duration set to: 17.0s (actual: 17.0s)
Created: D:\reels-dev\mixkit\output_reel_ADHD\94_managing_frustration_ADHD_children.mp4
Updating CSV: row 94 FilePath = D:\reels-dev\mixkit\output_reel_ADHD\94_managing_frustration_ADHD_children.mp4
Wrote 131 rows to temp CSV: C:\software\autoreels\AutoReels\family\Calm_ADHD_Blueprint_Hooks2.csv.tmp
CSV file updated successfully: C:\software\autoreels\AutoReels\family\Calm_ADHD_Blueprint_Hooks2.csv
Thumbnail created: D:\reels-dev\mixkit\output_reel_ADHD\thumbnails\94_managing_frustration_ADHD_children.jpg
CSV updated with FilePath: D:\reels-dev\mixkit\output_reel_ADHD\94_managing_frustration_ADHD_children.mp4
  Input video: D:\reels-dev\mixkit\women\family\48580-720.mp4
Processing row 95/131: ID=95
Video loop failed, keeping original duration: 7.30s
Audio duration adjustment failed: 'AudioFileClip' object has no attribute 'subclip'
Final video duration set to: 17.0s (actual: 17.0s)
Created: D:\reels-dev\mixkit\output_reel_ADHD\95_reward_chart_ADHD_children.mp4
Updating CSV: row 95 FilePath = D:\reels-dev\mixkit\output_reel_ADHD\95_reward_chart_ADHD_children.mp4
Wrote 131 rows to temp CSV: C:\software\autoreels\AutoReels\family\Calm_ADHD_Blueprint_Hooks2.csv.tmp
CSV file updated successfully: C:\software\autoreels\AutoReels\family\Calm_ADHD_Blueprint_Hooks2.csv
Thumbnail created: D:\reels-dev\mixkit\output_reel_ADHD\thumbnails\95_reward_chart_ADHD_children.jpg
CSV updated with FilePath: D:\reels-dev\mixkit\output_reel_ADHD\95_reward_chart_ADHD_children.mp4
  Input video: D:\reels-dev\mixkit\women\family\48583-720.mp4
Processing row 96/131: ID=96
Video loop failed, keeping original duration: 13.01s
Audio duration adjustment failed: 'AudioFileClip' object has no attribute 'subclip'
Final video duration set to: 17.0s (actual: 17.0s)
Created: D:\reels-dev\mixkit\output_reel_ADHD\96_energy_balance_ADHD_children.mp4
Updating CSV: row 96 FilePath = D:\reels-dev\mixkit\output_reel_ADHD\96_energy_balance_ADHD_children.mp4
Wrote 131 rows to temp CSV: C:\software\autoreels\AutoReels\family\Calm_ADHD_Blueprint_Hooks2.csv.tmp
CSV file updated successfully: C:\software\autoreels\AutoReels\family\Calm_ADHD_Blueprint_Hooks2.csv
Thumbnail created: D:\reels-dev\mixkit\output_reel_ADHD\thumbnails\96_energy_balance_ADHD_children.jpg
CSV updated with FilePath: D:\reels-dev\mixkit\output_reel_ADHD\96_energy_balance_ADHD_children.mp4
  Input video: D:\reels-dev\mixkit\women\family\48595-720.mp4
Processing row 97/131: ID=97
Video loop failed, keeping original duration: 4.80s
Audio duration adjustment failed: 'AudioFileClip' object has no attribute 'subclip'
Final video duration set to: 17.0s (actual: 17.0s)
Created: D:\reels-dev\mixkit\output_reel_ADHD\97_morning_routines_ADHD_children.mp4
Updating CSV: row 97 FilePath = D:\reels-dev\mixkit\output_reel_ADHD\97_morning_routines_ADHD_children.mp4
Wrote 131 rows to temp CSV: C:\software\autoreels\AutoReels\family\Calm_ADHD_Blueprint_Hooks2.csv.tmp
CSV file updated successfully: C:\software\autoreels\AutoReels\family\Calm_ADHD_Blueprint_Hooks2.csv
Thumbnail created: D:\reels-dev\mixkit\output_reel_ADHD\thumbnails\97_morning_routines_ADHD_children.jpg
CSV updated with FilePath: D:\reels-dev\mixkit\output_reel_ADHD\97_morning_routines_ADHD_children.mp4
  Input video: D:\reels-dev\mixkit\women\family\48599-720.mp4
Processing row 98/131: ID=98
Video loop failed, keeping original duration: 13.76s
Audio duration adjustment failed: 'AudioFileClip' object has no attribute 'subclip'
Final video duration set to: 17.0s (actual: 17.0s)
Created: D:\reels-dev\mixkit\output_reel_ADHD\98_self_monitoring_ADHD_children.mp4
Updating CSV: row 98 FilePath = D:\reels-dev\mixkit\output_reel_ADHD\98_self_monitoring_ADHD_children.mp4
Wrote 131 rows to temp CSV: C:\software\autoreels\AutoReels\family\Calm_ADHD_Blueprint_Hooks2.csv.tmp
CSV file updated successfully: C:\software\autoreels\AutoReels\family\Calm_ADHD_Blueprint_Hooks2.csv
Thumbnail created: D:\reels-dev\mixkit\output_reel_ADHD\thumbnails\98_self_monitoring_ADHD_children.jpg
CSV updated with FilePath: D:\reels-dev\mixkit\output_reel_ADHD\98_self_monitoring_ADHD_children.mp4
  Input video: D:\reels-dev\mixkit\women\family\48600-720.mp4
Processing row 99/131: ID=99
Video loop failed, keeping original duration: 9.38s
Audio duration adjustment failed: 'AudioFileClip' object has no attribute 'subclip'
Final video duration set to: 17.0s (actual: 17.0s)
Created: D:\reels-dev\mixkit\output_reel_ADHD\99_chore_routines_ADHD_children.mp4
Updating CSV: row 99 FilePath = D:\reels-dev\mixkit\output_reel_ADHD\99_chore_routines_ADHD_children.mp4
Wrote 131 rows to temp CSV: C:\software\autoreels\AutoReels\family\Calm_ADHD_Blueprint_Hooks2.csv.tmp
CSV file updated successfully: C:\software\autoreels\AutoReels\family\Calm_ADHD_Blueprint_Hooks2.csv
Thumbnail created: D:\reels-dev\mixkit\output_reel_ADHD\thumbnails\99_chore_routines_ADHD_children.jpg
CSV updated with FilePath: D:\reels-dev\mixkit\output_reel_ADHD\99_chore_routines_ADHD_children.mp4
  Input video: D:\reels-dev\mixkit\women\family\48603-720.mp4
Processing row 100/131: ID=100
Video loop failed, keeping original duration: 10.43s
Audio duration adjustment failed: 'AudioFileClip' object has no attribute 'subclip'
Final video duration set to: 17.0s (actual: 17.0s)
Created: D:\reels-dev\mixkit\output_reel_ADHD\100_predictable_weekly_schedule_ADHD.mp4
Updating CSV: row 100 FilePath = D:\reels-dev\mixkit\output_reel_ADHD\100_predictable_weekly_schedule_ADHD.mp4
Wrote 131 rows to temp CSV: C:\software\autoreels\AutoReels\family\Calm_ADHD_Blueprint_Hooks2.csv.tmp
CSV file updated successfully: C:\software\autoreels\AutoReels\family\Calm_ADHD_Blueprint_Hooks2.csv
Thumbnail created: D:\reels-dev\mixkit\output_reel_ADHD\thumbnails\100_predictable_weekly_schedule_ADHD.jpg
CSV updated with FilePath: D:\reels-dev\mixkit\output_reel_ADHD\100_predictable_weekly_schedule_ADHD.mp4
  Input video: D:\reels-dev\mixkit\women\family\48604-720.mp4
Processing row 101/131: ID=101
Video loop failed, keeping original duration: 6.01s
Audio duration adjustment failed: 'AudioFileClip' object has no attribute 'subclip'
Final video duration set to: 17.0s (actual: 17.0s)
Created: D:\reels-dev\mixkit\output_reel_ADHD\101_building_resilience_ADHD_children.mp4
Updating CSV: row 101 FilePath = D:\reels-dev\mixkit\output_reel_ADHD\101_building_resilience_ADHD_children.mp4
Wrote 131 rows to temp CSV: C:\software\autoreels\AutoReels\family\Calm_ADHD_Blueprint_Hooks2.csv.tmp
CSV file updated successfully: C:\software\autoreels\AutoReels\family\Calm_ADHD_Blueprint_Hooks2.csv
Thumbnail created: D:\reels-dev\mixkit\output_reel_ADHD\thumbnails\101_building_resilience_ADHD_children.jpg
CSV updated with FilePath: D:\reels-dev\mixkit\output_reel_ADHD\101_building_resilience_ADHD_children.mp4
  Input video: D:\reels-dev\mixkit\women\family\48803-720.mp4
Processing row 102/131: ID=102
Video loop failed, keeping original duration: 14.80s
Audio duration adjustment failed: 'AudioFileClip' object has no attribute 'subclip'
Final video duration set to: 17.0s (actual: 17.0s)
Created: D:\reels-dev\mixkit\output_reel_ADHD\102_calming_techniques_ADHD_bedtime.mp4
Updating CSV: row 102 FilePath = D:\reels-dev\mixkit\output_reel_ADHD\102_calming_techniques_ADHD_bedtime.mp4
Wrote 131 rows to temp CSV: C:\software\autoreels\AutoReels\family\Calm_ADHD_Blueprint_Hooks2.csv.tmp
CSV file updated successfully: C:\software\autoreels\AutoReels\family\Calm_ADHD_Blueprint_Hooks2.csv
Thumbnail created: D:\reels-dev\mixkit\output_reel_ADHD\thumbnails\102_calming_techniques_ADHD_bedtime.jpg
CSV updated with FilePath: D:\reels-dev\mixkit\output_reel_ADHD\102_calming_techniques_ADHD_bedtime.mp4
  Input video: D:\reels-dev\mixkit\women\family\48860-720.mp4
Processing row 103/131: ID=103
Video loop failed, keeping original duration: 13.98s
Audio duration adjustment failed: 'AudioFileClip' object has no attribute 'subclip'
Final video duration set to: 17.0s (actual: 17.0s)
Created: D:\reels-dev\mixkit\output_reel_ADHD\103_visual_cues_ADHD_children.mp4
Updating CSV: row 103 FilePath = D:\reels-dev\mixkit\output_reel_ADHD\103_visual_cues_ADHD_children.mp4
Wrote 131 rows to temp CSV: C:\software\autoreels\AutoReels\family\Calm_ADHD_Blueprint_Hooks2.csv.tmp
CSV file updated successfully: C:\software\autoreels\AutoReels\family\Calm_ADHD_Blueprint_Hooks2.csv
Thumbnail created: D:\reels-dev\mixkit\output_reel_ADHD\thumbnails\103_visual_cues_ADHD_children.jpg
CSV updated with FilePath: D:\reels-dev\mixkit\output_reel_ADHD\103_visual_cues_ADHD_children.mp4
  Input video: D:\reels-dev\mixkit\women\family\49036-720.mp4
Processing row 104/131: ID=104
Video loop failed, keeping original duration: 9.96s
Audio duration adjustment failed: 'AudioFileClip' object has no attribute 'subclip'
Final video duration set to: 17.0s (actual: 17.0s)
Created: D:\reels-dev\mixkit\output_reel_ADHD\104_multitasking_strategies_ADHD_children.mp4
Updating CSV: row 104 FilePath = D:\reels-dev\mixkit\output_reel_ADHD\104_multitasking_strategies_ADHD_children.mp4
Wrote 131 rows to temp CSV: C:\software\autoreels\AutoReels\family\Calm_ADHD_Blueprint_Hooks2.csv.tmp
CSV file updated successfully: C:\software\autoreels\AutoReels\family\Calm_ADHD_Blueprint_Hooks2.csv
Thumbnail created: D:\reels-dev\mixkit\output_reel_ADHD\thumbnails\104_multitasking_strategies_ADHD_children.jpg
CSV updated with FilePath: D:\reels-dev\mixkit\output_reel_ADHD\104_multitasking_strategies_ADHD_children.mp4
  Input video: D:\reels-dev\mixkit\women\family\49069-720.mp4
Processing row 105/131: ID=105
Video loop failed, keeping original duration: 10.18s
Audio duration adjustment failed: 'AudioFileClip' object has no attribute 'subclip'
Final video duration set to: 17.0s (actual: 17.0s)
Created: D:\reels-dev\mixkit\output_reel_ADHD\105_short_consistent_routines_ADHD.mp4
Updating CSV: row 105 FilePath = D:\reels-dev\mixkit\output_reel_ADHD\105_short_consistent_routines_ADHD.mp4
Wrote 131 rows to temp CSV: C:\software\autoreels\AutoReels\family\Calm_ADHD_Blueprint_Hooks2.csv.tmp
CSV file updated successfully: C:\software\autoreels\AutoReels\family\Calm_ADHD_Blueprint_Hooks2.csv
Thumbnail created: D:\reels-dev\mixkit\output_reel_ADHD\thumbnails\105_short_consistent_routines_ADHD.jpg
CSV updated with FilePath: D:\reels-dev\mixkit\output_reel_ADHD\105_short_consistent_routines_ADHD.mp4
  Input video: D:\reels-dev\mixkit\women\family\49300-720.mp4
Processing row 106/131: ID=106
Video loop failed, keeping original duration: 7.80s
Audio duration adjustment failed: 'AudioFileClip' object has no attribute 'subclip'
Final video duration set to: 17.0s (actual: 17.0s)
Created: D:\reels-dev\mixkit\output_reel_ADHD\106_ADHD_goal_setting_strategies.mp4
Updating CSV: row 106 FilePath = D:\reels-dev\mixkit\output_reel_ADHD\106_ADHD_goal_setting_strategies.mp4
Wrote 131 rows to temp CSV: C:\software\autoreels\AutoReels\family\Calm_ADHD_Blueprint_Hooks2.csv.tmp
CSV file updated successfully: C:\software\autoreels\AutoReels\family\Calm_ADHD_Blueprint_Hooks2.csv
Thumbnail created: D:\reels-dev\mixkit\output_reel_ADHD\thumbnails\106_ADHD_goal_setting_strategies.jpg
CSV updated with FilePath: D:\reels-dev\mixkit\output_reel_ADHD\106_ADHD_goal_setting_strategies.mp4
  Input video: D:\reels-dev\mixkit\women\family\49324-720.mp4
Processing row 107/131: ID=107
Video duration adjustment failed: 'VideoFileClip' object has no attribute 'subclip'
Audio duration adjustment failed: 'AudioFileClip' object has no attribute 'subclip'
Final video duration set to: 17.0s (actual: 17.0s)
Created: D:\reels-dev\mixkit\output_reel_ADHD\107_emotional_awareness_ADHD_children.mp4
Updating CSV: row 107 FilePath = D:\reels-dev\mixkit\output_reel_ADHD\107_emotional_awareness_ADHD_children.mp4
Wrote 131 rows to temp CSV: C:\software\autoreels\AutoReels\family\Calm_ADHD_Blueprint_Hooks2.csv.tmp
CSV file updated successfully: C:\software\autoreels\AutoReels\family\Calm_ADHD_Blueprint_Hooks2.csv
Thumbnail created: D:\reels-dev\mixkit\output_reel_ADHD\thumbnails\107_emotional_awareness_ADHD_children.jpg
CSV updated with FilePath: D:\reels-dev\mixkit\output_reel_ADHD\107_emotional_awareness_ADHD_children.mp4
  Input video: D:\reels-dev\mixkit\women\family\49412-720.mp4
Processing row 108/131: ID=108
Video loop failed, keeping original duration: 14.64s
Audio duration adjustment failed: 'AudioFileClip' object has no attribute 'subclip'
Final video duration set to: 17.0s (actual: 17.0s)
Created: D:\reels-dev\mixkit\output_reel_ADHD\108_structured_homework_ADHD_children.mp4
Updating CSV: row 108 FilePath = D:\reels-dev\mixkit\output_reel_ADHD\108_structured_homework_ADHD_children.mp4
Wrote 131 rows to temp CSV: C:\software\autoreels\AutoReels\family\Calm_ADHD_Blueprint_Hooks2.csv.tmp
CSV file updated successfully: C:\software\autoreels\AutoReels\family\Calm_ADHD_Blueprint_Hooks2.csv
Thumbnail created: D:\reels-dev\mixkit\output_reel_ADHD\thumbnails\108_structured_homework_ADHD_children.jpg
CSV updated with FilePath: D:\reels-dev\mixkit\output_reel_ADHD\108_structured_homework_ADHD_children.mp4
  Input video: D:\reels-dev\mixkit\women\family\50044-720.mp4
Processing row 109/131: ID=109
Video loop failed, keeping original duration: 7.92s
Audio duration adjustment failed: 'AudioFileClip' object has no attribute 'subclip'
Final video duration set to: 17.0s (actual: 17.0s)
Created: D:\reels-dev\mixkit\output_reel_ADHD\109_movement_breaks_ADHD_study.mp4
Updating CSV: row 109 FilePath = D:\reels-dev\mixkit\output_reel_ADHD\109_movement_breaks_ADHD_study.mp4
Wrote 131 rows to temp CSV: C:\software\autoreels\AutoReels\family\Calm_ADHD_Blueprint_Hooks2.csv.tmp
CSV file updated successfully: C:\software\autoreels\AutoReels\family\Calm_ADHD_Blueprint_Hooks2.csv
Thumbnail created: D:\reels-dev\mixkit\output_reel_ADHD\thumbnails\109_movement_breaks_ADHD_study.jpg
CSV updated with FilePath: D:\reels-dev\mixkit\output_reel_ADHD\109_movement_breaks_ADHD_study.mp4
  Input video: D:\reels-dev\mixkit\women\family\50094-720.mp4
Processing row 110/131: ID=110
Video loop failed, keeping original duration: 11.93s
Audio duration adjustment failed: 'AudioFileClip' object has no attribute 'subclip'
Final video duration set to: 17.0s (actual: 17.0s)
Created: D:\reels-dev\mixkit\output_reel_ADHD\110_visual_time_management_ADHD.mp4
Updating CSV: row 110 FilePath = D:\reels-dev\mixkit\output_reel_ADHD\110_visual_time_management_ADHD.mp4
Wrote 131 rows to temp CSV: C:\software\autoreels\AutoReels\family\Calm_ADHD_Blueprint_Hooks2.csv.tmp
CSV file updated successfully: C:\software\autoreels\AutoReels\family\Calm_ADHD_Blueprint_Hooks2.csv
Thumbnail created: D:\reels-dev\mixkit\output_reel_ADHD\thumbnails\110_visual_time_management_ADHD.jpg
CSV updated with FilePath: D:\reels-dev\mixkit\output_reel_ADHD\110_visual_time_management_ADHD.mp4
  Input video: D:\reels-dev\mixkit\women\family\50095-720.mp4
Processing row 111/131: ID=111
Video loop failed, keeping original duration: 16.14s
Audio duration adjustment failed: 'AudioFileClip' object has no attribute 'subclip'
Final video duration set to: 17.0s (actual: 17.0s)
Created: D:\reels-dev\mixkit\output_reel_ADHD\111_fostering_creativity_ADHD_children.mp4
Updating CSV: row 111 FilePath = D:\reels-dev\mixkit\output_reel_ADHD\111_fostering_creativity_ADHD_children.mp4
Wrote 131 rows to temp CSV: C:\software\autoreels\AutoReels\family\Calm_ADHD_Blueprint_Hooks2.csv.tmp
CSV file updated successfully: C:\software\autoreels\AutoReels\family\Calm_ADHD_Blueprint_Hooks2.csv
Thumbnail created: D:\reels-dev\mixkit\output_reel_ADHD\thumbnails\111_fostering_creativity_ADHD_children.jpg
CSV updated with FilePath: D:\reels-dev\mixkit\output_reel_ADHD\111_fostering_creativity_ADHD_children.mp4
  Input video: D:\reels-dev\mixkit\women\family\50108-720.mp4
Processing row 112/131: ID=112
Video duration adjustment failed: 'VideoFileClip' object has no attribute 'subclip'
Audio duration adjustment failed: 'AudioFileClip' object has no attribute 'subclip'
Final video duration set to: 17.0s (actual: 17.0s)
Created: D:\reels-dev\mixkit\output_reel_ADHD\112_bedtime_routines_ADHD_children.mp4
Updating CSV: row 112 FilePath = D:\reels-dev\mixkit\output_reel_ADHD\112_bedtime_routines_ADHD_children.mp4
Wrote 131 rows to temp CSV: C:\software\autoreels\AutoReels\family\Calm_ADHD_Blueprint_Hooks2.csv.tmp
CSV file updated successfully: C:\software\autoreels\AutoReels\family\Calm_ADHD_Blueprint_Hooks2.csv
Thumbnail created: D:\reels-dev\mixkit\output_reel_ADHD\thumbnails\112_bedtime_routines_ADHD_children.jpg
CSV updated with FilePath: D:\reels-dev\mixkit\output_reel_ADHD\112_bedtime_routines_ADHD_children.mp4
  Input video: D:\reels-dev\mixkit\women\family\50716-720.mp4
Processing row 113/131: ID=113
Video loop failed, keeping original duration: 10.26s
Audio duration adjustment failed: 'AudioFileClip' object has no attribute 'subclip'
Final video duration set to: 17.0s (actual: 17.0s)
Created: D:\reels-dev\mixkit\output_reel_ADHD\113_managing_ADHD_excitement.mp4
Updating CSV: row 113 FilePath = D:\reels-dev\mixkit\output_reel_ADHD\113_managing_ADHD_excitement.mp4
Wrote 131 rows to temp CSV: C:\software\autoreels\AutoReels\family\Calm_ADHD_Blueprint_Hooks2.csv.tmp
CSV file updated successfully: C:\software\autoreels\AutoReels\family\Calm_ADHD_Blueprint_Hooks2.csv
Thumbnail created: D:\reels-dev\mixkit\output_reel_ADHD\thumbnails\113_managing_ADHD_excitement.jpg
CSV updated with FilePath: D:\reels-dev\mixkit\output_reel_ADHD\113_managing_ADHD_excitement.mp4
  Input video: D:\reels-dev\mixkit\women\family\50718-720.mp4
Processing row 114/131: ID=114
Video loop failed, keeping original duration: 13.05s
Audio duration adjustment failed: 'AudioFileClip' object has no attribute 'subclip'
Final video duration set to: 17.0s (actual: 17.0s)
Created: D:\reels-dev\mixkit\output_reel_ADHD\114_multi_step_assignment_strategies_ADHD.mp4
Updating CSV: row 114 FilePath = D:\reels-dev\mixkit\output_reel_ADHD\114_multi_step_assignment_strategies_ADHD.mp4
Wrote 131 rows to temp CSV: C:\software\autoreels\AutoReels\family\Calm_ADHD_Blueprint_Hooks2.csv.tmp
CSV file updated successfully: C:\software\autoreels\AutoReels\family\Calm_ADHD_Blueprint_Hooks2.csv
Thumbnail created: D:\reels-dev\mixkit\output_reel_ADHD\thumbnails\114_multi_step_assignment_strategies_ADHD.jpg
CSV updated with FilePath: D:\reels-dev\mixkit\output_reel_ADHD\114_multi_step_assignment_strategies_ADHD.mp4
  Input video: D:\reels-dev\mixkit\women\family\50722-720.mp4
Processing row 115/131: ID=115
Video loop failed, keeping original duration: 14.60s
Audio duration adjustment failed: 'AudioFileClip' object has no attribute 'subclip'
Final video duration set to: 17.0s (actual: 17.0s)
Created: D:\reels-dev\mixkit\output_reel_ADHD\115_visual_timers_ADHD_children.mp4
Updating CSV: row 115 FilePath = D:\reels-dev\mixkit\output_reel_ADHD\115_visual_timers_ADHD_children.mp4
Wrote 131 rows to temp CSV: C:\software\autoreels\AutoReels\family\Calm_ADHD_Blueprint_Hooks2.csv.tmp
CSV file updated successfully: C:\software\autoreels\AutoReels\family\Calm_ADHD_Blueprint_Hooks2.csv
Thumbnail created: D:\reels-dev\mixkit\output_reel_ADHD\thumbnails\115_visual_timers_ADHD_children.jpg
CSV updated with FilePath: D:\reels-dev\mixkit\output_reel_ADHD\115_visual_timers_ADHD_children.mp4
  Input video: D:\reels-dev\mixkit\women\family\50723-720.mp4
Processing row 116/131: ID=116
Video duration adjustment failed: 'VideoFileClip' object has no attribute 'subclip'
Audio duration adjustment failed: 'AudioFileClip' object has no attribute 'subclip'
Final video duration set to: 17.0s (actual: 17.0s)
Created: D:\reels-dev\mixkit\output_reel_ADHD\116_self_calming_strategies_ADHD_children.mp4
Updating CSV: row 116 FilePath = D:\reels-dev\mixkit\output_reel_ADHD\116_self_calming_strategies_ADHD_children.mp4
Wrote 131 rows to temp CSV: C:\software\autoreels\AutoReels\family\Calm_ADHD_Blueprint_Hooks2.csv.tmp
CSV file updated successfully: C:\software\autoreels\AutoReels\family\Calm_ADHD_Blueprint_Hooks2.csv
Thumbnail created: D:\reels-dev\mixkit\output_reel_ADHD\thumbnails\116_self_calming_strategies_ADHD_children.jpg
CSV updated with FilePath: D:\reels-dev\mixkit\output_reel_ADHD\116_self_calming_strategies_ADHD_children.mp4
  Input video: D:\reels-dev\mixkit\women\family\50725-720.mp4
Processing row 117/131: ID=117
Video duration adjustment failed: 'VideoFileClip' object has no attribute 'subclip'
Audio duration adjustment failed: 'AudioFileClip' object has no attribute 'subclip'
Final video duration set to: 17.0s (actual: 17.0s)
Created: D:\reels-dev\mixkit\output_reel_ADHD\117_managing_ADHD_outbursts.mp4
Updating CSV: row 117 FilePath = D:\reels-dev\mixkit\output_reel_ADHD\117_managing_ADHD_outbursts.mp4
Wrote 131 rows to temp CSV: C:\software\autoreels\AutoReels\family\Calm_ADHD_Blueprint_Hooks2.csv.tmp
CSV file updated successfully: C:\software\autoreels\AutoReels\family\Calm_ADHD_Blueprint_Hooks2.csv
Thumbnail created: D:\reels-dev\mixkit\output_reel_ADHD\thumbnails\117_managing_ADHD_outbursts.jpg
CSV updated with FilePath: D:\reels-dev\mixkit\output_reel_ADHD\117_managing_ADHD_outbursts.mp4
  Input video: D:\reels-dev\mixkit\women\family\50727-720.mp4
Processing row 118/131: ID=118
Video loop failed, keeping original duration: 10.64s
Audio duration adjustment failed: 'AudioFileClip' object has no attribute 'subclip'
Final video duration set to: 17.0s (actual: 17.0s)
Created: D:\reels-dev\mixkit\output_reel_ADHD\118_predictable_weekend_routines_ADHD.mp4
Updating CSV: row 118 FilePath = D:\reels-dev\mixkit\output_reel_ADHD\118_predictable_weekend_routines_ADHD.mp4
Wrote 131 rows to temp CSV: C:\software\autoreels\AutoReels\family\Calm_ADHD_Blueprint_Hooks2.csv.tmp
CSV file updated successfully: C:\software\autoreels\AutoReels\family\Calm_ADHD_Blueprint_Hooks2.csv
Thumbnail created: D:\reels-dev\mixkit\output_reel_ADHD\thumbnails\118_predictable_weekend_routines_ADHD.jpg
CSV updated with FilePath: D:\reels-dev\mixkit\output_reel_ADHD\118_predictable_weekend_routines_ADHD.mp4
  Input video: D:\reels-dev\mixkit\women\family\51115-720.mp4
Processing row 119/131: ID=119
Video loop failed, keeping original duration: 11.75s
Audio duration adjustment failed: 'AudioFileClip' object has no attribute 'subclip'
Final video duration set to: 17.0s (actual: 17.0s)
Created: D:\reels-dev\mixkit\output_reel_ADHD\119_building_social_confidence_ADHD.mp4
Updating CSV: row 119 FilePath = D:\reels-dev\mixkit\output_reel_ADHD\119_building_social_confidence_ADHD.mp4
Wrote 131 rows to temp CSV: C:\software\autoreels\AutoReels\family\Calm_ADHD_Blueprint_Hooks2.csv.tmp
CSV file updated successfully: C:\software\autoreels\AutoReels\family\Calm_ADHD_Blueprint_Hooks2.csv
Thumbnail created: D:\reels-dev\mixkit\output_reel_ADHD\thumbnails\119_building_social_confidence_ADHD.jpg
CSV updated with FilePath: D:\reels-dev\mixkit\output_reel_ADHD\119_building_social_confidence_ADHD.mp4
  Input video: D:\reels-dev\mixkit\women\family\51132-720.mp4
Processing row 120/131: ID=120
Video loop failed, keeping original duration: 14.63s
Audio duration adjustment failed: 'AudioFileClip' object has no attribute 'subclip'
Final video duration set to: 17.0s (actual: 17.0s)
Created: D:\reels-dev\mixkit\output_reel_ADHD\120_frequent_breaks_ADHD_children.mp4
Updating CSV: row 120 FilePath = D:\reels-dev\mixkit\output_reel_ADHD\120_frequent_breaks_ADHD_children.mp4
Wrote 131 rows to temp CSV: C:\software\autoreels\AutoReels\family\Calm_ADHD_Blueprint_Hooks2.csv.tmp
CSV file updated successfully: C:\software\autoreels\AutoReels\family\Calm_ADHD_Blueprint_Hooks2.csv
Thumbnail created: D:\reels-dev\mixkit\output_reel_ADHD\thumbnails\120_frequent_breaks_ADHD_children.jpg
CSV updated with FilePath: D:\reels-dev\mixkit\output_reel_ADHD\120_frequent_breaks_ADHD_children.mp4
  Input video: D:\reels-dev\mixkit\women\family\51390-720.mp4
Processing row 121/131: ID=121
Video duration adjustment failed: 'VideoFileClip' object has no attribute 'subclip'
Audio duration adjustment failed: 'AudioFileClip' object has no attribute 'subclip'
Final video duration set to: 17.0s (actual: 17.0s)
Created: D:\reels-dev\mixkit\output_reel_ADHD\121_positive_reinforcement_ADHD_strategies.mp4
Updating CSV: row 121 FilePath = D:\reels-dev\mixkit\output_reel_ADHD\121_positive_reinforcement_ADHD_strategies.mp4
Wrote 131 rows to temp CSV: C:\software\autoreels\AutoReels\family\Calm_ADHD_Blueprint_Hooks2.csv.tmp
CSV file updated successfully: C:\software\autoreels\AutoReels\family\Calm_ADHD_Blueprint_Hooks2.csv
Thumbnail created: D:\reels-dev\mixkit\output_reel_ADHD\thumbnails\121_positive_reinforcement_ADHD_strategies.jpg
CSV updated with FilePath: D:\reels-dev\mixkit\output_reel_ADHD\121_positive_reinforcement_ADHD_strategies.mp4
  Input video: D:\reels-dev\mixkit\women\family\52141-720.mp4
Processing row 122/131: ID=122
Video loop failed, keeping original duration: 8.22s
Audio duration adjustment failed: 'AudioFileClip' object has no attribute 'subclip'
Final video duration set to: 17.0s (actual: 17.0s)
Created: D:\reels-dev\mixkit\output_reel_ADHD\122_planning_skills_ADHD_children.mp4
Updating CSV: row 122 FilePath = D:\reels-dev\mixkit\output_reel_ADHD\122_planning_skills_ADHD_children.mp4
Wrote 131 rows to temp CSV: C:\software\autoreels\AutoReels\family\Calm_ADHD_Blueprint_Hooks2.csv.tmp
CSV file updated successfully: C:\software\autoreels\AutoReels\family\Calm_ADHD_Blueprint_Hooks2.csv
Thumbnail created: D:\reels-dev\mixkit\output_reel_ADHD\thumbnails\122_planning_skills_ADHD_children.jpg
CSV updated with FilePath: D:\reels-dev\mixkit\output_reel_ADHD\122_planning_skills_ADHD_children.mp4
  Input video: D:\reels-dev\mixkit\women\family\52142-720.mp4
Processing row 123/131: ID=123
Video loop failed, keeping original duration: 10.18s
Audio duration adjustment failed: 'AudioFileClip' object has no attribute 'subclip'
Final video duration set to: 17.0s (actual: 17.0s)
Created: D:\reels-dev\mixkit\output_reel_ADHD\123_visual_schedules_ADHD_children.mp4
Updating CSV: row 123 FilePath = D:\reels-dev\mixkit\output_reel_ADHD\123_visual_schedules_ADHD_children.mp4
Wrote 131 rows to temp CSV: C:\software\autoreels\AutoReels\family\Calm_ADHD_Blueprint_Hooks2.csv.tmp
CSV file updated successfully: C:\software\autoreels\AutoReels\family\Calm_ADHD_Blueprint_Hooks2.csv
Thumbnail created: D:\reels-dev\mixkit\output_reel_ADHD\thumbnails\123_visual_schedules_ADHD_children.jpg
CSV updated with FilePath: D:\reels-dev\mixkit\output_reel_ADHD\123_visual_schedules_ADHD_children.mp4
  Input video: D:\reels-dev\mixkit\women\family\52151-720.mp4
Processing row 124/131: ID=124
Video loop failed, keeping original duration: 15.43s
Audio duration adjustment failed: 'AudioFileClip' object has no attribute 'subclip'
Final video duration set to: 17.0s (actual: 17.0s)
Created: D:\reels-dev\mixkit\output_reel_ADHD\124_calm_down_routines_ADHD.mp4
Updating CSV: row 124 FilePath = D:\reels-dev\mixkit\output_reel_ADHD\124_calm_down_routines_ADHD.mp4
Wrote 131 rows to temp CSV: C:\software\autoreels\AutoReels\family\Calm_ADHD_Blueprint_Hooks2.csv.tmp
CSV file updated successfully: C:\software\autoreels\AutoReels\family\Calm_ADHD_Blueprint_Hooks2.csv
Thumbnail created: D:\reels-dev\mixkit\output_reel_ADHD\thumbnails\124_calm_down_routines_ADHD.jpg
CSV updated with FilePath: D:\reels-dev\mixkit\output_reel_ADHD\124_calm_down_routines_ADHD.mp4
  Input video: D:\reels-dev\mixkit\women\family\52154-720.mp4
Processing row 125/131: ID=125
Video duration adjustment failed: 'VideoFileClip' object has no attribute 'subclip'
Audio duration adjustment failed: 'AudioFileClip' object has no attribute 'subclip'
Final video duration set to: 17.0s (actual: 17.0s)
Created: D:\reels-dev\mixkit\output_reel_ADHD\125_managing_peer_conflict_ADHD_children.mp4
Updating CSV: row 125 FilePath = D:\reels-dev\mixkit\output_reel_ADHD\125_managing_peer_conflict_ADHD_children.mp4
Wrote 131 rows to temp CSV: C:\software\autoreels\AutoReels\family\Calm_ADHD_Blueprint_Hooks2.csv.tmp
CSV file updated successfully: C:\software\autoreels\AutoReels\family\Calm_ADHD_Blueprint_Hooks2.csv
Thumbnail created: D:\reels-dev\mixkit\output_reel_ADHD\thumbnails\125_managing_peer_conflict_ADHD_children.jpg
CSV updated with FilePath: D:\reels-dev\mixkit\output_reel_ADHD\125_managing_peer_conflict_ADHD_children.mp4
  Input video: D:\reels-dev\mixkit\women\family\52156-720.mp4
Processing row 126/131: ID=126
Video loop failed, keeping original duration: 15.06s
Audio duration adjustment failed: 'AudioFileClip' object has no attribute 'subclip'
Final video duration set to: 17.0s (actual: 17.0s)
Created: D:\reels-dev\mixkit\output_reel_ADHD\126_classroom_routines_ADHD_children.mp4
Updating CSV: row 126 FilePath = D:\reels-dev\mixkit\output_reel_ADHD\126_classroom_routines_ADHD_children.mp4
Wrote 131 rows to temp CSV: C:\software\autoreels\AutoReels\family\Calm_ADHD_Blueprint_Hooks2.csv.tmp
CSV file updated successfully: C:\software\autoreels\AutoReels\family\Calm_ADHD_Blueprint_Hooks2.csv
Thumbnail created: D:\reels-dev\mixkit\output_reel_ADHD\thumbnails\126_classroom_routines_ADHD_children.jpg
CSV updated with FilePath: D:\reels-dev\mixkit\output_reel_ADHD\126_classroom_routines_ADHD_children.mp4
  Input video: D:\reels-dev\mixkit\women\family\52164-720.mp4
Processing row 127/131: ID=127
Video loop failed, keeping original duration: 7.13s
Audio duration adjustment failed: 'AudioFileClip' object has no attribute 'subclip'
Final video duration set to: 17.0s (actual: 17.0s)
Created: D:\reels-dev\mixkit\output_reel_ADHD\127_building_independence_ADHD_children.mp4
Updating CSV: row 127 FilePath = D:\reels-dev\mixkit\output_reel_ADHD\127_building_independence_ADHD_children.mp4
Wrote 131 rows to temp CSV: C:\software\autoreels\AutoReels\family\Calm_ADHD_Blueprint_Hooks2.csv.tmp
CSV file updated successfully: C:\software\autoreels\AutoReels\family\Calm_ADHD_Blueprint_Hooks2.csv
Thumbnail created: D:\reels-dev\mixkit\output_reel_ADHD\thumbnails\127_building_independence_ADHD_children.jpg
CSV updated with FilePath: D:\reels-dev\mixkit\output_reel_ADHD\127_building_independence_ADHD_children.mp4
  Input video: D:\reels-dev\mixkit\women\family\52166-720.mp4
Processing row 128/131: ID=128
Video loop failed, keeping original duration: 12.35s
Audio duration adjustment failed: 'AudioFileClip' object has no attribute 'subclip'
Final video duration set to: 17.0s (actual: 17.0s)
Created: D:\reels-dev\mixkit\output_reel_ADHD\128_task_reminders_ADHD_children.mp4
Updating CSV: row 128 FilePath = D:\reels-dev\mixkit\output_reel_ADHD\128_task_reminders_ADHD_children.mp4
Wrote 131 rows to temp CSV: C:\software\autoreels\AutoReels\family\Calm_ADHD_Blueprint_Hooks2.csv.tmp
CSV file updated successfully: C:\software\autoreels\AutoReels\family\Calm_ADHD_Blueprint_Hooks2.csv
Thumbnail created: D:\reels-dev\mixkit\output_reel_ADHD\thumbnails\128_task_reminders_ADHD_children.jpg
CSV updated with FilePath: D:\reels-dev\mixkit\output_reel_ADHD\128_task_reminders_ADHD_children.mp4
  Input video: D:\reels-dev\mixkit\women\family\52168-720.mp4
Processing row 129/131: ID=129
Video loop failed, keeping original duration: 16.27s
Audio duration adjustment failed: 'AudioFileClip' object has no attribute 'subclip'
Final video duration set to: 17.0s (actual: 17.0s)
Created: D:\reels-dev\mixkit\output_reel_ADHD\129_managing_overstimulation_ADHD_children.mp4
Updating CSV: row 129 FilePath = D:\reels-dev\mixkit\output_reel_ADHD\129_managing_overstimulation_ADHD_children.mp4
Wrote 131 rows to temp CSV: C:\software\autoreels\AutoReels\family\Calm_ADHD_Blueprint_Hooks2.csv.tmp
CSV file updated successfully: C:\software\autoreels\AutoReels\family\Calm_ADHD_Blueprint_Hooks2.csv
Thumbnail created: D:\reels-dev\mixkit\output_reel_ADHD\thumbnails\129_managing_overstimulation_ADHD_children.jpg
CSV updated with FilePath: D:\reels-dev\mixkit\output_reel_ADHD\129_managing_overstimulation_ADHD_children.mp4
  Input video: D:\reels-dev\mixkit\women\family\52171-720.mp4
Processing row 130/131: ID=130
Video duration adjustment failed: 'VideoFileClip' object has no attribute 'subclip'
Audio duration adjustment failed: 'AudioFileClip' object has no attribute 'subclip'
Final video duration set to: 17.0s (actual: 17.0s)
Created: D:\reels-dev\mixkit\output_reel_ADHD\130_coping_skills_ADHD_children.mp4
Updating CSV: row 130 FilePath = D:\reels-dev\mixkit\output_reel_ADHD\130_coping_skills_ADHD_children.mp4
Wrote 131 rows to temp CSV: C:\software\autoreels\AutoReels\family\Calm_ADHD_Blueprint_Hooks2.csv.tmp
CSV file updated successfully: C:\software\autoreels\AutoReels\family\Calm_ADHD_Blueprint_Hooks2.csv
Thumbnail created: D:\reels-dev\mixkit\output_reel_ADHD\thumbnails\130_coping_skills_ADHD_children.jpg
CSV updated with FilePath: D:\reels-dev\mixkit\output_reel_ADHD\130_coping_skills_ADHD_children.mp4
  Input video: D:\reels-dev\mixkit\women\family\52373-720.mp4
Processing row 131/131: ID=131
Video loop failed, keeping original duration: 11.26s
Audio duration adjustment failed: 'AudioFileClip' object has no attribute 'subclip'
Final video duration set to: 17.0s (actual: 17.0s)
Created: D:\reels-dev\mixkit\output_reel_ADHD\131_structured_routines_ADHD_children.mp4
Updating CSV: row 131 FilePath = D:\reels-dev\mixkit\output_reel_ADHD\131_structured_routines_ADHD_children.mp4
Wrote 131 rows to temp CSV: C:\software\autoreels\AutoReels\family\Calm_ADHD_Blueprint_Hooks2.csv.tmp
CSV file updated successfully: C:\software\autoreels\AutoReels\family\Calm_ADHD_Blueprint_Hooks2.csv
Thumbnail created: D:\reels-dev\mixkit\output_reel_ADHD\thumbnails\131_structured_routines_ADHD_children.jpg
CSV updated with FilePath: D:\reels-dev\mixkit\output_reel_ADHD\131_structured_routines_ADHD_children.mp4

============================================================
Processing complete!
Total rows in CSV: 131
Total video files available: 150
Check D:\reels-dev\mixkit\output_reel_ADHD for output videos
Check D:\reels-dev\mixkit\output_reel_ADHD\thumbnails for thumbnails
Check C:\software\autoreels\AutoReels\family\Calm_ADHD_Blueprint_Hooks2.csv for updated FilePath column
============================================================
Starting app.py; script_dir=c:\software\autoreels\AutoReels\family
Loaded 131 rows from CSV
Found 150 video files in D:\reels-dev\mixkit\women\family
First 5 video files: ['100106-video-720.mp4', '100566-video-720.mp4', '100576-video-720.mp4', '100578-video-720.mp4', '100579-video-720.mp4']
  Input video: D:\reels-dev\mixkit\women\family\100106-video-720.mp4
Processing row 1/131: ID=1
  Removed existing file to regenerate
Using source video duration: 5.88s
Audio duration adjustment failed: 'AudioFileClip' object has no attribute 'subclip'
Final video duration set to: 5.88s (actual: 5.88s)
Created: D:\reels-dev\mixkit\output_reel_ADHD\1_ADHD_daily_routine_tips_for_children.mp4
Updating CSV: row 1 FilePath = D:\reels-dev\mixkit\output_reel_ADHD\1_ADHD_daily_routine_tips_for_children.mp4
Wrote 131 rows to temp CSV: C:\software\autoreels\AutoReels\family\Calm_ADHD_Blueprint_Hooks2.csv.tmp
CSV file updated successfully: C:\software\autoreels\AutoReels\family\Calm_ADHD_Blueprint_Hooks2.csv
Thumbnail created: D:\reels-dev\mixkit\output_reel_ADHD\thumbnails\1_ADHD_daily_routine_tips_for_children.jpg
CSV updated with FilePath: D:\reels-dev\mixkit\output_reel_ADHD\1_ADHD_daily_routine_tips_for_children.mp4
  Input video: D:\reels-dev\mixkit\women\family\100566-video-720.mp4
Processing row 2/131: ID=2
  Removed existing file to regenerate
Using source video duration: 8.68s
Audio duration adjustment failed: 'AudioFileClip' object has no attribute 'subclip'
Final video duration set to: 8.68s (actual: 8.68s)
Created: D:\reels-dev\mixkit\output_reel_ADHD\2_7_day_ADHD_plan_for_parents.mp4
Updating CSV: row 2 FilePath = D:\reels-dev\mixkit\output_reel_ADHD\2_7_day_ADHD_plan_for_parents.mp4
Wrote 131 rows to temp CSV: C:\software\autoreels\AutoReels\family\Calm_ADHD_Blueprint_Hooks2.csv.tmp
CSV file updated successfully: C:\software\autoreels\AutoReels\family\Calm_ADHD_Blueprint_Hooks2.csv
Thumbnail created: D:\reels-dev\mixkit\output_reel_ADHD\thumbnails\2_7_day_ADHD_plan_for_parents.jpg
CSV updated with FilePath: D:\reels-dev\mixkit\output_reel_ADHD\2_7_day_ADHD_plan_for_parents.mp4
  Input video: D:\reels-dev\mixkit\women\family\100576-video-720.mp4
Processing row 3/131: ID=3
  Removed existing file to regenerate
Using source video duration: 23.94s
Audio duration adjustment failed: 'AudioFileClip' object has no attribute 'subclip'
Final video duration set to: 23.94s (actual: 23.94s)
Created: D:\reels-dev\mixkit\output_reel_ADHD\3_calming_ADHD_behavior_at_home.mp4
Updating CSV: row 3 FilePath = D:\reels-dev\mixkit\output_reel_ADHD\3_calming_ADHD_behavior_at_home.mp4
Wrote 131 rows to temp CSV: C:\software\autoreels\AutoReels\family\Calm_ADHD_Blueprint_Hooks2.csv.tmp
CSV file updated successfully: C:\software\autoreels\AutoReels\family\Calm_ADHD_Blueprint_Hooks2.csv
Thumbnail created: D:\reels-dev\mixkit\output_reel_ADHD\thumbnails\3_calming_ADHD_behavior_at_home.jpg
CSV updated with FilePath: D:\reels-dev\mixkit\output_reel_ADHD\3_calming_ADHD_behavior_at_home.mp4
  Input video: D:\reels-dev\mixkit\women\family\100578-video-720.mp4
Processing row 4/131: ID=4
  Removed existing file to regenerate
Using source video duration: 7.63s
Audio duration adjustment failed: 'AudioFileClip' object has no attribute 'subclip'
Final video duration set to: 7.63s (actual: 7.63s)
Created: D:\reels-dev\mixkit\output_reel_ADHD\4_ADHD_homework_focus_strategies.mp4
Updating CSV: row 4 FilePath = D:\reels-dev\mixkit\output_reel_ADHD\4_ADHD_homework_focus_strategies.mp4
Wrote 131 rows to temp CSV: C:\software\autoreels\AutoReels\family\Calm_ADHD_Blueprint_Hooks2.csv.tmp
CSV file updated successfully: C:\software\autoreels\AutoReels\family\Calm_ADHD_Blueprint_Hooks2.csv
Thumbnail created: D:\reels-dev\mixkit\output_reel_ADHD\thumbnails\4_ADHD_homework_focus_strategies.jpg
CSV updated with FilePath: D:\reels-dev\mixkit\output_reel_ADHD\4_ADHD_homework_focus_strategies.mp4
  Input video: D:\reels-dev\mixkit\women\family\100579-video-720.mp4
Processing row 5/131: ID=5
  Removed existing file to regenerate
Using source video duration: 8.26s
Audio duration adjustment failed: 'AudioFileClip' object has no attribute 'subclip'
Final video duration set to: 8.26s (actual: 8.26s)
Created: D:\reels-dev\mixkit\output_reel_ADHD\5_identifying_ADHD_triggers_in_children.mp4
Updating CSV: row 5 FilePath = D:\reels-dev\mixkit\output_reel_ADHD\5_identifying_ADHD_triggers_in_children.mp4
Wrote 131 rows to temp CSV: C:\software\autoreels\AutoReels\family\Calm_ADHD_Blueprint_Hooks2.csv.tmp
CSV file updated successfully: C:\software\autoreels\AutoReels\family\Calm_ADHD_Blueprint_Hooks2.csv
Thumbnail created: D:\reels-dev\mixkit\output_reel_ADHD\thumbnails\5_identifying_ADHD_triggers_in_children.jpg
CSV updated with FilePath: D:\reels-dev\mixkit\output_reel_ADHD\5_identifying_ADHD_triggers_in_children.mp4
  Input video: D:\reels-dev\mixkit\women\family\100580-video-720.mp4
Processing row 6/131: ID=6
  Removed existing file to regenerate
Using source video duration: 8.88s
Audio duration adjustment failed: 'AudioFileClip' object has no attribute 'subclip'
Final video duration set to: 8.88s (actual: 8.88s)
Created: D:\reels-dev\mixkit\output_reel_ADHD\6_natural_concentration_techniques_ADHD.mp4
Updating CSV: row 6 FilePath = D:\reels-dev\mixkit\output_reel_ADHD\6_natural_concentration_techniques_ADHD.mp4
Wrote 131 rows to temp CSV: C:\software\autoreels\AutoReels\family\Calm_ADHD_Blueprint_Hooks2.csv.tmp
CSV file updated successfully: C:\software\autoreels\AutoReels\family\Calm_ADHD_Blueprint_Hooks2.csv
Thumbnail created: D:\reels-dev\mixkit\output_reel_ADHD\thumbnails\6_natural_concentration_techniques_ADHD.jpg
CSV updated with FilePath: D:\reels-dev\mixkit\output_reel_ADHD\6_natural_concentration_techniques_ADHD.mp4
  Input video: D:\reels-dev\mixkit\women\family\100581-video-720.mp4
Processing row 7/131: ID=7
  Removed existing file to regenerate
Using source video duration: 5.63s
Audio duration adjustment failed: 'AudioFileClip' object has no attribute 'subclip'
Final video duration set to: 5.63s (actual: 5.63s)
Created: D:\reels-dev\mixkit\output_reel_ADHD\7_structured_routines_for_ADHD_children.mp4
Updating CSV: row 7 FilePath = D:\reels-dev\mixkit\output_reel_ADHD\7_structured_routines_for_ADHD_children.mp4
Wrote 131 rows to temp CSV: C:\software\autoreels\AutoReels\family\Calm_ADHD_Blueprint_Hooks2.csv.tmp
CSV file updated successfully: C:\software\autoreels\AutoReels\family\Calm_ADHD_Blueprint_Hooks2.csv
Thumbnail created: D:\reels-dev\mixkit\output_reel_ADHD\thumbnails\7_structured_routines_for_ADHD_children.jpg
CSV updated with FilePath: D:\reels-dev\mixkit\output_reel_ADHD\7_structured_routines_for_ADHD_children.mp4
  Input video: D:\reels-dev\mixkit\women\family\101163-video-720.mp4
Processing row 8/131: ID=8
  Removed existing file to regenerate
Using source video duration: 11.18s
Audio duration adjustment failed: 'AudioFileClip' object has no attribute 'subclip'
Final video duration set to: 11.18s (actual: 11.18s)
Created: D:\reels-dev\mixkit\output_reel_ADHD\8_bedtime_tips_for_ADHD_children.mp4
Updating CSV: row 8 FilePath = D:\reels-dev\mixkit\output_reel_ADHD\8_bedtime_tips_for_ADHD_children.mp4
Wrote 131 rows to temp CSV: C:\software\autoreels\AutoReels\family\Calm_ADHD_Blueprint_Hooks2.csv.tmp
CSV file updated successfully: C:\software\autoreels\AutoReels\family\Calm_ADHD_Blueprint_Hooks2.csv
Thumbnail created: D:\reels-dev\mixkit\output_reel_ADHD\thumbnails\8_bedtime_tips_for_ADHD_children.jpg
CSV updated with FilePath: D:\reels-dev\mixkit\output_reel_ADHD\8_bedtime_tips_for_ADHD_children.mp4
  Input video: D:\reels-dev\mixkit\women\family\101179-video-720.mp4
Processing row 9/131: ID=9
  Removed existing file to regenerate
Using source video duration: 6.97s
Audio duration adjustment failed: 'AudioFileClip' object has no attribute 'subclip'
Final video duration set to: 6.97s (actual: 6.97s)
Created: D:\reels-dev\mixkit\output_reel_ADHD\9_staying_calm_with_ADHD_child.mp4
Updating CSV: row 9 FilePath = D:\reels-dev\mixkit\output_reel_ADHD\9_staying_calm_with_ADHD_child.mp4
Wrote 131 rows to temp CSV: C:\software\autoreels\AutoReels\family\Calm_ADHD_Blueprint_Hooks2.csv.tmp
CSV file updated successfully: C:\software\autoreels\AutoReels\family\Calm_ADHD_Blueprint_Hooks2.csv
Thumbnail created: D:\reels-dev\mixkit\output_reel_ADHD\thumbnails\9_staying_calm_with_ADHD_child.jpg
CSV updated with FilePath: D:\reels-dev\mixkit\output_reel_ADHD\9_staying_calm_with_ADHD_child.mp4
  Input video: D:\reels-dev\mixkit\women\family\101361-video-720.mp4
Processing row 10/131: ID=10
  Removed existing file to regenerate
Using source video duration: 10.18s
Audio duration adjustment failed: 'AudioFileClip' object has no attribute 'subclip'
Final video duration set to: 10.18s (actual: 10.18s)
Created: D:\reels-dev\mixkit\output_reel_ADHD\10_ADHD_reward_system_ideas.mp4
Updating CSV: row 10 FilePath = D:\reels-dev\mixkit\output_reel_ADHD\10_ADHD_reward_system_ideas.mp4
Wrote 131 rows to temp CSV: C:\software\autoreels\AutoReels\family\Calm_ADHD_Blueprint_Hooks2.csv.tmp
CSV file updated successfully: C:\software\autoreels\AutoReels\family\Calm_ADHD_Blueprint_Hooks2.csv
Thumbnail created: D:\reels-dev\mixkit\output_reel_ADHD\thumbnails\10_ADHD_reward_system_ideas.jpg
CSV updated with FilePath: D:\reels-dev\mixkit\output_reel_ADHD\10_ADHD_reward_system_ideas.mp4
  Input video: D:\reels-dev\mixkit\women\family\11669-720.mp4
Processing row 11/131: ID=11
  Removed existing file to regenerate
Using source video duration: 5.84s
Audio duration adjustment failed: 'AudioFileClip' object has no attribute 'subclip'
Final video duration set to: 5.84s (actual: 5.84s)
Created: D:\reels-dev\mixkit\output_reel_ADHD\11_effective_study_techniques_ADHD_children.mp4
Updating CSV: row 11 FilePath = D:\reels-dev\mixkit\output_reel_ADHD\11_effective_study_techniques_ADHD_children.mp4
Wrote 131 rows to temp CSV: C:\software\autoreels\AutoReels\family\Calm_ADHD_Blueprint_Hooks2.csv.tmp
CSV file updated successfully: C:\software\autoreels\AutoReels\family\Calm_ADHD_Blueprint_Hooks2.csv
Thumbnail created: D:\reels-dev\mixkit\output_reel_ADHD\thumbnails\11_effective_study_techniques_ADHD_children.jpg
CSV updated with FilePath: D:\reels-dev\mixkit\output_reel_ADHD\11_effective_study_techniques_ADHD_children.mp4
  Input video: D:\reels-dev\mixkit\women\family\14227-720.mp4
Processing row 12/131: ID=12
  Removed existing file to regenerate
Using source video duration: 30.00s
Audio duration adjustment failed: 'AudioFileClip' object has no attribute 'subclip'
Final video duration set to: 30.00s (actual: 30.00s)
Created: D:\reels-dev\mixkit\output_reel_ADHD\12_recognizing_ADHD_stress_in_children.mp4
Updating CSV: row 12 FilePath = D:\reels-dev\mixkit\output_reel_ADHD\12_recognizing_ADHD_stress_in_children.mp4
Wrote 131 rows to temp CSV: C:\software\autoreels\AutoReels\family\Calm_ADHD_Blueprint_Hooks2.csv.tmp
CSV file updated successfully: C:\software\autoreels\AutoReels\family\Calm_ADHD_Blueprint_Hooks2.csv
Thumbnail created: D:\reels-dev\mixkit\output_reel_ADHD\thumbnails\12_recognizing_ADHD_stress_in_children.jpg
CSV updated with FilePath: D:\reels-dev\mixkit\output_reel_ADHD\12_recognizing_ADHD_stress_in_children.mp4
  Input video: D:\reels-dev\mixkit\women\family\19245-720.mp4
Processing row 13/131: ID=13
  Removed existing file to regenerate
Using source video duration: 20.79s
Audio duration adjustment failed: 'AudioFileClip' object has no attribute 'subclip'
Final video duration set to: 20.79s (actual: 20.79s)
Created: D:\reels-dev\mixkit\output_reel_ADHD\13_mindfulness_exercises_for_ADHD_children.mp4
Updating CSV: row 13 FilePath = D:\reels-dev\mixkit\output_reel_ADHD\13_mindfulness_exercises_for_ADHD_children.mp4
Wrote 131 rows to temp CSV: C:\software\autoreels\AutoReels\family\Calm_ADHD_Blueprint_Hooks2.csv.tmp
CSV file updated successfully: C:\software\autoreels\AutoReels\family\Calm_ADHD_Blueprint_Hooks2.csv
Thumbnail created: D:\reels-dev\mixkit\output_reel_ADHD\thumbnails\13_mindfulness_exercises_for_ADHD_children.jpg
CSV updated with FilePath: D:\reels-dev\mixkit\output_reel_ADHD\13_mindfulness_exercises_for_ADHD_children.mp4
  Input video: D:\reels-dev\mixkit\women\family\33300-720.mp4
Processing row 14/131: ID=14
  Removed existing file to regenerate
Using source video duration: 10.92s
Audio duration adjustment failed: 'AudioFileClip' object has no attribute 'subclip'
Final video duration set to: 10.92s (actual: 10.92s)
Created: D:\reels-dev\mixkit\output_reel_ADHD\14_ADHD_homework_environment_setup.mp4
Updating CSV: row 14 FilePath = D:\reels-dev\mixkit\output_reel_ADHD\14_ADHD_homework_environment_setup.mp4
Wrote 131 rows to temp CSV: C:\software\autoreels\AutoReels\family\Calm_ADHD_Blueprint_Hooks2.csv.tmp
CSV file updated successfully: C:\software\autoreels\AutoReels\family\Calm_ADHD_Blueprint_Hooks2.csv
Thumbnail created: D:\reels-dev\mixkit\output_reel_ADHD\thumbnails\14_ADHD_homework_environment_setup.jpg
CSV updated with FilePath: D:\reels-dev\mixkit\output_reel_ADHD\14_ADHD_homework_environment_setup.mp4
  Input video: D:\reels-dev\mixkit\women\family\33307-720.mp4
Processing row 15/131: ID=15
  Removed existing file to regenerate
Using source video duration: 11.08s
Audio duration adjustment failed: 'AudioFileClip' object has no attribute 'subclip'
Final video duration set to: 11.08s (actual: 11.08s)
Created: D:\reels-dev\mixkit\output_reel_ADHD\15_communicating_with_teachers_about_ADHD.mp4
Updating CSV: row 15 FilePath = D:\reels-dev\mixkit\output_reel_ADHD\15_communicating_with_teachers_about_ADHD.mp4
Wrote 131 rows to temp CSV: C:\software\autoreels\AutoReels\family\Calm_ADHD_Blueprint_Hooks2.csv.tmp
CSV file updated successfully: C:\software\autoreels\AutoReels\family\Calm_ADHD_Blueprint_Hooks2.csv
Thumbnail created: D:\reels-dev\mixkit\output_reel_ADHD\thumbnails\15_communicating_with_teachers_about_ADHD.jpg
CSV updated with FilePath: D:\reels-dev\mixkit\output_reel_ADHD\15_communicating_with_teachers_about_ADHD.mp4
  Input video: D:\reels-dev\mixkit\women\family\33446-720.mp4
Processing row 16/131: ID=16
  Removed existing file to regenerate
Using source video duration: 25.80s
Audio duration adjustment failed: 'AudioFileClip' object has no attribute 'subclip'
Final video duration set to: 25.80s (actual: 25.80s)
Created: D:\reels-dev\mixkit\output_reel_ADHD\16_ADHD_meal_planning_for_kids.mp4
Updating CSV: row 16 FilePath = D:\reels-dev\mixkit\output_reel_ADHD\16_ADHD_meal_planning_for_kids.mp4
Wrote 131 rows to temp CSV: C:\software\autoreels\AutoReels\family\Calm_ADHD_Blueprint_Hooks2.csv.tmp
CSV file updated successfully: C:\software\autoreels\AutoReels\family\Calm_ADHD_Blueprint_Hooks2.csv
Thumbnail created: D:\reels-dev\mixkit\output_reel_ADHD\thumbnails\16_ADHD_meal_planning_for_kids.jpg
CSV updated with FilePath: D:\reels-dev\mixkit\output_reel_ADHD\16_ADHD_meal_planning_for_kids.mp4
  Input video: D:\reels-dev\mixkit\women\family\33484-720.mp4
Processing row 17/131: ID=17
  Removed existing file to regenerate
Using source video duration: 6.88s
Audio duration adjustment failed: 'AudioFileClip' object has no attribute 'subclip'
Final video duration set to: 6.88s (actual: 6.88s)
Created: D:\reels-dev\mixkit\output_reel_ADHD\17_ADHD_emotional_regulation_strategies.mp4
Updating CSV: row 17 FilePath = D:\reels-dev\mixkit\output_reel_ADHD\17_ADHD_emotional_regulation_strategies.mp4
Wrote 131 rows to temp CSV: C:\software\autoreels\AutoReels\family\Calm_ADHD_Blueprint_Hooks2.csv.tmp
CSV file updated successfully: C:\software\autoreels\AutoReels\family\Calm_ADHD_Blueprint_Hooks2.csv
Thumbnail created: D:\reels-dev\mixkit\output_reel_ADHD\thumbnails\17_ADHD_emotional_regulation_strategies.jpg
CSV updated with FilePath: D:\reels-dev\mixkit\output_reel_ADHD\17_ADHD_emotional_regulation_strategies.mp4
  Input video: D:\reels-dev\mixkit\women\family\33513-720.mp4
Processing row 18/131: ID=18
  Removed existing file to regenerate
Using source video duration: 13.48s
Audio duration adjustment failed: 'AudioFileClip' object has no attribute 'subclip'
Final video duration set to: 13.48s (actual: 13.48s)
Created: D:\reels-dev\mixkit\output_reel_ADHD\18_short_learning_sessions_ADHD_children.mp4
Updating CSV: row 18 FilePath = D:\reels-dev\mixkit\output_reel_ADHD\18_short_learning_sessions_ADHD_children.mp4
Wrote 131 rows to temp CSV: C:\software\autoreels\AutoReels\family\Calm_ADHD_Blueprint_Hooks2.csv.tmp
CSV file updated successfully: C:\software\autoreels\AutoReels\family\Calm_ADHD_Blueprint_Hooks2.csv
Thumbnail created: D:\reels-dev\mixkit\output_reel_ADHD\thumbnails\18_short_learning_sessions_ADHD_children.jpg
CSV updated with FilePath: D:\reels-dev\mixkit\output_reel_ADHD\18_short_learning_sessions_ADHD_children.mp4
  Input video: D:\reels-dev\mixkit\women\family\33520-720.mp4
Processing row 19/131: ID=19
  Removed existing file to regenerate
Using source video duration: 5.88s
Audio duration adjustment failed: 'AudioFileClip' object has no attribute 'subclip'
Final video duration set to: 5.88s (actual: 5.88s)
Created: D:\reels-dev\mixkit\output_reel_ADHD\19_fun_activities_ADHD_children.mp4
Updating CSV: row 19 FilePath = D:\reels-dev\mixkit\output_reel_ADHD\19_fun_activities_ADHD_children.mp4
Wrote 131 rows to temp CSV: C:\software\autoreels\AutoReels\family\Calm_ADHD_Blueprint_Hooks2.csv.tmp
CSV file updated successfully: C:\software\autoreels\AutoReels\family\Calm_ADHD_Blueprint_Hooks2.csv
Thumbnail created: D:\reels-dev\mixkit\output_reel_ADHD\thumbnails\19_fun_activities_ADHD_children.jpg
CSV updated with FilePath: D:\reels-dev\mixkit\output_reel_ADHD\19_fun_activities_ADHD_children.mp4
  Input video: D:\reels-dev\mixkit\women\family\33526-720.mp4
Processing row 20/131: ID=20
  Removed existing file to regenerate
Using source video duration: 9.60s
Audio duration adjustment failed: 'AudioFileClip' object has no attribute 'subclip'
Final video duration set to: 9.60s (actual: 9.60s)
Created: D:\reels-dev\mixkit\output_reel_ADHD\20_visual_aids_for_ADHD_children.mp4
Updating CSV: row 20 FilePath = D:\reels-dev\mixkit\output_reel_ADHD\20_visual_aids_for_ADHD_children.mp4
Wrote 131 rows to temp CSV: C:\software\autoreels\AutoReels\family\Calm_ADHD_Blueprint_Hooks2.csv.tmp
CSV file updated successfully: C:\software\autoreels\AutoReels\family\Calm_ADHD_Blueprint_Hooks2.csv
Thumbnail created: D:\reels-dev\mixkit\output_reel_ADHD\thumbnails\20_visual_aids_for_ADHD_children.jpg
CSV updated with FilePath: D:\reels-dev\mixkit\output_reel_ADHD\20_visual_aids_for_ADHD_children.mp4
  Input video: D:\reels-dev\mixkit\women\family\33561-720.mp4
Processing row 21/131: ID=21
  Removed existing file to regenerate
Using source video duration: 25.56s
Audio duration adjustment failed: 'AudioFileClip' object has no attribute 'subclip'
Final video duration set to: 25.56s (actual: 25.56s)
Created: D:\reels-dev\mixkit\output_reel_ADHD\21_low_distraction_ADHD_environment.mp4
Updating CSV: row 21 FilePath = D:\reels-dev\mixkit\output_reel_ADHD\21_low_distraction_ADHD_environment.mp4
Wrote 131 rows to temp CSV: C:\software\autoreels\AutoReels\family\Calm_ADHD_Blueprint_Hooks2.csv.tmp
CSV file updated successfully: C:\software\autoreels\AutoReels\family\Calm_ADHD_Blueprint_Hooks2.csv
Thumbnail created: D:\reels-dev\mixkit\output_reel_ADHD\thumbnails\21_low_distraction_ADHD_environment.jpg
CSV updated with FilePath: D:\reels-dev\mixkit\output_reel_ADHD\21_low_distraction_ADHD_environment.mp4
  Input video: D:\reels-dev\mixkit\women\family\34842-720.mp4
Processing row 22/131: ID=22
  Removed existing file to regenerate
Using source video duration: 29.03s
Audio duration adjustment failed: 'AudioFileClip' object has no attribute 'subclip'
Final video duration set to: 29.03s (actual: 29.03s)
Created: D:\reels-dev\mixkit\output_reel_ADHD\22_managing_ADHD_screen_time.mp4
Updating CSV: row 22 FilePath = D:\reels-dev\mixkit\output_reel_ADHD\22_managing_ADHD_screen_time.mp4
Wrote 131 rows to temp CSV: C:\software\autoreels\AutoReels\family\Calm_ADHD_Blueprint_Hooks2.csv.tmp
CSV file updated successfully: C:\software\autoreels\AutoReels\family\Calm_ADHD_Blueprint_Hooks2.csv
Thumbnail created: D:\reels-dev\mixkit\output_reel_ADHD\thumbnails\22_managing_ADHD_screen_time.jpg
CSV updated with FilePath: D:\reels-dev\mixkit\output_reel_ADHD\22_managing_ADHD_screen_time.mp4
  Input video: D:\reels-dev\mixkit\women\family\34863-720.mp4
Processing row 23/131: ID=23
  Removed existing file to regenerate
Using source video duration: 27.03s
Audio duration adjustment failed: 'AudioFileClip' object has no attribute 'subclip'
Final video duration set to: 27.03s (actual: 27.03s)
Created: D:\reels-dev\mixkit\output_reel_ADHD\23_7_day_ADHD_plan_benefits.mp4
Updating CSV: row 23 FilePath = D:\reels-dev\mixkit\output_reel_ADHD\23_7_day_ADHD_plan_benefits.mp4
Wrote 131 rows to temp CSV: C:\software\autoreels\AutoReels\family\Calm_ADHD_Blueprint_Hooks2.csv.tmp
CSV file updated successfully: C:\software\autoreels\AutoReels\family\Calm_ADHD_Blueprint_Hooks2.csv
Thumbnail created: D:\reels-dev\mixkit\output_reel_ADHD\thumbnails\23_7_day_ADHD_plan_benefits.jpg
CSV updated with FilePath: D:\reels-dev\mixkit\output_reel_ADHD\23_7_day_ADHD_plan_benefits.mp4
  Input video: D:\reels-dev\mixkit\women\family\36100-720.mp4
Processing row 24/131: ID=24
  Removed existing file to regenerate
Using source video duration: 12.01s
Audio duration adjustment failed: 'AudioFileClip' object has no attribute 'subclip'
Final video duration set to: 12.01s (actual: 12.01s)
Created: D:\reels-dev\mixkit\output_reel_ADHD\24_tracking_ADHD_child_progress.mp4
Updating CSV: row 24 FilePath = D:\reels-dev\mixkit\output_reel_ADHD\24_tracking_ADHD_child_progress.mp4
Wrote 131 rows to temp CSV: C:\software\autoreels\AutoReels\family\Calm_ADHD_Blueprint_Hooks2.csv.tmp
CSV file updated successfully: C:\software\autoreels\AutoReels\family\Calm_ADHD_Blueprint_Hooks2.csv
Thumbnail created: D:\reels-dev\mixkit\output_reel_ADHD\thumbnails\24_tracking_ADHD_child_progress.jpg
CSV updated with FilePath: D:\reels-dev\mixkit\output_reel_ADHD\24_tracking_ADHD_child_progress.mp4
  Input video: D:\reels-dev\mixkit\women\family\36138-720.mp4
Processing row 25/131: ID=25
  Removed existing file to regenerate
Using source video duration: 7.04s
Audio duration adjustment failed: 'AudioFileClip' object has no attribute 'subclip'
Final video duration set to: 7.04s (actual: 7.04s)
Created: D:\reels-dev\mixkit\output_reel_ADHD\25_ADHD_parenting_community_support.mp4
Updating CSV: row 25 FilePath = D:\reels-dev\mixkit\output_reel_ADHD\25_ADHD_parenting_community_support.mp4
Wrote 131 rows to temp CSV: C:\software\autoreels\AutoReels\family\Calm_ADHD_Blueprint_Hooks2.csv.tmp
CSV file updated successfully: C:\software\autoreels\AutoReels\family\Calm_ADHD_Blueprint_Hooks2.csv
Thumbnail created: D:\reels-dev\mixkit\output_reel_ADHD\thumbnails\25_ADHD_parenting_community_support.jpg
CSV updated with FilePath: D:\reels-dev\mixkit\output_reel_ADHD\25_ADHD_parenting_community_support.mp4
  Input video: D:\reels-dev\mixkit\women\family\36475-720.mp4
Processing row 26/131: ID=26
  Removed existing file to regenerate
Using source video duration: 15.88s
Audio duration adjustment failed: 'AudioFileClip' object has no attribute 'subclip'
Final video duration set to: 15.88s (actual: 15.88s)
Created: D:\reels-dev\mixkit\output_reel_ADHD\26_ADHD_time_management_strategies.mp4
Updating CSV: row 26 FilePath = D:\reels-dev\mixkit\output_reel_ADHD\26_ADHD_time_management_strategies.mp4
Wrote 131 rows to temp CSV: C:\software\autoreels\AutoReels\family\Calm_ADHD_Blueprint_Hooks2.csv.tmp
CSV file updated successfully: C:\software\autoreels\AutoReels\family\Calm_ADHD_Blueprint_Hooks2.csv
Thumbnail created: D:\reels-dev\mixkit\output_reel_ADHD\thumbnails\26_ADHD_time_management_strategies.jpg
CSV updated with FilePath: D:\reels-dev\mixkit\output_reel_ADHD\26_ADHD_time_management_strategies.mp4
  Input video: D:\reels-dev\mixkit\women\family\36614-720.mp4
Processing row 27/131: ID=27
  Removed existing file to regenerate
Using source video duration: 12.98s
Audio duration adjustment failed: 'AudioFileClip' object has no attribute 'subclip'
Final video duration set to: 12.98s (actual: 12.98s)
Created: D:\reels-dev\mixkit\output_reel_ADHD\27_ADHD_memory_exercises_for_kids.mp4
Updating CSV: row 27 FilePath = D:\reels-dev\mixkit\output_reel_ADHD\27_ADHD_memory_exercises_for_kids.mp4
Wrote 131 rows to temp CSV: C:\software\autoreels\AutoReels\family\Calm_ADHD_Blueprint_Hooks2.csv.tmp
CSV file updated successfully: C:\software\autoreels\AutoReels\family\Calm_ADHD_Blueprint_Hooks2.csv
Thumbnail created: D:\reels-dev\mixkit\output_reel_ADHD\thumbnails\27_ADHD_memory_exercises_for_kids.jpg
CSV updated with FilePath: D:\reels-dev\mixkit\output_reel_ADHD\27_ADHD_memory_exercises_for_kids.mp4
  Input video: D:\reels-dev\mixkit\women\family\39766-720.mp4
Processing row 28/131: ID=28
  Removed existing file to regenerate
Using source video duration: 9.26s
Audio duration adjustment failed: 'AudioFileClip' object has no attribute 'subclip'
Final video duration set to: 9.26s (actual: 9.26s)
Created: D:\reels-dev\mixkit\output_reel_ADHD\28_setting_goals_for_ADHD_children.mp4
Updating CSV: row 28 FilePath = D:\reels-dev\mixkit\output_reel_ADHD\28_setting_goals_for_ADHD_children.mp4
Wrote 131 rows to temp CSV: C:\software\autoreels\AutoReels\family\Calm_ADHD_Blueprint_Hooks2.csv.tmp
CSV file updated successfully: C:\software\autoreels\AutoReels\family\Calm_ADHD_Blueprint_Hooks2.csv
Thumbnail created: D:\reels-dev\mixkit\output_reel_ADHD\thumbnails\28_setting_goals_for_ADHD_children.jpg
CSV updated with FilePath: D:\reels-dev\mixkit\output_reel_ADHD\28_setting_goals_for_ADHD_children.mp4
  Input video: D:\reels-dev\mixkit\women\family\40389-720.mp4
Processing row 29/131: ID=29
  Removed existing file to regenerate
Using source video duration: 10.54s
Audio duration adjustment failed: 'AudioFileClip' object has no attribute 'subclip'
Final video duration set to: 10.54s (actual: 10.54s)
Created: D:\reels-dev\mixkit\output_reel_ADHD\29_ADHD_child_transitions_support.mp4
Updating CSV: row 29 FilePath = D:\reels-dev\mixkit\output_reel_ADHD\29_ADHD_child_transitions_support.mp4
Wrote 131 rows to temp CSV: C:\software\autoreels\AutoReels\family\Calm_ADHD_Blueprint_Hooks2.csv.tmp
CSV file updated successfully: C:\software\autoreels\AutoReels\family\Calm_ADHD_Blueprint_Hooks2.csv
Thumbnail created: D:\reels-dev\mixkit\output_reel_ADHD\thumbnails\29_ADHD_child_transitions_support.jpg
CSV updated with FilePath: D:\reels-dev\mixkit\output_reel_ADHD\29_ADHD_child_transitions_support.mp4
  Input video: D:\reels-dev\mixkit\women\family\40419-720.mp4
Processing row 30/131: ID=30
  Removed existing file to regenerate
Using source video duration: 6.88s
Audio duration adjustment failed: 'AudioFileClip' object has no attribute 'subclip'
Final video duration set to: 6.88s (actual: 6.88s)
Created: D:\reels-dev\mixkit\output_reel_ADHD\30_executive_function_in_ADHD_kids.mp4
Updating CSV: row 30 FilePath = D:\reels-dev\mixkit\output_reel_ADHD\30_executive_function_in_ADHD_kids.mp4
Wrote 131 rows to temp CSV: C:\software\autoreels\AutoReels\family\Calm_ADHD_Blueprint_Hooks2.csv.tmp
CSV file updated successfully: C:\software\autoreels\AutoReels\family\Calm_ADHD_Blueprint_Hooks2.csv
Thumbnail created: D:\reels-dev\mixkit\output_reel_ADHD\thumbnails\30_executive_function_in_ADHD_kids.jpg
CSV updated with FilePath: D:\reels-dev\mixkit\output_reel_ADHD\30_executive_function_in_ADHD_kids.mp4
  Input video: D:\reels-dev\mixkit\women\family\4042-720.mp4
Processing row 31/131: ID=31
  Removed existing file to regenerate
Using source video duration: 22.53s
Audio duration adjustment failed: 'AudioFileClip' object has no attribute 'subclip'
Final video duration set to: 22.53s (actual: 22.53s)
Created: D:\reels-dev\mixkit\output_reel_ADHD\31_ADHD_social_skills_development.mp4
Updating CSV: row 31 FilePath = D:\reels-dev\mixkit\output_reel_ADHD\31_ADHD_social_skills_development.mp4
Wrote 131 rows to temp CSV: C:\software\autoreels\AutoReels\family\Calm_ADHD_Blueprint_Hooks2.csv.tmp
CSV file updated successfully: C:\software\autoreels\AutoReels\family\Calm_ADHD_Blueprint_Hooks2.csv
Thumbnail created: D:\reels-dev\mixkit\output_reel_ADHD\thumbnails\31_ADHD_social_skills_development.jpg
CSV updated with FilePath: D:\reels-dev\mixkit\output_reel_ADHD\31_ADHD_social_skills_development.mp4
  Input video: D:\reels-dev\mixkit\women\family\40425-720.mp4
Processing row 32/131: ID=32
  Removed existing file to regenerate
Using source video duration: 12.35s
Audio duration adjustment failed: 'AudioFileClip' object has no attribute 'subclip'
Final video duration set to: 12.35s (actual: 12.35s)
Created: D:\reels-dev\mixkit\output_reel_ADHD\32_ADHD_bedtime_mindfulness.mp4
Updating CSV: row 32 FilePath = D:\reels-dev\mixkit\output_reel_ADHD\32_ADHD_bedtime_mindfulness.mp4
Wrote 131 rows to temp CSV: C:\software\autoreels\AutoReels\family\Calm_ADHD_Blueprint_Hooks2.csv.tmp
CSV file updated successfully: C:\software\autoreels\AutoReels\family\Calm_ADHD_Blueprint_Hooks2.csv
Thumbnail created: D:\reels-dev\mixkit\output_reel_ADHD\thumbnails\32_ADHD_bedtime_mindfulness.jpg
CSV updated with FilePath: D:\reels-dev\mixkit\output_reel_ADHD\32_ADHD_bedtime_mindfulness.mp4
  Input video: D:\reels-dev\mixkit\women\family\40488-720.mp4
Processing row 33/131: ID=33
  Removed existing file to regenerate
Using source video duration: 4.84s
Audio duration adjustment failed: 'AudioFileClip' object has no attribute 'subclip'
Final video duration set to: 4.84s (actual: 4.84s)
Created: D:\reels-dev\mixkit\output_reel_ADHD\33_morning_routines_ADHD_children.mp4
Updating CSV: row 33 FilePath = D:\reels-dev\mixkit\output_reel_ADHD\33_morning_routines_ADHD_children.mp4
Wrote 131 rows to temp CSV: C:\software\autoreels\AutoReels\family\Calm_ADHD_Blueprint_Hooks2.csv.tmp
CSV file updated successfully: C:\software\autoreels\AutoReels\family\Calm_ADHD_Blueprint_Hooks2.csv
Thumbnail created: D:\reels-dev\mixkit\output_reel_ADHD\thumbnails\33_morning_routines_ADHD_children.jpg
CSV updated with FilePath: D:\reels-dev\mixkit\output_reel_ADHD\33_morning_routines_ADHD_children.mp4
  Input video: D:\reels-dev\mixkit\women\family\41724-720.mp4
Processing row 34/131: ID=34
  Removed existing file to regenerate
Using source video duration: 13.39s
Audio duration adjustment failed: 'AudioFileClip' object has no attribute 'subclip'
Final video duration set to: 13.39s (actual: 13.39s)
Created: D:\reels-dev\mixkit\output_reel_ADHD\34_reducing_homework_stress_ADHD.mp4
Updating CSV: row 34 FilePath = D:\reels-dev\mixkit\output_reel_ADHD\34_reducing_homework_stress_ADHD.mp4
Wrote 131 rows to temp CSV: C:\software\autoreels\AutoReels\family\Calm_ADHD_Blueprint_Hooks2.csv.tmp
CSV file updated successfully: C:\software\autoreels\AutoReels\family\Calm_ADHD_Blueprint_Hooks2.csv
Thumbnail created: D:\reels-dev\mixkit\output_reel_ADHD\thumbnails\34_reducing_homework_stress_ADHD.jpg
CSV updated with FilePath: D:\reels-dev\mixkit\output_reel_ADHD\34_reducing_homework_stress_ADHD.mp4
  Input video: D:\reels-dev\mixkit\women\family\41725-720.mp4
Processing row 35/131: ID=35
  Removed existing file to regenerate
Using source video duration: 21.90s
Audio duration adjustment failed: 'AudioFileClip' object has no attribute 'subclip'
Final video duration set to: 21.90s (actual: 21.90s)
Created: D:\reels-dev\mixkit\output_reel_ADHD\35_visual_schedule_ADHD_children.mp4
Updating CSV: row 35 FilePath = D:\reels-dev\mixkit\output_reel_ADHD\35_visual_schedule_ADHD_children.mp4
Wrote 131 rows to temp CSV: C:\software\autoreels\AutoReels\family\Calm_ADHD_Blueprint_Hooks2.csv.tmp
CSV file updated successfully: C:\software\autoreels\AutoReels\family\Calm_ADHD_Blueprint_Hooks2.csv
Thumbnail created: D:\reels-dev\mixkit\output_reel_ADHD\thumbnails\35_visual_schedule_ADHD_children.jpg
CSV updated with FilePath: D:\reels-dev\mixkit\output_reel_ADHD\35_visual_schedule_ADHD_children.mp4
  Input video: D:\reels-dev\mixkit\women\family\41727-720.mp4
Processing row 36/131: ID=36
  Removed existing file to regenerate
Using source video duration: 14.85s
Audio duration adjustment failed: 'AudioFileClip' object has no attribute 'subclip'
Final video duration set to: 14.85s (actual: 14.85s)
Created: D:\reels-dev\mixkit\output_reel_ADHD\36_emotional_resilience_ADHD_children.mp4
Updating CSV: row 36 FilePath = D:\reels-dev\mixkit\output_reel_ADHD\36_emotional_resilience_ADHD_children.mp4
Wrote 131 rows to temp CSV: C:\software\autoreels\AutoReels\family\Calm_ADHD_Blueprint_Hooks2.csv.tmp
CSV file updated successfully: C:\software\autoreels\AutoReels\family\Calm_ADHD_Blueprint_Hooks2.csv
Thumbnail created: D:\reels-dev\mixkit\output_reel_ADHD\thumbnails\36_emotional_resilience_ADHD_children.jpg
CSV updated with FilePath: D:\reels-dev\mixkit\output_reel_ADHD\36_emotional_resilience_ADHD_children.mp4
  Input video: D:\reels-dev\mixkit\women\family\41733-720.mp4
Processing row 37/131: ID=37
  Removed existing file to regenerate
Using source video duration: 22.23s
Audio duration adjustment failed: 'AudioFileClip' object has no attribute 'subclip'
Final video duration set to: 22.23s (actual: 22.23s)
Created: D:\reels-dev\mixkit\output_reel_ADHD\37_reducing_impulsivity_ADHD_children.mp4
Updating CSV: row 37 FilePath = D:\reels-dev\mixkit\output_reel_ADHD\37_reducing_impulsivity_ADHD_children.mp4
Wrote 131 rows to temp CSV: C:\software\autoreels\AutoReels\family\Calm_ADHD_Blueprint_Hooks2.csv.tmp
CSV file updated successfully: C:\software\autoreels\AutoReels\family\Calm_ADHD_Blueprint_Hooks2.csv
Thumbnail created: D:\reels-dev\mixkit\output_reel_ADHD\thumbnails\37_reducing_impulsivity_ADHD_children.jpg
CSV updated with FilePath: D:\reels-dev\mixkit\output_reel_ADHD\37_reducing_impulsivity_ADHD_children.mp4
  Input video: D:\reels-dev\mixkit\women\family\41734-720.mp4
Processing row 38/131: ID=38
  Removed existing file to regenerate
Using source video duration: 10.01s
Audio duration adjustment failed: 'AudioFileClip' object has no attribute 'subclip'
Final video duration set to: 10.01s (actual: 10.01s)
Created: D:\reels-dev\mixkit\output_reel_ADHD\38_structured_play_ADHD_children.mp4
Updating CSV: row 38 FilePath = D:\reels-dev\mixkit\output_reel_ADHD\38_structured_play_ADHD_children.mp4
Wrote 131 rows to temp CSV: C:\software\autoreels\AutoReels\family\Calm_ADHD_Blueprint_Hooks2.csv.tmp
CSV file updated successfully: C:\software\autoreels\AutoReels\family\Calm_ADHD_Blueprint_Hooks2.csv
Thumbnail created: D:\reels-dev\mixkit\output_reel_ADHD\thumbnails\38_structured_play_ADHD_children.jpg
CSV updated with FilePath: D:\reels-dev\mixkit\output_reel_ADHD\38_structured_play_ADHD_children.mp4
  Input video: D:\reels-dev\mixkit\women\family\41736-720.mp4
Processing row 39/131: ID=39
  Removed existing file to regenerate
Using source video duration: 21.15s
Audio duration adjustment failed: 'AudioFileClip' object has no attribute 'subclip'
Final video duration set to: 21.15s (actual: 21.15s)
Created: D:\reels-dev\mixkit\output_reel_ADHD\39_ADHD_school_stress_management.mp4
Updating CSV: row 39 FilePath = D:\reels-dev\mixkit\output_reel_ADHD\39_ADHD_school_stress_management.mp4
Wrote 131 rows to temp CSV: C:\software\autoreels\AutoReels\family\Calm_ADHD_Blueprint_Hooks2.csv.tmp
CSV file updated successfully: C:\software\autoreels\AutoReels\family\Calm_ADHD_Blueprint_Hooks2.csv
Thumbnail created: D:\reels-dev\mixkit\output_reel_ADHD\thumbnails\39_ADHD_school_stress_management.jpg
CSV updated with FilePath: D:\reels-dev\mixkit\output_reel_ADHD\39_ADHD_school_stress_management.mp4
  Input video: D:\reels-dev\mixkit\women\family\41737-720.mp4
Processing row 40/131: ID=40
  Removed existing file to regenerate
Using source video duration: 15.14s
Audio duration adjustment failed: 'AudioFileClip' object has no attribute 'subclip'
Final video duration set to: 15.14s (actual: 15.14s)
Created: D:\reels-dev\mixkit\output_reel_ADHD\40_ADHD_triggers_social_settings.mp4
Updating CSV: row 40 FilePath = D:\reels-dev\mixkit\output_reel_ADHD\40_ADHD_triggers_social_settings.mp4
Wrote 131 rows to temp CSV: C:\software\autoreels\AutoReels\family\Calm_ADHD_Blueprint_Hooks2.csv.tmp
CSV file updated successfully: C:\software\autoreels\AutoReels\family\Calm_ADHD_Blueprint_Hooks2.csv
Thumbnail created: D:\reels-dev\mixkit\output_reel_ADHD\thumbnails\40_ADHD_triggers_social_settings.jpg
CSV updated with FilePath: D:\reels-dev\mixkit\output_reel_ADHD\40_ADHD_triggers_social_settings.mp4
  Input video: D:\reels-dev\mixkit\women\family\41738-720.mp4
Processing row 41/131: ID=41
  Removed existing file to regenerate
Using source video duration: 14.60s
Audio duration adjustment failed: 'AudioFileClip' object has no attribute 'subclip'
Final video duration set to: 14.60s (actual: 14.60s)
Created: D:\reels-dev\mixkit\output_reel_ADHD\41_nutrition_impact_on_ADHD_behavior.mp4
Updating CSV: row 41 FilePath = D:\reels-dev\mixkit\output_reel_ADHD\41_nutrition_impact_on_ADHD_behavior.mp4
Wrote 131 rows to temp CSV: C:\software\autoreels\AutoReels\family\Calm_ADHD_Blueprint_Hooks2.csv.tmp
CSV file updated successfully: C:\software\autoreels\AutoReels\family\Calm_ADHD_Blueprint_Hooks2.csv
Thumbnail created: D:\reels-dev\mixkit\output_reel_ADHD\thumbnails\41_nutrition_impact_on_ADHD_behavior.jpg
CSV updated with FilePath: D:\reels-dev\mixkit\output_reel_ADHD\41_nutrition_impact_on_ADHD_behavior.mp4
  Input video: D:\reels-dev\mixkit\women\family\41739-720.mp4
Processing row 42/131: ID=42
  Removed existing file to regenerate
Using source video duration: 12.05s
Audio duration adjustment failed: 'AudioFileClip' object has no attribute 'subclip'
Final video duration set to: 12.05s (actual: 12.05s)
Created: D:\reels-dev\mixkit\output_reel_ADHD\42_improving_self_control_ADHD.mp4
Updating CSV: row 42 FilePath = D:\reels-dev\mixkit\output_reel_ADHD\42_improving_self_control_ADHD.mp4
Wrote 131 rows to temp CSV: C:\software\autoreels\AutoReels\family\Calm_ADHD_Blueprint_Hooks2.csv.tmp
CSV file updated successfully: C:\software\autoreels\AutoReels\family\Calm_ADHD_Blueprint_Hooks2.csv
Thumbnail created: D:\reels-dev\mixkit\output_reel_ADHD\thumbnails\42_improving_self_control_ADHD.jpg
CSV updated with FilePath: D:\reels-dev\mixkit\output_reel_ADHD\42_improving_self_control_ADHD.mp4
  Input video: D:\reels-dev\mixkit\women\family\41740-720.mp4
Processing row 43/131: ID=43
  Removed existing file to regenerate
Using source video duration: 13.43s
Audio duration adjustment failed: 'AudioFileClip' object has no attribute 'subclip'
Final video duration set to: 13.43s (actual: 13.43s)
Created: D:\reels-dev\mixkit\output_reel_ADHD\43_positive_reinforcement_ADHD_children.mp4
Updating CSV: row 43 FilePath = D:\reels-dev\mixkit\output_reel_ADHD\43_positive_reinforcement_ADHD_children.mp4
Wrote 131 rows to temp CSV: C:\software\autoreels\AutoReels\family\Calm_ADHD_Blueprint_Hooks2.csv.tmp
CSV file updated successfully: C:\software\autoreels\AutoReels\family\Calm_ADHD_Blueprint_Hooks2.csv
Thumbnail created: D:\reels-dev\mixkit\output_reel_ADHD\thumbnails\43_positive_reinforcement_ADHD_children.jpg
CSV updated with FilePath: D:\reels-dev\mixkit\output_reel_ADHD\43_positive_reinforcement_ADHD_children.mp4
  Input video: D:\reels-dev\mixkit\women\family\41743-720.mp4
Processing row 44/131: ID=44
  Removed existing file to regenerate
Using source video duration: 10.26s
Audio duration adjustment failed: 'AudioFileClip' object has no attribute 'subclip'
Final video duration set to: 10.26s (actual: 10.26s)
Created: D:\reels-dev\mixkit\output_reel_ADHD\44_home_learning_setup_ADHD_children.mp4
Updating CSV: row 44 FilePath = D:\reels-dev\mixkit\output_reel_ADHD\44_home_learning_setup_ADHD_children.mp4
Wrote 131 rows to temp CSV: C:\software\autoreels\AutoReels\family\Calm_ADHD_Blueprint_Hooks2.csv.tmp
CSV file updated successfully: C:\software\autoreels\AutoReels\family\Calm_ADHD_Blueprint_Hooks2.csv
Thumbnail created: D:\reels-dev\mixkit\output_reel_ADHD\thumbnails\44_home_learning_setup_ADHD_children.jpg
CSV updated with FilePath: D:\reels-dev\mixkit\output_reel_ADHD\44_home_learning_setup_ADHD_children.mp4
  Input video: D:\reels-dev\mixkit\women\family\41744-720.mp4
Processing row 45/131: ID=45
  Removed existing file to regenerate
Using source video duration: 11.80s
Audio duration adjustment failed: 'AudioFileClip' object has no attribute 'subclip'
Final video duration set to: 11.80s (actual: 11.80s)
Created: D:\reels-dev\mixkit\output_reel_ADHD\45_exercise_benefits_ADHD_children.mp4
Updating CSV: row 45 FilePath = D:\reels-dev\mixkit\output_reel_ADHD\45_exercise_benefits_ADHD_children.mp4
Wrote 131 rows to temp CSV: C:\software\autoreels\AutoReels\family\Calm_ADHD_Blueprint_Hooks2.csv.tmp
CSV file updated successfully: C:\software\autoreels\AutoReels\family\Calm_ADHD_Blueprint_Hooks2.csv
Thumbnail created: D:\reels-dev\mixkit\output_reel_ADHD\thumbnails\45_exercise_benefits_ADHD_children.jpg
CSV updated with FilePath: D:\reels-dev\mixkit\output_reel_ADHD\45_exercise_benefits_ADHD_children.mp4
  Input video: D:\reels-dev\mixkit\women\family\41961-720.mp4
Processing row 46/131: ID=46
  Removed existing file to regenerate
Using source video duration: 15.02s
Audio duration adjustment failed: 'AudioFileClip' object has no attribute 'subclip'
Final video duration set to: 15.02s (actual: 15.02s)
Created: D:\reels-dev\mixkit\output_reel_ADHD\46_teaching_coping_skills_ADHD.mp4
Updating CSV: row 46 FilePath = D:\reels-dev\mixkit\output_reel_ADHD\46_teaching_coping_skills_ADHD.mp4
Wrote 131 rows to temp CSV: C:\software\autoreels\AutoReels\family\Calm_ADHD_Blueprint_Hooks2.csv.tmp
CSV file updated successfully: C:\software\autoreels\AutoReels\family\Calm_ADHD_Blueprint_Hooks2.csv
Thumbnail created: D:\reels-dev\mixkit\output_reel_ADHD\thumbnails\46_teaching_coping_skills_ADHD.jpg
CSV updated with FilePath: D:\reels-dev\mixkit\output_reel_ADHD\46_teaching_coping_skills_ADHD.mp4
  Input video: D:\reels-dev\mixkit\women\family\41965-720.mp4
Processing row 47/131: ID=47
  Removed existing file to regenerate
Using source video duration: 12.72s
Audio duration adjustment failed: 'AudioFileClip' object has no attribute 'subclip'
Final video duration set to: 12.72s (actual: 12.72s)
Created: D:\reels-dev\mixkit\output_reel_ADHD\47_sensory_sensitivities_ADHD_children.mp4
Updating CSV: row 47 FilePath = D:\reels-dev\mixkit\output_reel_ADHD\47_sensory_sensitivities_ADHD_children.mp4
Wrote 131 rows to temp CSV: C:\software\autoreels\AutoReels\family\Calm_ADHD_Blueprint_Hooks2.csv.tmp
CSV file updated successfully: C:\software\autoreels\AutoReels\family\Calm_ADHD_Blueprint_Hooks2.csv
Thumbnail created: D:\reels-dev\mixkit\output_reel_ADHD\thumbnails\47_sensory_sensitivities_ADHD_children.jpg
CSV updated with FilePath: D:\reels-dev\mixkit\output_reel_ADHD\47_sensory_sensitivities_ADHD_children.mp4
  Input video: D:\reels-dev\mixkit\women\family\41967-720.mp4
Processing row 48/131: ID=48
  Removed existing file to regenerate
Using source video duration: 15.02s
Audio duration adjustment failed: 'AudioFileClip' object has no attribute 'subclip'
Final video duration set to: 15.02s (actual: 15.02s)
Created: D:\reels-dev\mixkit\output_reel_ADHD\48_checklists_for_ADHD_children.mp4
Updating CSV: row 48 FilePath = D:\reels-dev\mixkit\output_reel_ADHD\48_checklists_for_ADHD_children.mp4
Wrote 131 rows to temp CSV: C:\software\autoreels\AutoReels\family\Calm_ADHD_Blueprint_Hooks2.csv.tmp
CSV file updated successfully: C:\software\autoreels\AutoReels\family\Calm_ADHD_Blueprint_Hooks2.csv
Thumbnail created: D:\reels-dev\mixkit\output_reel_ADHD\thumbnails\48_checklists_for_ADHD_children.jpg
CSV updated with FilePath: D:\reels-dev\mixkit\output_reel_ADHD\48_checklists_for_ADHD_children.mp4
  Input video: D:\reels-dev\mixkit\women\family\41970-720.mp4
Processing row 49/131: ID=49
  Removed existing file to regenerate
Using source video duration: 9.18s
Audio duration adjustment failed: 'AudioFileClip' object has no attribute 'subclip'
Final video duration set to: 9.18s (actual: 9.18s)
Created: D:\reels-dev\mixkit\output_reel_ADHD\49_managing_ADHD_impulsive_speech.mp4
Updating CSV: row 49 FilePath = D:\reels-dev\mixkit\output_reel_ADHD\49_managing_ADHD_impulsive_speech.mp4
Wrote 131 rows to temp CSV: C:\software\autoreels\AutoReels\family\Calm_ADHD_Blueprint_Hooks2.csv.tmp
CSV file updated successfully: C:\software\autoreels\AutoReels\family\Calm_ADHD_Blueprint_Hooks2.csv
Thumbnail created: D:\reels-dev\mixkit\output_reel_ADHD\thumbnails\49_managing_ADHD_impulsive_speech.jpg
CSV updated with FilePath: D:\reels-dev\mixkit\output_reel_ADHD\49_managing_ADHD_impulsive_speech.mp4
  Input video: D:\reels-dev\mixkit\women\family\42147-720.mp4
Processing row 50/131: ID=50
  Removed existing file to regenerate
Using source video duration: 5.26s
Audio duration adjustment failed: 'AudioFileClip' object has no attribute 'subclip'
Final video duration set to: 5.26s (actual: 5.26s)
Created: D:\reels-dev\mixkit\output_reel_ADHD\50_ADHD_friendship_tips.mp4
Updating CSV: row 50 FilePath = D:\reels-dev\mixkit\output_reel_ADHD\50_ADHD_friendship_tips.mp4
Wrote 131 rows to temp CSV: C:\software\autoreels\AutoReels\family\Calm_ADHD_Blueprint_Hooks2.csv.tmp
CSV file updated successfully: C:\software\autoreels\AutoReels\family\Calm_ADHD_Blueprint_Hooks2.csv
Thumbnail created: D:\reels-dev\mixkit\output_reel_ADHD\thumbnails\50_ADHD_friendship_tips.jpg
CSV updated with FilePath: D:\reels-dev\mixkit\output_reel_ADHD\50_ADHD_friendship_tips.mp4
  Input video: D:\reels-dev\mixkit\women\family\42166-720.mp4
Processing row 51/131: ID=51
  Removed existing file to regenerate
Using source video duration: 11.34s
Audio duration adjustment failed: 'AudioFileClip' object has no attribute 'subclip'
Final video duration set to: 11.34s (actual: 11.34s)
Created: D:\reels-dev\mixkit\output_reel_ADHD\51_visual_aids_ADHD_learning.mp4
Updating CSV: row 51 FilePath = D:\reels-dev\mixkit\output_reel_ADHD\51_visual_aids_ADHD_learning.mp4
Wrote 131 rows to temp CSV: C:\software\autoreels\AutoReels\family\Calm_ADHD_Blueprint_Hooks2.csv.tmp
CSV file updated successfully: C:\software\autoreels\AutoReels\family\Calm_ADHD_Blueprint_Hooks2.csv
Thumbnail created: D:\reels-dev\mixkit\output_reel_ADHD\thumbnails\51_visual_aids_ADHD_learning.jpg
CSV updated with FilePath: D:\reels-dev\mixkit\output_reel_ADHD\51_visual_aids_ADHD_learning.mp4
  Input video: D:\reels-dev\mixkit\women\family\42167-720.mp4
Processing row 52/131: ID=52
  Removed existing file to regenerate
Using source video duration: 10.09s
Audio duration adjustment failed: 'AudioFileClip' object has no attribute 'subclip'
Final video duration set to: 10.09s (actual: 10.09s)
Created: D:\reels-dev\mixkit\output_reel_ADHD\52_managing_screen_time_ADHD_children.mp4
Updating CSV: row 52 FilePath = D:\reels-dev\mixkit\output_reel_ADHD\52_managing_screen_time_ADHD_children.mp4
Wrote 131 rows to temp CSV: C:\software\autoreels\AutoReels\family\Calm_ADHD_Blueprint_Hooks2.csv.tmp
CSV file updated successfully: C:\software\autoreels\AutoReels\family\Calm_ADHD_Blueprint_Hooks2.csv
Thumbnail created: D:\reels-dev\mixkit\output_reel_ADHD\thumbnails\52_managing_screen_time_ADHD_children.jpg
CSV updated with FilePath: D:\reels-dev\mixkit\output_reel_ADHD\52_managing_screen_time_ADHD_children.mp4
  Input video: D:\reels-dev\mixkit\women\family\42168-720.mp4
Processing row 53/131: ID=53
  Removed existing file to regenerate
Using source video duration: 11.01s
Audio duration adjustment failed: 'AudioFileClip' object has no attribute 'subclip'
Final video duration set to: 11.01s (actual: 11.01s)
Created: D:\reels-dev\mixkit\output_reel_ADHD\53_calm_down_strategies_ADHD.mp4
Updating CSV: row 53 FilePath = D:\reels-dev\mixkit\output_reel_ADHD\53_calm_down_strategies_ADHD.mp4
Wrote 131 rows to temp CSV: C:\software\autoreels\AutoReels\family\Calm_ADHD_Blueprint_Hooks2.csv.tmp
CSV file updated successfully: C:\software\autoreels\AutoReels\family\Calm_ADHD_Blueprint_Hooks2.csv
Thumbnail created: D:\reels-dev\mixkit\output_reel_ADHD\thumbnails\53_calm_down_strategies_ADHD.jpg
CSV updated with FilePath: D:\reels-dev\mixkit\output_reel_ADHD\53_calm_down_strategies_ADHD.mp4
  Input video: D:\reels-dev\mixkit\women\family\42175-720.mp4
Processing row 54/131: ID=54
  Removed existing file to regenerate
Using source video duration: 10.51s
Audio duration adjustment failed: 'AudioFileClip' object has no attribute 'subclip'
Final video duration set to: 10.51s (actual: 10.51s)
Created: D:\reels-dev\mixkit\output_reel_ADHD\54_movement_breaks_ADHD_children.mp4
Updating CSV: row 54 FilePath = D:\reels-dev\mixkit\output_reel_ADHD\54_movement_breaks_ADHD_children.mp4
Wrote 131 rows to temp CSV: C:\software\autoreels\AutoReels\family\Calm_ADHD_Blueprint_Hooks2.csv.tmp
CSV file updated successfully: C:\software\autoreels\AutoReels\family\Calm_ADHD_Blueprint_Hooks2.csv
Thumbnail created: D:\reels-dev\mixkit\output_reel_ADHD\thumbnails\54_movement_breaks_ADHD_children.jpg
CSV updated with FilePath: D:\reels-dev\mixkit\output_reel_ADHD\54_movement_breaks_ADHD_children.mp4
  Input video: D:\reels-dev\mixkit\women\family\42177-720.mp4
Processing row 55/131: ID=55
  Removed existing file to regenerate
Using source video duration: 5.38s
Audio duration adjustment failed: 'AudioFileClip' object has no attribute 'subclip'
Final video duration set to: 5.38s (actual: 5.38s)
Created: D:\reels-dev\mixkit\output_reel_ADHD\55_managing_ADHD_transitions.mp4
Updating CSV: row 55 FilePath = D:\reels-dev\mixkit\output_reel_ADHD\55_managing_ADHD_transitions.mp4
Wrote 131 rows to temp CSV: C:\software\autoreels\AutoReels\family\Calm_ADHD_Blueprint_Hooks2.csv.tmp
CSV file updated successfully: C:\software\autoreels\AutoReels\family\Calm_ADHD_Blueprint_Hooks2.csv
Thumbnail created: D:\reels-dev\mixkit\output_reel_ADHD\thumbnails\55_managing_ADHD_transitions.jpg
CSV updated with FilePath: D:\reels-dev\mixkit\output_reel_ADHD\55_managing_ADHD_transitions.mp4
  Input video: D:\reels-dev\mixkit\women\family\42179-720.mp4
Processing row 56/131: ID=56
  Removed existing file to regenerate
Using source video duration: 8.17s
Audio duration adjustment failed: 'AudioFileClip' object has no attribute 'subclip'
Final video duration set to: 8.17s (actual: 8.17s)
Created: D:\reels-dev\mixkit\output_reel_ADHD\56_reducing_anxiety_ADHD_children.mp4
Updating CSV: row 56 FilePath = D:\reels-dev\mixkit\output_reel_ADHD\56_reducing_anxiety_ADHD_children.mp4
Wrote 131 rows to temp CSV: C:\software\autoreels\AutoReels\family\Calm_ADHD_Blueprint_Hooks2.csv.tmp
CSV file updated successfully: C:\software\autoreels\AutoReels\family\Calm_ADHD_Blueprint_Hooks2.csv
Thumbnail created: D:\reels-dev\mixkit\output_reel_ADHD\thumbnails\56_reducing_anxiety_ADHD_children.jpg
CSV updated with FilePath: D:\reels-dev\mixkit\output_reel_ADHD\56_reducing_anxiety_ADHD_children.mp4
  Input video: D:\reels-dev\mixkit\women\family\42384-720.mp4
Processing row 57/131: ID=57
  Removed existing file to regenerate
Using source video duration: 21.60s
Audio duration adjustment failed: 'AudioFileClip' object has no attribute 'subclip'
Final video duration set to: 21.60s (actual: 21.60s)
Created: D:\reels-dev\mixkit\output_reel_ADHD\57_collaborating_with_teachers_ADHD.mp4
Updating CSV: row 57 FilePath = D:\reels-dev\mixkit\output_reel_ADHD\57_collaborating_with_teachers_ADHD.mp4
Wrote 131 rows to temp CSV: C:\software\autoreels\AutoReels\family\Calm_ADHD_Blueprint_Hooks2.csv.tmp
CSV file updated successfully: C:\software\autoreels\AutoReels\family\Calm_ADHD_Blueprint_Hooks2.csv
Thumbnail created: D:\reels-dev\mixkit\output_reel_ADHD\thumbnails\57_collaborating_with_teachers_ADHD.jpg
CSV updated with FilePath: D:\reels-dev\mixkit\output_reel_ADHD\57_collaborating_with_teachers_ADHD.mp4
  Input video: D:\reels-dev\mixkit\women\family\43258-720.mp4
Processing row 58/131: ID=58
  Removed existing file to regenerate
Using source video duration: 13.18s
Audio duration adjustment failed: 'AudioFileClip' object has no attribute 'subclip'
Final video duration set to: 13.18s (actual: 13.18s)
Created: D:\reels-dev\mixkit\output_reel_ADHD\58_ADHD_emotional_management_strategies.mp4
Updating CSV: row 58 FilePath = D:\reels-dev\mixkit\output_reel_ADHD\58_ADHD_emotional_management_strategies.mp4
Wrote 131 rows to temp CSV: C:\software\autoreels\AutoReels\family\Calm_ADHD_Blueprint_Hooks2.csv.tmp
CSV file updated successfully: C:\software\autoreels\AutoReels\family\Calm_ADHD_Blueprint_Hooks2.csv
Thumbnail created: D:\reels-dev\mixkit\output_reel_ADHD\thumbnails\58_ADHD_emotional_management_strategies.jpg
CSV updated with FilePath: D:\reels-dev\mixkit\output_reel_ADHD\58_ADHD_emotional_management_strategies.mp4
  Input video: D:\reels-dev\mixkit\women\family\43260-720.mp4
Processing row 59/131: ID=59
  Removed existing file to regenerate
Using source video duration: 11.55s
Audio duration adjustment failed: 'AudioFileClip' object has no attribute 'subclip'
Final video duration set to: 11.55s (actual: 11.55s)
Created: D:\reels-dev\mixkit\output_reel_ADHD\59_mindfulness_for_ADHD_children.mp4
Updating CSV: row 59 FilePath = D:\reels-dev\mixkit\output_reel_ADHD\59_mindfulness_for_ADHD_children.mp4
Wrote 131 rows to temp CSV: C:\software\autoreels\AutoReels\family\Calm_ADHD_Blueprint_Hooks2.csv.tmp
CSV file updated successfully: C:\software\autoreels\AutoReels\family\Calm_ADHD_Blueprint_Hooks2.csv
Thumbnail created: D:\reels-dev\mixkit\output_reel_ADHD\thumbnails\59_mindfulness_for_ADHD_children.jpg
CSV updated with FilePath: D:\reels-dev\mixkit\output_reel_ADHD\59_mindfulness_for_ADHD_children.mp4
  Input video: D:\reels-dev\mixkit\women\family\43343-720.mp4
Processing row 60/131: ID=60
  Removed existing file to regenerate
Using source video duration: 6.46s
Audio duration adjustment failed: 'AudioFileClip' object has no attribute 'subclip'
Final video duration set to: 6.46s (actual: 6.46s)
Created: D:\reels-dev\mixkit\output_reel_ADHD\60_structured_meals_ADHD_children.mp4
Updating CSV: row 60 FilePath = D:\reels-dev\mixkit\output_reel_ADHD\60_structured_meals_ADHD_children.mp4
Wrote 131 rows to temp CSV: C:\software\autoreels\AutoReels\family\Calm_ADHD_Blueprint_Hooks2.csv.tmp
CSV file updated successfully: C:\software\autoreels\AutoReels\family\Calm_ADHD_Blueprint_Hooks2.csv
Thumbnail created: D:\reels-dev\mixkit\output_reel_ADHD\thumbnails\60_structured_meals_ADHD_children.jpg
CSV updated with FilePath: D:\reels-dev\mixkit\output_reel_ADHD\60_structured_meals_ADHD_children.mp4
  Input video: D:\reels-dev\mixkit\women\family\43346-720.mp4
Processing row 61/131: ID=61
  Removed existing file to regenerate
Using source video duration: 12.43s
Audio duration adjustment failed: 'AudioFileClip' object has no attribute 'subclip'
Final video duration set to: 12.43s (actual: 12.43s)
Created: D:\reels-dev\mixkit\output_reel_ADHD\61_ADHD_multi_step_task_strategies.mp4
Updating CSV: row 61 FilePath = D:\reels-dev\mixkit\output_reel_ADHD\61_ADHD_multi_step_task_strategies.mp4
Wrote 131 rows to temp CSV: C:\software\autoreels\AutoReels\family\Calm_ADHD_Blueprint_Hooks2.csv.tmp
CSV file updated successfully: C:\software\autoreels\AutoReels\family\Calm_ADHD_Blueprint_Hooks2.csv
Thumbnail created: D:\reels-dev\mixkit\output_reel_ADHD\thumbnails\61_ADHD_multi_step_task_strategies.jpg
CSV updated with FilePath: D:\reels-dev\mixkit\output_reel_ADHD\61_ADHD_multi_step_task_strategies.mp4
  Input video: D:\reels-dev\mixkit\women\family\43352-720.mp4
Processing row 62/131: ID=62
  Removed existing file to regenerate
Using source video duration: 16.18s
Audio duration adjustment failed: 'AudioFileClip' object has no attribute 'subclip'
Final video duration set to: 16.18s (actual: 16.18s)
Created: D:\reels-dev\mixkit\output_reel_ADHD\62_tracking_ADHD_child_progress.mp4
Updating CSV: row 62 FilePath = D:\reels-dev\mixkit\output_reel_ADHD\62_tracking_ADHD_child_progress.mp4
Wrote 131 rows to temp CSV: C:\software\autoreels\AutoReels\family\Calm_ADHD_Blueprint_Hooks2.csv.tmp
CSV file updated successfully: C:\software\autoreels\AutoReels\family\Calm_ADHD_Blueprint_Hooks2.csv
Thumbnail created: D:\reels-dev\mixkit\output_reel_ADHD\thumbnails\62_tracking_ADHD_child_progress.jpg
CSV updated with FilePath: D:\reels-dev\mixkit\output_reel_ADHD\62_tracking_ADHD_child_progress.mp4
  Input video: D:\reels-dev\mixkit\women\family\43359-720.mp4
Processing row 63/131: ID=63
  Removed existing file to regenerate
Using source video duration: 10.84s
Audio duration adjustment failed: 'AudioFileClip' object has no attribute 'subclip'
Final video duration set to: 10.84s (actual: 10.84s)
Created: D:\reels-dev\mixkit\output_reel_ADHD\63_ADHD_overstimulation_strategies.mp4
Updating CSV: row 63 FilePath = D:\reels-dev\mixkit\output_reel_ADHD\63_ADHD_overstimulation_strategies.mp4
Wrote 131 rows to temp CSV: C:\software\autoreels\AutoReels\family\Calm_ADHD_Blueprint_Hooks2.csv.tmp
CSV file updated successfully: C:\software\autoreels\AutoReels\family\Calm_ADHD_Blueprint_Hooks2.csv
Thumbnail created: D:\reels-dev\mixkit\output_reel_ADHD\thumbnails\63_ADHD_overstimulation_strategies.jpg
CSV updated with FilePath: D:\reels-dev\mixkit\output_reel_ADHD\63_ADHD_overstimulation_strategies.mp4
  Input video: D:\reels-dev\mixkit\women\family\43361-720.mp4
Processing row 64/131: ID=64
  Removed existing file to regenerate
Using source video duration: 11.05s
Audio duration adjustment failed: 'AudioFileClip' object has no attribute 'subclip'
Final video duration set to: 11.05s (actual: 11.05s)
Created: D:\reels-dev\mixkit\output_reel_ADHD\64_teaching_organizational_skills_ADHD.mp4
Updating CSV: row 64 FilePath = D:\reels-dev\mixkit\output_reel_ADHD\64_teaching_organizational_skills_ADHD.mp4
Wrote 131 rows to temp CSV: C:\software\autoreels\AutoReels\family\Calm_ADHD_Blueprint_Hooks2.csv.tmp
CSV file updated successfully: C:\software\autoreels\AutoReels\family\Calm_ADHD_Blueprint_Hooks2.csv
Thumbnail created: D:\reels-dev\mixkit\output_reel_ADHD\thumbnails\64_teaching_organizational_skills_ADHD.jpg
CSV updated with FilePath: D:\reels-dev\mixkit\output_reel_ADHD\64_teaching_organizational_skills_ADHD.mp4
  Input video: D:\reels-dev\mixkit\women\family\43369-720.mp4
Processing row 65/131: ID=65
  Removed existing file to regenerate
Using source video duration: 14.68s
Audio duration adjustment failed: 'AudioFileClip' object has no attribute 'subclip'
Final video duration set to: 14.68s (actual: 14.68s)
Created: D:\reels-dev\mixkit\output_reel_ADHD\65_ADHD_peer_support_benefits.mp4
Updating CSV: row 65 FilePath = D:\reels-dev\mixkit\output_reel_ADHD\65_ADHD_peer_support_benefits.mp4
Wrote 131 rows to temp CSV: C:\software\autoreels\AutoReels\family\Calm_ADHD_Blueprint_Hooks2.csv.tmp
CSV file updated successfully: C:\software\autoreels\AutoReels\family\Calm_ADHD_Blueprint_Hooks2.csv
Thumbnail created: D:\reels-dev\mixkit\output_reel_ADHD\thumbnails\65_ADHD_peer_support_benefits.jpg
CSV updated with FilePath: D:\reels-dev\mixkit\output_reel_ADHD\65_ADHD_peer_support_benefits.mp4
  Input video: D:\reels-dev\mixkit\women\family\43787-720.mp4
Processing row 66/131: ID=66
  Removed existing file to regenerate
Using source video duration: 21.19s
Audio duration adjustment failed: 'AudioFileClip' object has no attribute 'subclip'
Final video duration set to: 21.19s (actual: 21.19s)
Created: D:\reels-dev\mixkit\output_reel_ADHD\66_coping_with_frustration_ADHD_children.mp4
Updating CSV: row 66 FilePath = D:\reels-dev\mixkit\output_reel_ADHD\66_coping_with_frustration_ADHD_children.mp4
Wrote 131 rows to temp CSV: C:\software\autoreels\AutoReels\family\Calm_ADHD_Blueprint_Hooks2.csv.tmp
CSV file updated successfully: C:\software\autoreels\AutoReels\family\Calm_ADHD_Blueprint_Hooks2.csv
Thumbnail created: D:\reels-dev\mixkit\output_reel_ADHD\thumbnails\66_coping_with_frustration_ADHD_children.jpg
CSV updated with FilePath: D:\reels-dev\mixkit\output_reel_ADHD\66_coping_with_frustration_ADHD_children.mp4
  Input video: D:\reels-dev\mixkit\women\family\43893-720.mp4
Processing row 67/131: ID=67
  Removed existing file to regenerate
Using source video duration: 14.18s
Audio duration adjustment failed: 'AudioFileClip' object has no attribute 'subclip'
Final video duration set to: 14.18s (actual: 14.18s)
Created: D:\reels-dev\mixkit\output_reel_ADHD\67_predictable_routines_ADHD_children.mp4
Updating CSV: row 67 FilePath = D:\reels-dev\mixkit\output_reel_ADHD\67_predictable_routines_ADHD_children.mp4
Wrote 131 rows to temp CSV: C:\software\autoreels\AutoReels\family\Calm_ADHD_Blueprint_Hooks2.csv.tmp
CSV file updated successfully: C:\software\autoreels\AutoReels\family\Calm_ADHD_Blueprint_Hooks2.csv
Thumbnail created: D:\reels-dev\mixkit\output_reel_ADHD\thumbnails\67_predictable_routines_ADHD_children.jpg
CSV updated with FilePath: D:\reels-dev\mixkit\output_reel_ADHD\67_predictable_routines_ADHD_children.mp4
  Input video: D:\reels-dev\mixkit\women\family\44527-720.mp4
Processing row 68/131: ID=68
  Removed existing file to regenerate
Using source video duration: 18.64s
Audio duration adjustment failed: 'AudioFileClip' object has no attribute 'subclip'
Final video duration set to: 18.64s (actual: 18.64s)
Created: D:\reels-dev\mixkit\output_reel_ADHD\68_transition_strategies_ADHD_children.mp4
Updating CSV: row 68 FilePath = D:\reels-dev\mixkit\output_reel_ADHD\68_transition_strategies_ADHD_children.mp4
Wrote 131 rows to temp CSV: C:\software\autoreels\AutoReels\family\Calm_ADHD_Blueprint_Hooks2.csv.tmp
CSV file updated successfully: C:\software\autoreels\AutoReels\family\Calm_ADHD_Blueprint_Hooks2.csv
Thumbnail created: D:\reels-dev\mixkit\output_reel_ADHD\thumbnails\68_transition_strategies_ADHD_children.jpg
CSV updated with FilePath: D:\reels-dev\mixkit\output_reel_ADHD\68_transition_strategies_ADHD_children.mp4
  Input video: D:\reels-dev\mixkit\women\family\44529-720.mp4
Processing row 69/131: ID=69
  Removed existing file to regenerate
Using source video duration: 12.68s
Audio duration adjustment failed: 'AudioFileClip' object has no attribute 'subclip'
Final video duration set to: 12.68s (actual: 12.68s)
Created: D:\reels-dev\mixkit\output_reel_ADHD\69_goal_setting_for_ADHD_children.mp4
Updating CSV: row 69 FilePath = D:\reels-dev\mixkit\output_reel_ADHD\69_goal_setting_for_ADHD_children.mp4
Wrote 131 rows to temp CSV: C:\software\autoreels\AutoReels\family\Calm_ADHD_Blueprint_Hooks2.csv.tmp
CSV file updated successfully: C:\software\autoreels\AutoReels\family\Calm_ADHD_Blueprint_Hooks2.csv
Thumbnail created: D:\reels-dev\mixkit\output_reel_ADHD\thumbnails\69_goal_setting_for_ADHD_children.jpg
CSV updated with FilePath: D:\reels-dev\mixkit\output_reel_ADHD\69_goal_setting_for_ADHD_children.mp4
  Input video: D:\reels-dev\mixkit\women\family\45027-720.mp4
Processing row 70/131: ID=70
  Removed existing file to regenerate
Using source video duration: 10.16s
Audio duration adjustment failed: 'AudioFileClip' object has no attribute 'subclip'
Final video duration set to: 10.16s (actual: 10.16s)
Created: D:\reels-dev\mixkit\output_reel_ADHD\70_self_monitoring_strategies_ADHD_children.mp4
Updating CSV: row 70 FilePath = D:\reels-dev\mixkit\output_reel_ADHD\70_self_monitoring_strategies_ADHD_children.mp4
Wrote 131 rows to temp CSV: C:\software\autoreels\AutoReels\family\Calm_ADHD_Blueprint_Hooks2.csv.tmp
CSV file updated successfully: C:\software\autoreels\AutoReels\family\Calm_ADHD_Blueprint_Hooks2.csv
Thumbnail created: D:\reels-dev\mixkit\output_reel_ADHD\thumbnails\70_self_monitoring_strategies_ADHD_children.jpg
CSV updated with FilePath: D:\reels-dev\mixkit\output_reel_ADHD\70_self_monitoring_strategies_ADHD_children.mp4
  Input video: D:\reels-dev\mixkit\women\family\4523-720.mp4
Processing row 71/131: ID=71
  Removed existing file to regenerate
Using source video duration: 13.01s
Audio duration adjustment failed: 'AudioFileClip' object has no attribute 'subclip'
Final video duration set to: 13.01s (actual: 13.01s)
Created: D:\reels-dev\mixkit\output_reel_ADHD\71_ADHD_journaling_for_kids.mp4
Updating CSV: row 71 FilePath = D:\reels-dev\mixkit\output_reel_ADHD\71_ADHD_journaling_for_kids.mp4
Wrote 131 rows to temp CSV: C:\software\autoreels\AutoReels\family\Calm_ADHD_Blueprint_Hooks2.csv.tmp
CSV file updated successfully: C:\software\autoreels\AutoReels\family\Calm_ADHD_Blueprint_Hooks2.csv
Thumbnail created: D:\reels-dev\mixkit\output_reel_ADHD\thumbnails\71_ADHD_journaling_for_kids.jpg
CSV updated with FilePath: D:\reels-dev\mixkit\output_reel_ADHD\71_ADHD_journaling_for_kids.mp4
  Input video: D:\reels-dev\mixkit\women\family\4524-720.mp4
Processing row 72/131: ID=72
  Removed existing file to regenerate
Using source video duration: 10.00s
Audio duration adjustment failed: 'AudioFileClip' object has no attribute 'subclip'
Final video duration set to: 10.00s (actual: 10.00s)
Created: D:\reels-dev\mixkit\output_reel_ADHD\72_visual_timers_ADHD_children.mp4
Updating CSV: row 72 FilePath = D:\reels-dev\mixkit\output_reel_ADHD\72_visual_timers_ADHD_children.mp4
Wrote 131 rows to temp CSV: C:\software\autoreels\AutoReels\family\Calm_ADHD_Blueprint_Hooks2.csv.tmp
CSV file updated successfully: C:\software\autoreels\AutoReels\family\Calm_ADHD_Blueprint_Hooks2.csv
Thumbnail created: D:\reels-dev\mixkit\output_reel_ADHD\thumbnails\72_visual_timers_ADHD_children.jpg
CSV updated with FilePath: D:\reels-dev\mixkit\output_reel_ADHD\72_visual_timers_ADHD_children.mp4
  Input video: D:\reels-dev\mixkit\women\family\4549-720.mp4
Processing row 73/131: ID=73
  Removed existing file to regenerate
Using source video duration: 11.01s
Audio duration adjustment failed: 'AudioFileClip' object has no attribute 'subclip'
Final video duration set to: 11.01s (actual: 11.01s)
Created: D:\reels-dev\mixkit\output_reel_ADHD\73_calming_techniques_ADHD_children.mp4
Updating CSV: row 73 FilePath = D:\reels-dev\mixkit\output_reel_ADHD\73_calming_techniques_ADHD_children.mp4
Wrote 131 rows to temp CSV: C:\software\autoreels\AutoReels\family\Calm_ADHD_Blueprint_Hooks2.csv.tmp
CSV file updated successfully: C:\software\autoreels\AutoReels\family\Calm_ADHD_Blueprint_Hooks2.csv
Thumbnail created: D:\reels-dev\mixkit\output_reel_ADHD\thumbnails\73_calming_techniques_ADHD_children.jpg
CSV updated with FilePath: D:\reels-dev\mixkit\output_reel_ADHD\73_calming_techniques_ADHD_children.mp4
  Input video: D:\reels-dev\mixkit\women\family\4554-720.mp4
Processing row 74/131: ID=74
  Removed existing file to regenerate
Using source video duration: 15.03s
Audio duration adjustment failed: 'AudioFileClip' object has no attribute 'subclip'
Final video duration set to: 15.03s (actual: 15.03s)
Created: D:\reels-dev\mixkit\output_reel_ADHD\74_ADHD_breaks_strategies.mp4
Updating CSV: row 74 FilePath = D:\reels-dev\mixkit\output_reel_ADHD\74_ADHD_breaks_strategies.mp4
Wrote 131 rows to temp CSV: C:\software\autoreels\AutoReels\family\Calm_ADHD_Blueprint_Hooks2.csv.tmp
CSV file updated successfully: C:\software\autoreels\AutoReels\family\Calm_ADHD_Blueprint_Hooks2.csv
Thumbnail created: D:\reels-dev\mixkit\output_reel_ADHD\thumbnails\74_ADHD_breaks_strategies.jpg
CSV updated with FilePath: D:\reels-dev\mixkit\output_reel_ADHD\74_ADHD_breaks_strategies.mp4
  Input video: D:\reels-dev\mixkit\women\family\46554-720.mp4
Processing row 75/131: ID=75
  Removed existing file to regenerate
Using source video duration: 27.96s
Audio duration adjustment failed: 'AudioFileClip' object has no attribute 'subclip'
Final video duration set to: 27.96s (actual: 27.96s)
Created: D:\reels-dev\mixkit\output_reel_ADHD\75_building_independence_ADHD_children.mp4
Updating CSV: row 75 FilePath = D:\reels-dev\mixkit\output_reel_ADHD\75_building_independence_ADHD_children.mp4
Wrote 131 rows to temp CSV: C:\software\autoreels\AutoReels\family\Calm_ADHD_Blueprint_Hooks2.csv.tmp
CSV file updated successfully: C:\software\autoreels\AutoReels\family\Calm_ADHD_Blueprint_Hooks2.csv
Thumbnail created: D:\reels-dev\mixkit\output_reel_ADHD\thumbnails\75_building_independence_ADHD_children.jpg
CSV updated with FilePath: D:\reels-dev\mixkit\output_reel_ADHD\75_building_independence_ADHD_children.mp4
  Input video: D:\reels-dev\mixkit\women\family\46556-720.mp4
Processing row 76/131: ID=76
  Removed existing file to regenerate
Using source video duration: 21.28s
Audio duration adjustment failed: 'AudioFileClip' object has no attribute 'subclip'
Final video duration set to: 21.28s (actual: 21.28s)
Created: D:\reels-dev\mixkit\output_reel_ADHD\76_consistent_reward_strategies_ADHD.mp4
Updating CSV: row 76 FilePath = D:\reels-dev\mixkit\output_reel_ADHD\76_consistent_reward_strategies_ADHD.mp4
Wrote 131 rows to temp CSV: C:\software\autoreels\AutoReels\family\Calm_ADHD_Blueprint_Hooks2.csv.tmp
CSV file updated successfully: C:\software\autoreels\AutoReels\family\Calm_ADHD_Blueprint_Hooks2.csv
Thumbnail created: D:\reels-dev\mixkit\output_reel_ADHD\thumbnails\76_consistent_reward_strategies_ADHD.jpg
CSV updated with FilePath: D:\reels-dev\mixkit\output_reel_ADHD\76_consistent_reward_strategies_ADHD.mp4
  Input video: D:\reels-dev\mixkit\women\family\46693-720.mp4
Processing row 77/131: ID=77
  Removed existing file to regenerate
Using source video duration: 17.85s
Audio duration adjustment failed: 'AudioFileClip' object has no attribute 'subclip'
Final video duration set to: 17.85s (actual: 17.85s)
Created: D:\reels-dev\mixkit\output_reel_ADHD\77_identifying_ADHD_child_strengths.mp4
Updating CSV: row 77 FilePath = D:\reels-dev\mixkit\output_reel_ADHD\77_identifying_ADHD_child_strengths.mp4
Wrote 131 rows to temp CSV: C:\software\autoreels\AutoReels\family\Calm_ADHD_Blueprint_Hooks2.csv.tmp
CSV file updated successfully: C:\software\autoreels\AutoReels\family\Calm_ADHD_Blueprint_Hooks2.csv
Thumbnail created: D:\reels-dev\mixkit\output_reel_ADHD\thumbnails\77_identifying_ADHD_child_strengths.jpg
CSV updated with FilePath: D:\reels-dev\mixkit\output_reel_ADHD\77_identifying_ADHD_child_strengths.mp4
  Input video: D:\reels-dev\mixkit\women\family\46779-720.mp4
Processing row 78/131: ID=78
  Removed existing file to regenerate
Using source video duration: 18.60s
Audio duration adjustment failed: 'AudioFileClip' object has no attribute 'subclip'
Final video duration set to: 18.60s (actual: 18.60s)
Created: D:\reels-dev\mixkit\output_reel_ADHD\78_group_activity_focus_ADHD.mp4
Updating CSV: row 78 FilePath = D:\reels-dev\mixkit\output_reel_ADHD\78_group_activity_focus_ADHD.mp4
Wrote 131 rows to temp CSV: C:\software\autoreels\AutoReels\family\Calm_ADHD_Blueprint_Hooks2.csv.tmp
CSV file updated successfully: C:\software\autoreels\AutoReels\family\Calm_ADHD_Blueprint_Hooks2.csv
Thumbnail created: D:\reels-dev\mixkit\output_reel_ADHD\thumbnails\78_group_activity_focus_ADHD.jpg
CSV updated with FilePath: D:\reels-dev\mixkit\output_reel_ADHD\78_group_activity_focus_ADHD.mp4
  Input video: D:\reels-dev\mixkit\women\family\46788-720.mp4
Processing row 79/131: ID=79
  Removed existing file to regenerate
Using source video duration: 13.76s
Audio duration adjustment failed: 'AudioFileClip' object has no attribute 'subclip'
Final video duration set to: 13.76s (actual: 13.76s)
Created: D:\reels-dev\mixkit\output_reel_ADHD\79_structured_visual_routines_ADHD.mp4
Updating CSV: row 79 FilePath = D:\reels-dev\mixkit\output_reel_ADHD\79_structured_visual_routines_ADHD.mp4
Wrote 131 rows to temp CSV: C:\software\autoreels\AutoReels\family\Calm_ADHD_Blueprint_Hooks2.csv.tmp
CSV file updated successfully: C:\software\autoreels\AutoReels\family\Calm_ADHD_Blueprint_Hooks2.csv
Thumbnail created: D:\reels-dev\mixkit\output_reel_ADHD\thumbnails\79_structured_visual_routines_ADHD.jpg
CSV updated with FilePath: D:\reels-dev\mixkit\output_reel_ADHD\79_structured_visual_routines_ADHD.mp4
  Input video: D:\reels-dev\mixkit\women\family\47408-720.mp4
Processing row 80/131: ID=80
  Removed existing file to regenerate
Using source video duration: 12.60s
Audio duration adjustment failed: 'AudioFileClip' object has no attribute 'subclip'
Final video duration set to: 12.60s (actual: 12.60s)
Created: D:\reels-dev\mixkit\output_reel_ADHD\80_reducing_anxiety_ADHD_children.mp4
Updating CSV: row 80 FilePath = D:\reels-dev\mixkit\output_reel_ADHD\80_reducing_anxiety_ADHD_children.mp4
Wrote 131 rows to temp CSV: C:\software\autoreels\AutoReels\family\Calm_ADHD_Blueprint_Hooks2.csv.tmp
CSV file updated successfully: C:\software\autoreels\AutoReels\family\Calm_ADHD_Blueprint_Hooks2.csv
Thumbnail created: D:\reels-dev\mixkit\output_reel_ADHD\thumbnails\80_reducing_anxiety_ADHD_children.jpg
CSV updated with FilePath: D:\reels-dev\mixkit\output_reel_ADHD\80_reducing_anxiety_ADHD_children.mp4
  Input video: D:\reels-dev\mixkit\women\family\47507-720.mp4
Processing row 81/131: ID=81
  Removed existing file to regenerate
Using source video duration: 20.68s
Audio duration adjustment failed: 'AudioFileClip' object has no attribute 'subclip'
Final video duration set to: 20.68s (actual: 20.68s)
Created: D:\reels-dev\mixkit\output_reel_ADHD\81_creative_learning_ADHD_children.mp4
Updating CSV: row 81 FilePath = D:\reels-dev\mixkit\output_reel_ADHD\81_creative_learning_ADHD_children.mp4
Wrote 131 rows to temp CSV: C:\software\autoreels\AutoReels\family\Calm_ADHD_Blueprint_Hooks2.csv.tmp
CSV file updated successfully: C:\software\autoreels\AutoReels\family\Calm_ADHD_Blueprint_Hooks2.csv
Thumbnail created: D:\reels-dev\mixkit\output_reel_ADHD\thumbnails\81_creative_learning_ADHD_children.jpg
CSV updated with FilePath: D:\reels-dev\mixkit\output_reel_ADHD\81_creative_learning_ADHD_children.mp4
  Input video: D:\reels-dev\mixkit\women\family\47600-720.mp4
Processing row 82/131: ID=82
  Removed existing file to regenerate
Using source video duration: 12.12s
Audio duration adjustment failed: 'AudioFileClip' object has no attribute 'subclip'
Final video duration set to: 12.12s (actual: 12.12s)
Created: D:\reels-dev\mixkit\output_reel_ADHD\82_improving_executive_function_ADHD.mp4
Updating CSV: row 82 FilePath = D:\reels-dev\mixkit\output_reel_ADHD\82_improving_executive_function_ADHD.mp4
Wrote 131 rows to temp CSV: C:\software\autoreels\AutoReels\family\Calm_ADHD_Blueprint_Hooks2.csv.tmp
CSV file updated successfully: C:\software\autoreels\AutoReels\family\Calm_ADHD_Blueprint_Hooks2.csv
Thumbnail created: D:\reels-dev\mixkit\output_reel_ADHD\thumbnails\82_improving_executive_function_ADHD.jpg
CSV updated with FilePath: D:\reels-dev\mixkit\output_reel_ADHD\82_improving_executive_function_ADHD.mp4
  Input video: D:\reels-dev\mixkit\women\family\47653-720.mp4
Processing row 83/131: ID=83
  Removed existing file to regenerate
Using source video duration: 13.68s
Audio duration adjustment failed: 'AudioFileClip' object has no attribute 'subclip'
Final video duration set to: 13.68s (actual: 13.68s)
Created: D:\reels-dev\mixkit\output_reel_ADHD\83_hands_on_learning_ADHD_children.mp4
Updating CSV: row 83 FilePath = D:\reels-dev\mixkit\output_reel_ADHD\83_hands_on_learning_ADHD_children.mp4
Wrote 131 rows to temp CSV: C:\software\autoreels\AutoReels\family\Calm_ADHD_Blueprint_Hooks2.csv.tmp
CSV file updated successfully: C:\software\autoreels\AutoReels\family\Calm_ADHD_Blueprint_Hooks2.csv
Thumbnail created: D:\reels-dev\mixkit\output_reel_ADHD\thumbnails\83_hands_on_learning_ADHD_children.jpg
CSV updated with FilePath: D:\reels-dev\mixkit\output_reel_ADHD\83_hands_on_learning_ADHD_children.mp4
  Input video: D:\reels-dev\mixkit\women\family\4790-720.mp4
Processing row 84/131: ID=84
  Removed existing file to regenerate
Using source video duration: 8.96s
Audio duration adjustment failed: 'AudioFileClip' object has no attribute 'subclip'
Final video duration set to: 8.96s (actual: 8.96s)
Created: D:\reels-dev\mixkit\output_reel_ADHD\84_ADHD_homework_checklists.mp4
Updating CSV: row 84 FilePath = D:\reels-dev\mixkit\output_reel_ADHD\84_ADHD_homework_checklists.mp4
Wrote 131 rows to temp CSV: C:\software\autoreels\AutoReels\family\Calm_ADHD_Blueprint_Hooks2.csv.tmp
CSV file updated successfully: C:\software\autoreels\AutoReels\family\Calm_ADHD_Blueprint_Hooks2.csv
Thumbnail created: D:\reels-dev\mixkit\output_reel_ADHD\thumbnails\84_ADHD_homework_checklists.jpg
CSV updated with FilePath: D:\reels-dev\mixkit\output_reel_ADHD\84_ADHD_homework_checklists.mp4
  Input video: D:\reels-dev\mixkit\women\family\47928-720.mp4
Processing row 85/131: ID=85
  Removed existing file to regenerate
Using source video duration: 29.16s
Audio duration adjustment failed: 'AudioFileClip' object has no attribute 'subclip'
Final video duration set to: 29.16s (actual: 29.16s)
Created: D:\reels-dev\mixkit\output_reel_ADHD\85_ADHD_exam_stress_management.mp4
Updating CSV: row 85 FilePath = D:\reels-dev\mixkit\output_reel_ADHD\85_ADHD_exam_stress_management.mp4
Wrote 131 rows to temp CSV: C:\software\autoreels\AutoReels\family\Calm_ADHD_Blueprint_Hooks2.csv.tmp
CSV file updated successfully: C:\software\autoreels\AutoReels\family\Calm_ADHD_Blueprint_Hooks2.csv
Thumbnail created: D:\reels-dev\mixkit\output_reel_ADHD\thumbnails\85_ADHD_exam_stress_management.jpg
CSV updated with FilePath: D:\reels-dev\mixkit\output_reel_ADHD\85_ADHD_exam_stress_management.mp4
  Input video: D:\reels-dev\mixkit\women\family\47929-720.mp4
Processing row 86/131: ID=86
  Removed existing file to regenerate
Using source video duration: 22.44s
Audio duration adjustment failed: 'AudioFileClip' object has no attribute 'subclip'
Final video duration set to: 22.44s (actual: 22.44s)
Created: D:\reels-dev\mixkit\output_reel_ADHD\86_snack_breaks_ADHD_children.mp4
Updating CSV: row 86 FilePath = D:\reels-dev\mixkit\output_reel_ADHD\86_snack_breaks_ADHD_children.mp4
Wrote 131 rows to temp CSV: C:\software\autoreels\AutoReels\family\Calm_ADHD_Blueprint_Hooks2.csv.tmp
CSV file updated successfully: C:\software\autoreels\AutoReels\family\Calm_ADHD_Blueprint_Hooks2.csv
Thumbnail created: D:\reels-dev\mixkit\output_reel_ADHD\thumbnails\86_snack_breaks_ADHD_children.jpg
CSV updated with FilePath: D:\reels-dev\mixkit\output_reel_ADHD\86_snack_breaks_ADHD_children.mp4
  Input video: D:\reels-dev\mixkit\women\family\48081-720.mp4
Processing row 87/131: ID=87
  Removed existing file to regenerate
Using source video duration: 29.76s
Audio duration adjustment failed: 'AudioFileClip' object has no attribute 'subclip'
Final video duration set to: 29.76s (actual: 29.76s)
Created: D:\reels-dev\mixkit\output_reel_ADHD\87_setting_priorities_ADHD_children.mp4
Updating CSV: row 87 FilePath = D:\reels-dev\mixkit\output_reel_ADHD\87_setting_priorities_ADHD_children.mp4
Wrote 131 rows to temp CSV: C:\software\autoreels\AutoReels\family\Calm_ADHD_Blueprint_Hooks2.csv.tmp
CSV file updated successfully: C:\software\autoreels\AutoReels\family\Calm_ADHD_Blueprint_Hooks2.csv
Thumbnail created: D:\reels-dev\mixkit\output_reel_ADHD\thumbnails\87_setting_priorities_ADHD_children.jpg
CSV updated with FilePath: D:\reels-dev\mixkit\output_reel_ADHD\87_setting_priorities_ADHD_children.mp4
  Input video: D:\reels-dev\mixkit\women\family\48136-720.mp4
Processing row 88/131: ID=88
  Removed existing file to regenerate
Using source video duration: 24.16s
Audio duration adjustment failed: 'AudioFileClip' object has no attribute 'subclip'
Final video duration set to: 24.16s (actual: 24.16s)
Created: D:\reels-dev\mixkit\output_reel_ADHD\88_interactive_learning_ADHD_children.mp4
Updating CSV: row 88 FilePath = D:\reels-dev\mixkit\output_reel_ADHD\88_interactive_learning_ADHD_children.mp4
Wrote 131 rows to temp CSV: C:\software\autoreels\AutoReels\family\Calm_ADHD_Blueprint_Hooks2.csv.tmp
CSV file updated successfully: C:\software\autoreels\AutoReels\family\Calm_ADHD_Blueprint_Hooks2.csv
Thumbnail created: D:\reels-dev\mixkit\output_reel_ADHD\thumbnails\88_interactive_learning_ADHD_children.jpg
CSV updated with FilePath: D:\reels-dev\mixkit\output_reel_ADHD\88_interactive_learning_ADHD_children.mp4
  Input video: D:\reels-dev\mixkit\women\family\48147-720.mp4
Processing row 89/131: ID=89
  Removed existing file to regenerate
Using source video duration: 6.71s
Audio duration adjustment failed: 'AudioFileClip' object has no attribute 'subclip'
Final video duration set to: 6.71s (actual: 6.71s)
Created: D:\reels-dev\mixkit\output_reel_ADHD\89_calming_techniques_ADHD_children.mp4
Updating CSV: row 89 FilePath = D:\reels-dev\mixkit\output_reel_ADHD\89_calming_techniques_ADHD_children.mp4
Wrote 131 rows to temp CSV: C:\software\autoreels\AutoReels\family\Calm_ADHD_Blueprint_Hooks2.csv.tmp
CSV file updated successfully: C:\software\autoreels\AutoReels\family\Calm_ADHD_Blueprint_Hooks2.csv
Thumbnail created: D:\reels-dev\mixkit\output_reel_ADHD\thumbnails\89_calming_techniques_ADHD_children.jpg
CSV updated with FilePath: D:\reels-dev\mixkit\output_reel_ADHD\89_calming_techniques_ADHD_children.mp4
  Input video: D:\reels-dev\mixkit\women\family\48169-720.mp4
Processing row 90/131: ID=90
  Removed existing file to regenerate
Using source video duration: 23.11s
Audio duration adjustment failed: 'AudioFileClip' object has no attribute 'subclip'
Final video duration set to: 23.11s (actual: 23.11s)
Created: D:\reels-dev\mixkit\output_reel_ADHD\90_problem_solving_skills_ADHD_children.mp4
Updating CSV: row 90 FilePath = D:\reels-dev\mixkit\output_reel_ADHD\90_problem_solving_skills_ADHD_children.mp4
Wrote 131 rows to temp CSV: C:\software\autoreels\AutoReels\family\Calm_ADHD_Blueprint_Hooks2.csv.tmp
CSV file updated successfully: C:\software\autoreels\AutoReels\family\Calm_ADHD_Blueprint_Hooks2.csv
Thumbnail created: D:\reels-dev\mixkit\output_reel_ADHD\thumbnails\90_problem_solving_skills_ADHD_children.jpg
CSV updated with FilePath: D:\reels-dev\mixkit\output_reel_ADHD\90_problem_solving_skills_ADHD_children.mp4
  Input video: D:\reels-dev\mixkit\women\family\48170-720.mp4
Processing row 91/131: ID=91
  Removed existing file to regenerate
Using source video duration: 6.84s
Audio duration adjustment failed: 'AudioFileClip' object has no attribute 'subclip'
Final video duration set to: 6.84s (actual: 6.84s)
Created: D:\reels-dev\mixkit\output_reel_ADHD\91_structured_transitions_ADHD.mp4
Updating CSV: row 91 FilePath = D:\reels-dev\mixkit\output_reel_ADHD\91_structured_transitions_ADHD.mp4
Wrote 131 rows to temp CSV: C:\software\autoreels\AutoReels\family\Calm_ADHD_Blueprint_Hooks2.csv.tmp
CSV file updated successfully: C:\software\autoreels\AutoReels\family\Calm_ADHD_Blueprint_Hooks2.csv
Thumbnail created: D:\reels-dev\mixkit\output_reel_ADHD\thumbnails\91_structured_transitions_ADHD.jpg
CSV updated with FilePath: D:\reels-dev\mixkit\output_reel_ADHD\91_structured_transitions_ADHD.mp4
  Input video: D:\reels-dev\mixkit\women\family\48176-720.mp4
Processing row 92/131: ID=92
  Removed existing file to regenerate
Using source video duration: 10.11s
Audio duration adjustment failed: 'AudioFileClip' object has no attribute 'subclip'
Final video duration set to: 10.11s (actual: 10.11s)
Created: D:\reels-dev\mixkit\output_reel_ADHD\92_self_discipline_ADHD_children.mp4
Updating CSV: row 92 FilePath = D:\reels-dev\mixkit\output_reel_ADHD\92_self_discipline_ADHD_children.mp4
Wrote 131 rows to temp CSV: C:\software\autoreels\AutoReels\family\Calm_ADHD_Blueprint_Hooks2.csv.tmp
CSV file updated successfully: C:\software\autoreels\AutoReels\family\Calm_ADHD_Blueprint_Hooks2.csv
Thumbnail created: D:\reels-dev\mixkit\output_reel_ADHD\thumbnails\92_self_discipline_ADHD_children.jpg
CSV updated with FilePath: D:\reels-dev\mixkit\output_reel_ADHD\92_self_discipline_ADHD_children.mp4
  Input video: D:\reels-dev\mixkit\women\family\48186-720.mp4
Processing row 93/131: ID=93
  Removed existing file to regenerate
Using source video duration: 21.52s
Audio duration adjustment failed: 'AudioFileClip' object has no attribute 'subclip'
Final video duration set to: 21.52s (actual: 21.52s)
Created: D:\reels-dev\mixkit\output_reel_ADHD\93_mindfulness_breaks_ADHD_children.mp4
Updating CSV: row 93 FilePath = D:\reels-dev\mixkit\output_reel_ADHD\93_mindfulness_breaks_ADHD_children.mp4
Wrote 131 rows to temp CSV: C:\software\autoreels\AutoReels\family\Calm_ADHD_Blueprint_Hooks2.csv.tmp
CSV file updated successfully: C:\software\autoreels\AutoReels\family\Calm_ADHD_Blueprint_Hooks2.csv
Thumbnail created: D:\reels-dev\mixkit\output_reel_ADHD\thumbnails\93_mindfulness_breaks_ADHD_children.jpg
CSV updated with FilePath: D:\reels-dev\mixkit\output_reel_ADHD\93_mindfulness_breaks_ADHD_children.mp4
  Input video: D:\reels-dev\mixkit\women\family\48578-720.mp4
Processing row 94/131: ID=94
  Removed existing file to regenerate
Using source video duration: 6.59s
Audio duration adjustment failed: 'AudioFileClip' object has no attribute 'subclip'
Final video duration set to: 6.59s (actual: 6.59s)
Created: D:\reels-dev\mixkit\output_reel_ADHD\94_managing_frustration_ADHD_children.mp4
Updating CSV: row 94 FilePath = D:\reels-dev\mixkit\output_reel_ADHD\94_managing_frustration_ADHD_children.mp4
Wrote 131 rows to temp CSV: C:\software\autoreels\AutoReels\family\Calm_ADHD_Blueprint_Hooks2.csv.tmp
CSV file updated successfully: C:\software\autoreels\AutoReels\family\Calm_ADHD_Blueprint_Hooks2.csv
Thumbnail created: D:\reels-dev\mixkit\output_reel_ADHD\thumbnails\94_managing_frustration_ADHD_children.jpg
CSV updated with FilePath: D:\reels-dev\mixkit\output_reel_ADHD\94_managing_frustration_ADHD_children.mp4
  Input video: D:\reels-dev\mixkit\women\family\48580-720.mp4
Processing row 95/131: ID=95
  Removed existing file to regenerate
Using source video duration: 7.30s
Audio duration adjustment failed: 'AudioFileClip' object has no attribute 'subclip'
Final video duration set to: 7.30s (actual: 7.30s)
Created: D:\reels-dev\mixkit\output_reel_ADHD\95_reward_chart_ADHD_children.mp4
Updating CSV: row 95 FilePath = D:\reels-dev\mixkit\output_reel_ADHD\95_reward_chart_ADHD_children.mp4
Wrote 131 rows to temp CSV: C:\software\autoreels\AutoReels\family\Calm_ADHD_Blueprint_Hooks2.csv.tmp
CSV file updated successfully: C:\software\autoreels\AutoReels\family\Calm_ADHD_Blueprint_Hooks2.csv
Thumbnail created: D:\reels-dev\mixkit\output_reel_ADHD\thumbnails\95_reward_chart_ADHD_children.jpg
CSV updated with FilePath: D:\reels-dev\mixkit\output_reel_ADHD\95_reward_chart_ADHD_children.mp4
  Input video: D:\reels-dev\mixkit\women\family\48583-720.mp4
Processing row 96/131: ID=96
  Removed existing file to regenerate
Using source video duration: 13.01s
Audio duration adjustment failed: 'AudioFileClip' object has no attribute 'subclip'
Final video duration set to: 13.01s (actual: 13.01s)
Created: D:\reels-dev\mixkit\output_reel_ADHD\96_energy_balance_ADHD_children.mp4
Updating CSV: row 96 FilePath = D:\reels-dev\mixkit\output_reel_ADHD\96_energy_balance_ADHD_children.mp4
Wrote 131 rows to temp CSV: C:\software\autoreels\AutoReels\family\Calm_ADHD_Blueprint_Hooks2.csv.tmp
CSV file updated successfully: C:\software\autoreels\AutoReels\family\Calm_ADHD_Blueprint_Hooks2.csv
Thumbnail created: D:\reels-dev\mixkit\output_reel_ADHD\thumbnails\96_energy_balance_ADHD_children.jpg
CSV updated with FilePath: D:\reels-dev\mixkit\output_reel_ADHD\96_energy_balance_ADHD_children.mp4
  Input video: D:\reels-dev\mixkit\women\family\48595-720.mp4
Processing row 97/131: ID=97
  Removed existing file to regenerate
Using source video duration: 4.80s
Audio duration adjustment failed: 'AudioFileClip' object has no attribute 'subclip'
Final video duration set to: 4.80s (actual: 4.80s)
Created: D:\reels-dev\mixkit\output_reel_ADHD\97_morning_routines_ADHD_children.mp4
Updating CSV: row 97 FilePath = D:\reels-dev\mixkit\output_reel_ADHD\97_morning_routines_ADHD_children.mp4
Wrote 131 rows to temp CSV: C:\software\autoreels\AutoReels\family\Calm_ADHD_Blueprint_Hooks2.csv.tmp
CSV file updated successfully: C:\software\autoreels\AutoReels\family\Calm_ADHD_Blueprint_Hooks2.csv
Thumbnail created: D:\reels-dev\mixkit\output_reel_ADHD\thumbnails\97_morning_routines_ADHD_children.jpg
CSV updated with FilePath: D:\reels-dev\mixkit\output_reel_ADHD\97_morning_routines_ADHD_children.mp4
  Input video: D:\reels-dev\mixkit\women\family\48599-720.mp4
Processing row 98/131: ID=98
  Removed existing file to regenerate
Using source video duration: 13.76s
Audio duration adjustment failed: 'AudioFileClip' object has no attribute 'subclip'
Final video duration set to: 13.76s (actual: 13.76s)
Created: D:\reels-dev\mixkit\output_reel_ADHD\98_self_monitoring_ADHD_children.mp4
Updating CSV: row 98 FilePath = D:\reels-dev\mixkit\output_reel_ADHD\98_self_monitoring_ADHD_children.mp4
Wrote 131 rows to temp CSV: C:\software\autoreels\AutoReels\family\Calm_ADHD_Blueprint_Hooks2.csv.tmp
CSV file updated successfully: C:\software\autoreels\AutoReels\family\Calm_ADHD_Blueprint_Hooks2.csv
Thumbnail created: D:\reels-dev\mixkit\output_reel_ADHD\thumbnails\98_self_monitoring_ADHD_children.jpg
CSV updated with FilePath: D:\reels-dev\mixkit\output_reel_ADHD\98_self_monitoring_ADHD_children.mp4
  Input video: D:\reels-dev\mixkit\women\family\48600-720.mp4
Processing row 99/131: ID=99
  Removed existing file to regenerate
Using source video duration: 9.38s
Audio duration adjustment failed: 'AudioFileClip' object has no attribute 'subclip'
Final video duration set to: 9.38s (actual: 9.38s)
Created: D:\reels-dev\mixkit\output_reel_ADHD\99_chore_routines_ADHD_children.mp4
Updating CSV: row 99 FilePath = D:\reels-dev\mixkit\output_reel_ADHD\99_chore_routines_ADHD_children.mp4
Wrote 131 rows to temp CSV: C:\software\autoreels\AutoReels\family\Calm_ADHD_Blueprint_Hooks2.csv.tmp
CSV file updated successfully: C:\software\autoreels\AutoReels\family\Calm_ADHD_Blueprint_Hooks2.csv
Thumbnail created: D:\reels-dev\mixkit\output_reel_ADHD\thumbnails\99_chore_routines_ADHD_children.jpg
CSV updated with FilePath: D:\reels-dev\mixkit\output_reel_ADHD\99_chore_routines_ADHD_children.mp4
  Input video: D:\reels-dev\mixkit\women\family\48603-720.mp4
Processing row 100/131: ID=100
  Removed existing file to regenerate
Using source video duration: 10.43s
Audio duration adjustment failed: 'AudioFileClip' object has no attribute 'subclip'
Final video duration set to: 10.43s (actual: 10.43s)
Created: D:\reels-dev\mixkit\output_reel_ADHD\100_predictable_weekly_schedule_ADHD.mp4
Updating CSV: row 100 FilePath = D:\reels-dev\mixkit\output_reel_ADHD\100_predictable_weekly_schedule_ADHD.mp4
Wrote 131 rows to temp CSV: C:\software\autoreels\AutoReels\family\Calm_ADHD_Blueprint_Hooks2.csv.tmp
CSV file updated successfully: C:\software\autoreels\AutoReels\family\Calm_ADHD_Blueprint_Hooks2.csv
Thumbnail created: D:\reels-dev\mixkit\output_reel_ADHD\thumbnails\100_predictable_weekly_schedule_ADHD.jpg
CSV updated with FilePath: D:\reels-dev\mixkit\output_reel_ADHD\100_predictable_weekly_schedule_ADHD.mp4
  Input video: D:\reels-dev\mixkit\women\family\48604-720.mp4
Processing row 101/131: ID=101
  Removed existing file to regenerate
Using source video duration: 6.01s
Audio duration adjustment failed: 'AudioFileClip' object has no attribute 'subclip'
Final video duration set to: 6.01s (actual: 6.01s)
Created: D:\reels-dev\mixkit\output_reel_ADHD\101_building_resilience_ADHD_children.mp4
Updating CSV: row 101 FilePath = D:\reels-dev\mixkit\output_reel_ADHD\101_building_resilience_ADHD_children.mp4
Wrote 131 rows to temp CSV: C:\software\autoreels\AutoReels\family\Calm_ADHD_Blueprint_Hooks2.csv.tmp
CSV file updated successfully: C:\software\autoreels\AutoReels\family\Calm_ADHD_Blueprint_Hooks2.csv
Thumbnail created: D:\reels-dev\mixkit\output_reel_ADHD\thumbnails\101_building_resilience_ADHD_children.jpg
CSV updated with FilePath: D:\reels-dev\mixkit\output_reel_ADHD\101_building_resilience_ADHD_children.mp4
  Input video: D:\reels-dev\mixkit\women\family\48803-720.mp4
Processing row 102/131: ID=102
  Removed existing file to regenerate
Using source video duration: 14.80s
Audio duration adjustment failed: 'AudioFileClip' object has no attribute 'subclip'
Final video duration set to: 14.80s (actual: 14.80s)
Created: D:\reels-dev\mixkit\output_reel_ADHD\102_calming_techniques_ADHD_bedtime.mp4
Updating CSV: row 102 FilePath = D:\reels-dev\mixkit\output_reel_ADHD\102_calming_techniques_ADHD_bedtime.mp4
Wrote 131 rows to temp CSV: C:\software\autoreels\AutoReels\family\Calm_ADHD_Blueprint_Hooks2.csv.tmp
CSV file updated successfully: C:\software\autoreels\AutoReels\family\Calm_ADHD_Blueprint_Hooks2.csv
Thumbnail created: D:\reels-dev\mixkit\output_reel_ADHD\thumbnails\102_calming_techniques_ADHD_bedtime.jpg
CSV updated with FilePath: D:\reels-dev\mixkit\output_reel_ADHD\102_calming_techniques_ADHD_bedtime.mp4
  Input video: D:\reels-dev\mixkit\women\family\48860-720.mp4
Processing row 103/131: ID=103
  Removed existing file to regenerate
Using source video duration: 13.98s
Audio duration adjustment failed: 'AudioFileClip' object has no attribute 'subclip'
Final video duration set to: 13.98s (actual: 13.98s)
Created: D:\reels-dev\mixkit\output_reel_ADHD\103_visual_cues_ADHD_children.mp4
Updating CSV: row 103 FilePath = D:\reels-dev\mixkit\output_reel_ADHD\103_visual_cues_ADHD_children.mp4
Wrote 131 rows to temp CSV: C:\software\autoreels\AutoReels\family\Calm_ADHD_Blueprint_Hooks2.csv.tmp
CSV file updated successfully: C:\software\autoreels\AutoReels\family\Calm_ADHD_Blueprint_Hooks2.csv
Thumbnail created: D:\reels-dev\mixkit\output_reel_ADHD\thumbnails\103_visual_cues_ADHD_children.jpg
CSV updated with FilePath: D:\reels-dev\mixkit\output_reel_ADHD\103_visual_cues_ADHD_children.mp4
  Input video: D:\reels-dev\mixkit\women\family\49036-720.mp4
Processing row 104/131: ID=104
  Removed existing file to regenerate
Using source video duration: 9.96s
Audio duration adjustment failed: 'AudioFileClip' object has no attribute 'subclip'
Final video duration set to: 9.96s (actual: 9.96s)
Created: D:\reels-dev\mixkit\output_reel_ADHD\104_multitasking_strategies_ADHD_children.mp4
Updating CSV: row 104 FilePath = D:\reels-dev\mixkit\output_reel_ADHD\104_multitasking_strategies_ADHD_children.mp4
Wrote 131 rows to temp CSV: C:\software\autoreels\AutoReels\family\Calm_ADHD_Blueprint_Hooks2.csv.tmp
CSV file updated successfully: C:\software\autoreels\AutoReels\family\Calm_ADHD_Blueprint_Hooks2.csv
Thumbnail created: D:\reels-dev\mixkit\output_reel_ADHD\thumbnails\104_multitasking_strategies_ADHD_children.jpg
CSV updated with FilePath: D:\reels-dev\mixkit\output_reel_ADHD\104_multitasking_strategies_ADHD_children.mp4
  Input video: D:\reels-dev\mixkit\women\family\49069-720.mp4
Processing row 105/131: ID=105
  Removed existing file to regenerate
Using source video duration: 10.18s
Audio duration adjustment failed: 'AudioFileClip' object has no attribute 'subclip'
Final video duration set to: 10.18s (actual: 10.18s)
Created: D:\reels-dev\mixkit\output_reel_ADHD\105_short_consistent_routines_ADHD.mp4
Updating CSV: row 105 FilePath = D:\reels-dev\mixkit\output_reel_ADHD\105_short_consistent_routines_ADHD.mp4
Wrote 131 rows to temp CSV: C:\software\autoreels\AutoReels\family\Calm_ADHD_Blueprint_Hooks2.csv.tmp
CSV file updated successfully: C:\software\autoreels\AutoReels\family\Calm_ADHD_Blueprint_Hooks2.csv
Thumbnail created: D:\reels-dev\mixkit\output_reel_ADHD\thumbnails\105_short_consistent_routines_ADHD.jpg
CSV updated with FilePath: D:\reels-dev\mixkit\output_reel_ADHD\105_short_consistent_routines_ADHD.mp4
  Input video: D:\reels-dev\mixkit\women\family\49300-720.mp4
Processing row 106/131: ID=106
  Removed existing file to regenerate
Using source video duration: 7.80s
Audio duration adjustment failed: 'AudioFileClip' object has no attribute 'subclip'
Final video duration set to: 7.80s (actual: 7.80s)
Created: D:\reels-dev\mixkit\output_reel_ADHD\106_ADHD_goal_setting_strategies.mp4
Updating CSV: row 106 FilePath = D:\reels-dev\mixkit\output_reel_ADHD\106_ADHD_goal_setting_strategies.mp4
Wrote 131 rows to temp CSV: C:\software\autoreels\AutoReels\family\Calm_ADHD_Blueprint_Hooks2.csv.tmp
CSV file updated successfully: C:\software\autoreels\AutoReels\family\Calm_ADHD_Blueprint_Hooks2.csv
Thumbnail created: D:\reels-dev\mixkit\output_reel_ADHD\thumbnails\106_ADHD_goal_setting_strategies.jpg
CSV updated with FilePath: D:\reels-dev\mixkit\output_reel_ADHD\106_ADHD_goal_setting_strategies.mp4
  Input video: D:\reels-dev\mixkit\women\family\49324-720.mp4
Processing row 107/131: ID=107
  Removed existing file to regenerate
Using source video duration: 17.16s
Audio duration adjustment failed: 'AudioFileClip' object has no attribute 'subclip'
Final video duration set to: 17.16s (actual: 17.16s)
Created: D:\reels-dev\mixkit\output_reel_ADHD\107_emotional_awareness_ADHD_children.mp4
Updating CSV: row 107 FilePath = D:\reels-dev\mixkit\output_reel_ADHD\107_emotional_awareness_ADHD_children.mp4
Wrote 131 rows to temp CSV: C:\software\autoreels\AutoReels\family\Calm_ADHD_Blueprint_Hooks2.csv.tmp
CSV file updated successfully: C:\software\autoreels\AutoReels\family\Calm_ADHD_Blueprint_Hooks2.csv
Thumbnail created: D:\reels-dev\mixkit\output_reel_ADHD\thumbnails\107_emotional_awareness_ADHD_children.jpg
CSV updated with FilePath: D:\reels-dev\mixkit\output_reel_ADHD\107_emotional_awareness_ADHD_children.mp4
  Input video: D:\reels-dev\mixkit\women\family\49412-720.mp4
Processing row 108/131: ID=108
  Removed existing file to regenerate
Using source video duration: 14.64s
Audio duration adjustment failed: 'AudioFileClip' object has no attribute 'subclip'
Final video duration set to: 14.64s (actual: 14.64s)
Created: D:\reels-dev\mixkit\output_reel_ADHD\108_structured_homework_ADHD_children.mp4
Updating CSV: row 108 FilePath = D:\reels-dev\mixkit\output_reel_ADHD\108_structured_homework_ADHD_children.mp4
Wrote 131 rows to temp CSV: C:\software\autoreels\AutoReels\family\Calm_ADHD_Blueprint_Hooks2.csv.tmp
CSV file updated successfully: C:\software\autoreels\AutoReels\family\Calm_ADHD_Blueprint_Hooks2.csv
Thumbnail created: D:\reels-dev\mixkit\output_reel_ADHD\thumbnails\108_structured_homework_ADHD_children.jpg
CSV updated with FilePath: D:\reels-dev\mixkit\output_reel_ADHD\108_structured_homework_ADHD_children.mp4
  Input video: D:\reels-dev\mixkit\women\family\50044-720.mp4
Processing row 109/131: ID=109
  Removed existing file to regenerate
Using source video duration: 7.92s
Audio duration adjustment failed: 'AudioFileClip' object has no attribute 'subclip'
Final video duration set to: 7.92s (actual: 7.92s)
Created: D:\reels-dev\mixkit\output_reel_ADHD\109_movement_breaks_ADHD_study.mp4
Updating CSV: row 109 FilePath = D:\reels-dev\mixkit\output_reel_ADHD\109_movement_breaks_ADHD_study.mp4
Wrote 131 rows to temp CSV: C:\software\autoreels\AutoReels\family\Calm_ADHD_Blueprint_Hooks2.csv.tmp
CSV file updated successfully: C:\software\autoreels\AutoReels\family\Calm_ADHD_Blueprint_Hooks2.csv
Thumbnail created: D:\reels-dev\mixkit\output_reel_ADHD\thumbnails\109_movement_breaks_ADHD_study.jpg
CSV updated with FilePath: D:\reels-dev\mixkit\output_reel_ADHD\109_movement_breaks_ADHD_study.mp4
  Input video: D:\reels-dev\mixkit\women\family\50094-720.mp4
Processing row 110/131: ID=110
  Removed existing file to regenerate
Using source video duration: 11.93s
Audio duration adjustment failed: 'AudioFileClip' object has no attribute 'subclip'
Final video duration set to: 11.93s (actual: 11.93s)
Created: D:\reels-dev\mixkit\output_reel_ADHD\110_visual_time_management_ADHD.mp4
Updating CSV: row 110 FilePath = D:\reels-dev\mixkit\output_reel_ADHD\110_visual_time_management_ADHD.mp4
Wrote 131 rows to temp CSV: C:\software\autoreels\AutoReels\family\Calm_ADHD_Blueprint_Hooks2.csv.tmp
CSV file updated successfully: C:\software\autoreels\AutoReels\family\Calm_ADHD_Blueprint_Hooks2.csv
Thumbnail created: D:\reels-dev\mixkit\output_reel_ADHD\thumbnails\110_visual_time_management_ADHD.jpg
CSV updated with FilePath: D:\reels-dev\mixkit\output_reel_ADHD\110_visual_time_management_ADHD.mp4
  Input video: D:\reels-dev\mixkit\women\family\50095-720.mp4
Processing row 111/131: ID=111
  Removed existing file to regenerate
Using source video duration: 16.14s
Audio duration adjustment failed: 'AudioFileClip' object has no attribute 'subclip'
Final video duration set to: 16.14s (actual: 16.14s)
Created: D:\reels-dev\mixkit\output_reel_ADHD\111_fostering_creativity_ADHD_children.mp4
Updating CSV: row 111 FilePath = D:\reels-dev\mixkit\output_reel_ADHD\111_fostering_creativity_ADHD_children.mp4
Wrote 131 rows to temp CSV: C:\software\autoreels\AutoReels\family\Calm_ADHD_Blueprint_Hooks2.csv.tmp
CSV file updated successfully: C:\software\autoreels\AutoReels\family\Calm_ADHD_Blueprint_Hooks2.csv
Thumbnail created: D:\reels-dev\mixkit\output_reel_ADHD\thumbnails\111_fostering_creativity_ADHD_children.jpg
CSV updated with FilePath: D:\reels-dev\mixkit\output_reel_ADHD\111_fostering_creativity_ADHD_children.mp4
  Input video: D:\reels-dev\mixkit\women\family\50108-720.mp4
Processing row 112/131: ID=112
  Removed existing file to regenerate
Using source video duration: 17.14s
Audio duration adjustment failed: 'AudioFileClip' object has no attribute 'subclip'
Final video duration set to: 17.14s (actual: 17.14s)
Created: D:\reels-dev\mixkit\output_reel_ADHD\112_bedtime_routines_ADHD_children.mp4
Updating CSV: row 112 FilePath = D:\reels-dev\mixkit\output_reel_ADHD\112_bedtime_routines_ADHD_children.mp4
Wrote 131 rows to temp CSV: C:\software\autoreels\AutoReels\family\Calm_ADHD_Blueprint_Hooks2.csv.tmp
CSV file updated successfully: C:\software\autoreels\AutoReels\family\Calm_ADHD_Blueprint_Hooks2.csv
Thumbnail created: D:\reels-dev\mixkit\output_reel_ADHD\thumbnails\112_bedtime_routines_ADHD_children.jpg
CSV updated with FilePath: D:\reels-dev\mixkit\output_reel_ADHD\112_bedtime_routines_ADHD_children.mp4
  Input video: D:\reels-dev\mixkit\women\family\50716-720.mp4
Processing row 113/131: ID=113
  Removed existing file to regenerate
Using source video duration: 10.26s
Audio duration adjustment failed: 'AudioFileClip' object has no attribute 'subclip'
Final video duration set to: 10.26s (actual: 10.26s)
Created: D:\reels-dev\mixkit\output_reel_ADHD\113_managing_ADHD_excitement.mp4
Updating CSV: row 113 FilePath = D:\reels-dev\mixkit\output_reel_ADHD\113_managing_ADHD_excitement.mp4
Wrote 131 rows to temp CSV: C:\software\autoreels\AutoReels\family\Calm_ADHD_Blueprint_Hooks2.csv.tmp
CSV file updated successfully: C:\software\autoreels\AutoReels\family\Calm_ADHD_Blueprint_Hooks2.csv
Thumbnail created: D:\reels-dev\mixkit\output_reel_ADHD\thumbnails\113_managing_ADHD_excitement.jpg
CSV updated with FilePath: D:\reels-dev\mixkit\output_reel_ADHD\113_managing_ADHD_excitement.mp4
  Input video: D:\reels-dev\mixkit\women\family\50718-720.mp4
Processing row 114/131: ID=114
  Removed existing file to regenerate
Using source video duration: 13.05s
Audio duration adjustment failed: 'AudioFileClip' object has no attribute 'subclip'
Final video duration set to: 13.05s (actual: 13.05s)
Created: D:\reels-dev\mixkit\output_reel_ADHD\114_multi_step_assignment_strategies_ADHD.mp4
Updating CSV: row 114 FilePath = D:\reels-dev\mixkit\output_reel_ADHD\114_multi_step_assignment_strategies_ADHD.mp4
Wrote 131 rows to temp CSV: C:\software\autoreels\AutoReels\family\Calm_ADHD_Blueprint_Hooks2.csv.tmp
CSV file updated successfully: C:\software\autoreels\AutoReels\family\Calm_ADHD_Blueprint_Hooks2.csv
Thumbnail created: D:\reels-dev\mixkit\output_reel_ADHD\thumbnails\114_multi_step_assignment_strategies_ADHD.jpg
CSV updated with FilePath: D:\reels-dev\mixkit\output_reel_ADHD\114_multi_step_assignment_strategies_ADHD.mp4
  Input video: D:\reels-dev\mixkit\women\family\50722-720.mp4
Processing row 115/131: ID=115
  Removed existing file to regenerate
Using source video duration: 14.60s
Audio duration adjustment failed: 'AudioFileClip' object has no attribute 'subclip'
Final video duration set to: 14.60s (actual: 14.60s)
Created: D:\reels-dev\mixkit\output_reel_ADHD\115_visual_timers_ADHD_children.mp4
Updating CSV: row 115 FilePath = D:\reels-dev\mixkit\output_reel_ADHD\115_visual_timers_ADHD_children.mp4
Wrote 131 rows to temp CSV: C:\software\autoreels\AutoReels\family\Calm_ADHD_Blueprint_Hooks2.csv.tmp
CSV file updated successfully: C:\software\autoreels\AutoReels\family\Calm_ADHD_Blueprint_Hooks2.csv
Thumbnail created: D:\reels-dev\mixkit\output_reel_ADHD\thumbnails\115_visual_timers_ADHD_children.jpg
CSV updated with FilePath: D:\reels-dev\mixkit\output_reel_ADHD\115_visual_timers_ADHD_children.mp4
  Input video: D:\reels-dev\mixkit\women\family\50723-720.mp4
Processing row 116/131: ID=116
  Removed existing file to regenerate
Using source video duration: 18.73s
Audio duration adjustment failed: 'AudioFileClip' object has no attribute 'subclip'
Final video duration set to: 18.73s (actual: 18.73s)
Created: D:\reels-dev\mixkit\output_reel_ADHD\116_self_calming_strategies_ADHD_children.mp4
Updating CSV: row 116 FilePath = D:\reels-dev\mixkit\output_reel_ADHD\116_self_calming_strategies_ADHD_children.mp4
Wrote 131 rows to temp CSV: C:\software\autoreels\AutoReels\family\Calm_ADHD_Blueprint_Hooks2.csv.tmp
CSV file updated successfully: C:\software\autoreels\AutoReels\family\Calm_ADHD_Blueprint_Hooks2.csv
Thumbnail created: D:\reels-dev\mixkit\output_reel_ADHD\thumbnails\116_self_calming_strategies_ADHD_children.jpg
CSV updated with FilePath: D:\reels-dev\mixkit\output_reel_ADHD\116_self_calming_strategies_ADHD_children.mp4
  Input video: D:\reels-dev\mixkit\women\family\50725-720.mp4
Processing row 117/131: ID=117
  Removed existing file to regenerate
Using source video duration: 17.77s
Audio duration adjustment failed: 'AudioFileClip' object has no attribute 'subclip'
Final video duration set to: 17.77s (actual: 17.77s)
Created: D:\reels-dev\mixkit\output_reel_ADHD\117_managing_ADHD_outbursts.mp4
Updating CSV: row 117 FilePath = D:\reels-dev\mixkit\output_reel_ADHD\117_managing_ADHD_outbursts.mp4
Wrote 131 rows to temp CSV: C:\software\autoreels\AutoReels\family\Calm_ADHD_Blueprint_Hooks2.csv.tmp
CSV file updated successfully: C:\software\autoreels\AutoReels\family\Calm_ADHD_Blueprint_Hooks2.csv
Thumbnail created: D:\reels-dev\mixkit\output_reel_ADHD\thumbnails\117_managing_ADHD_outbursts.jpg
CSV updated with FilePath: D:\reels-dev\mixkit\output_reel_ADHD\117_managing_ADHD_outbursts.mp4
  Input video: D:\reels-dev\mixkit\women\family\50727-720.mp4
Processing row 118/131: ID=118
  Removed existing file to regenerate
Using source video duration: 10.64s
Audio duration adjustment failed: 'AudioFileClip' object has no attribute 'subclip'
Final video duration set to: 10.64s (actual: 10.64s)
Created: D:\reels-dev\mixkit\output_reel_ADHD\118_predictable_weekend_routines_ADHD.mp4
Updating CSV: row 118 FilePath = D:\reels-dev\mixkit\output_reel_ADHD\118_predictable_weekend_routines_ADHD.mp4
Wrote 131 rows to temp CSV: C:\software\autoreels\AutoReels\family\Calm_ADHD_Blueprint_Hooks2.csv.tmp
CSV file updated successfully: C:\software\autoreels\AutoReels\family\Calm_ADHD_Blueprint_Hooks2.csv
Thumbnail created: D:\reels-dev\mixkit\output_reel_ADHD\thumbnails\118_predictable_weekend_routines_ADHD.jpg
CSV updated with FilePath: D:\reels-dev\mixkit\output_reel_ADHD\118_predictable_weekend_routines_ADHD.mp4
  Input video: D:\reels-dev\mixkit\women\family\51115-720.mp4
Processing row 119/131: ID=119
  Removed existing file to regenerate
Using source video duration: 11.75s
Audio duration adjustment failed: 'AudioFileClip' object has no attribute 'subclip'
Final video duration set to: 11.75s (actual: 11.75s)
Created: D:\reels-dev\mixkit\output_reel_ADHD\119_building_social_confidence_ADHD.mp4
Updating CSV: row 119 FilePath = D:\reels-dev\mixkit\output_reel_ADHD\119_building_social_confidence_ADHD.mp4
Wrote 131 rows to temp CSV: C:\software\autoreels\AutoReels\family\Calm_ADHD_Blueprint_Hooks2.csv.tmp
CSV file updated successfully: C:\software\autoreels\AutoReels\family\Calm_ADHD_Blueprint_Hooks2.csv
Thumbnail created: D:\reels-dev\mixkit\output_reel_ADHD\thumbnails\119_building_social_confidence_ADHD.jpg
CSV updated with FilePath: D:\reels-dev\mixkit\output_reel_ADHD\119_building_social_confidence_ADHD.mp4
  Input video: D:\reels-dev\mixkit\women\family\51132-720.mp4
Processing row 120/131: ID=120
  Removed existing file to regenerate
Using source video duration: 14.63s
Audio duration adjustment failed: 'AudioFileClip' object has no attribute 'subclip'
Final video duration set to: 14.63s (actual: 14.63s)
Created: D:\reels-dev\mixkit\output_reel_ADHD\120_frequent_breaks_ADHD_children.mp4
Updating CSV: row 120 FilePath = D:\reels-dev\mixkit\output_reel_ADHD\120_frequent_breaks_ADHD_children.mp4
Wrote 131 rows to temp CSV: C:\software\autoreels\AutoReels\family\Calm_ADHD_Blueprint_Hooks2.csv.tmp
CSV file updated successfully: C:\software\autoreels\AutoReels\family\Calm_ADHD_Blueprint_Hooks2.csv
Thumbnail created: D:\reels-dev\mixkit\output_reel_ADHD\thumbnails\120_frequent_breaks_ADHD_children.jpg
CSV updated with FilePath: D:\reels-dev\mixkit\output_reel_ADHD\120_frequent_breaks_ADHD_children.mp4
  Input video: D:\reels-dev\mixkit\women\family\51390-720.mp4
Processing row 121/131: ID=121
  Removed existing file to regenerate
Using source video duration: 21.19s
Audio duration adjustment failed: 'AudioFileClip' object has no attribute 'subclip'
Final video duration set to: 21.19s (actual: 21.19s)
Created: D:\reels-dev\mixkit\output_reel_ADHD\121_positive_reinforcement_ADHD_strategies.mp4
Updating CSV: row 121 FilePath = D:\reels-dev\mixkit\output_reel_ADHD\121_positive_reinforcement_ADHD_strategies.mp4
Wrote 131 rows to temp CSV: C:\software\autoreels\AutoReels\family\Calm_ADHD_Blueprint_Hooks2.csv.tmp
CSV file updated successfully: C:\software\autoreels\AutoReels\family\Calm_ADHD_Blueprint_Hooks2.csv
Thumbnail created: D:\reels-dev\mixkit\output_reel_ADHD\thumbnails\121_positive_reinforcement_ADHD_strategies.jpg
CSV updated with FilePath: D:\reels-dev\mixkit\output_reel_ADHD\121_positive_reinforcement_ADHD_strategies.mp4
  Input video: D:\reels-dev\mixkit\women\family\52141-720.mp4
Processing row 122/131: ID=122
  Removed existing file to regenerate
Using source video duration: 8.22s
Audio duration adjustment failed: 'AudioFileClip' object has no attribute 'subclip'
Final video duration set to: 8.22s (actual: 8.22s)
Created: D:\reels-dev\mixkit\output_reel_ADHD\122_planning_skills_ADHD_children.mp4
Updating CSV: row 122 FilePath = D:\reels-dev\mixkit\output_reel_ADHD\122_planning_skills_ADHD_children.mp4
Wrote 131 rows to temp CSV: C:\software\autoreels\AutoReels\family\Calm_ADHD_Blueprint_Hooks2.csv.tmp
CSV file updated successfully: C:\software\autoreels\AutoReels\family\Calm_ADHD_Blueprint_Hooks2.csv
Thumbnail created: D:\reels-dev\mixkit\output_reel_ADHD\thumbnails\122_planning_skills_ADHD_children.jpg
CSV updated with FilePath: D:\reels-dev\mixkit\output_reel_ADHD\122_planning_skills_ADHD_children.mp4
  Input video: D:\reels-dev\mixkit\women\family\52142-720.mp4
Processing row 123/131: ID=123
  Removed existing file to regenerate
Using source video duration: 10.18s
Audio duration adjustment failed: 'AudioFileClip' object has no attribute 'subclip'
Final video duration set to: 10.18s (actual: 10.18s)
Created: D:\reels-dev\mixkit\output_reel_ADHD\123_visual_schedules_ADHD_children.mp4
Updating CSV: row 123 FilePath = D:\reels-dev\mixkit\output_reel_ADHD\123_visual_schedules_ADHD_children.mp4
Wrote 131 rows to temp CSV: C:\software\autoreels\AutoReels\family\Calm_ADHD_Blueprint_Hooks2.csv.tmp
CSV file updated successfully: C:\software\autoreels\AutoReels\family\Calm_ADHD_Blueprint_Hooks2.csv
Thumbnail created: D:\reels-dev\mixkit\output_reel_ADHD\thumbnails\123_visual_schedules_ADHD_children.jpg
CSV updated with FilePath: D:\reels-dev\mixkit\output_reel_ADHD\123_visual_schedules_ADHD_children.mp4
  Input video: D:\reels-dev\mixkit\women\family\52151-720.mp4
Processing row 124/131: ID=124
  Removed existing file to regenerate
Using source video duration: 15.43s
Audio duration adjustment failed: 'AudioFileClip' object has no attribute 'subclip'
Final video duration set to: 15.43s (actual: 15.43s)
Created: D:\reels-dev\mixkit\output_reel_ADHD\124_calm_down_routines_ADHD.mp4
Updating CSV: row 124 FilePath = D:\reels-dev\mixkit\output_reel_ADHD\124_calm_down_routines_ADHD.mp4
Wrote 131 rows to temp CSV: C:\software\autoreels\AutoReels\family\Calm_ADHD_Blueprint_Hooks2.csv.tmp
CSV file updated successfully: C:\software\autoreels\AutoReels\family\Calm_ADHD_Blueprint_Hooks2.csv
Thumbnail created: D:\reels-dev\mixkit\output_reel_ADHD\thumbnails\124_calm_down_routines_ADHD.jpg
CSV updated with FilePath: D:\reels-dev\mixkit\output_reel_ADHD\124_calm_down_routines_ADHD.mp4
  Input video: D:\reels-dev\mixkit\women\family\52154-720.mp4
Processing row 125/131: ID=125
  Removed existing file to regenerate
Using source video duration: 17.27s
Audio duration adjustment failed: 'AudioFileClip' object has no attribute 'subclip'
Final video duration set to: 17.27s (actual: 17.27s)
Created: D:\reels-dev\mixkit\output_reel_ADHD\125_managing_peer_conflict_ADHD_children.mp4
Updating CSV: row 125 FilePath = D:\reels-dev\mixkit\output_reel_ADHD\125_managing_peer_conflict_ADHD_children.mp4
Wrote 131 rows to temp CSV: C:\software\autoreels\AutoReels\family\Calm_ADHD_Blueprint_Hooks2.csv.tmp
CSV file updated successfully: C:\software\autoreels\AutoReels\family\Calm_ADHD_Blueprint_Hooks2.csv
Thumbnail created: D:\reels-dev\mixkit\output_reel_ADHD\thumbnails\125_managing_peer_conflict_ADHD_children.jpg
CSV updated with FilePath: D:\reels-dev\mixkit\output_reel_ADHD\125_managing_peer_conflict_ADHD_children.mp4
  Input video: D:\reels-dev\mixkit\women\family\52156-720.mp4
Processing row 126/131: ID=126
  Removed existing file to regenerate
Using source video duration: 15.06s
Audio duration adjustment failed: 'AudioFileClip' object has no attribute 'subclip'
Final video duration set to: 15.06s (actual: 15.06s)
Created: D:\reels-dev\mixkit\output_reel_ADHD\126_classroom_routines_ADHD_children.mp4
Updating CSV: row 126 FilePath = D:\reels-dev\mixkit\output_reel_ADHD\126_classroom_routines_ADHD_children.mp4
Wrote 131 rows to temp CSV: C:\software\autoreels\AutoReels\family\Calm_ADHD_Blueprint_Hooks2.csv.tmp
CSV file updated successfully: C:\software\autoreels\AutoReels\family\Calm_ADHD_Blueprint_Hooks2.csv
Thumbnail created: D:\reels-dev\mixkit\output_reel_ADHD\thumbnails\126_classroom_routines_ADHD_children.jpg
CSV updated with FilePath: D:\reels-dev\mixkit\output_reel_ADHD\126_classroom_routines_ADHD_children.mp4
  Input video: D:\reels-dev\mixkit\women\family\52164-720.mp4
Processing row 127/131: ID=127
  Removed existing file to regenerate
Using source video duration: 7.13s
Audio duration adjustment failed: 'AudioFileClip' object has no attribute 'subclip'
Final video duration set to: 7.13s (actual: 7.13s)
Created: D:\reels-dev\mixkit\output_reel_ADHD\127_building_independence_ADHD_children.mp4
Updating CSV: row 127 FilePath = D:\reels-dev\mixkit\output_reel_ADHD\127_building_independence_ADHD_children.mp4
Wrote 131 rows to temp CSV: C:\software\autoreels\AutoReels\family\Calm_ADHD_Blueprint_Hooks2.csv.tmp
CSV file updated successfully: C:\software\autoreels\AutoReels\family\Calm_ADHD_Blueprint_Hooks2.csv
Thumbnail created: D:\reels-dev\mixkit\output_reel_ADHD\thumbnails\127_building_independence_ADHD_children.jpg
CSV updated with FilePath: D:\reels-dev\mixkit\output_reel_ADHD\127_building_independence_ADHD_children.mp4
  Input video: D:\reels-dev\mixkit\women\family\52166-720.mp4
Processing row 128/131: ID=128
  Removed existing file to regenerate
Using source video duration: 12.35s
Audio duration adjustment failed: 'AudioFileClip' object has no attribute 'subclip'
Final video duration set to: 12.35s (actual: 12.35s)
Created: D:\reels-dev\mixkit\output_reel_ADHD\128_task_reminders_ADHD_children.mp4
Updating CSV: row 128 FilePath = D:\reels-dev\mixkit\output_reel_ADHD\128_task_reminders_ADHD_children.mp4
Wrote 131 rows to temp CSV: C:\software\autoreels\AutoReels\family\Calm_ADHD_Blueprint_Hooks2.csv.tmp
CSV file updated successfully: C:\software\autoreels\AutoReels\family\Calm_ADHD_Blueprint_Hooks2.csv
Thumbnail created: D:\reels-dev\mixkit\output_reel_ADHD\thumbnails\128_task_reminders_ADHD_children.jpg
CSV updated with FilePath: D:\reels-dev\mixkit\output_reel_ADHD\128_task_reminders_ADHD_children.mp4
  Input video: D:\reels-dev\mixkit\women\family\52168-720.mp4
Processing row 129/131: ID=129
  Removed existing file to regenerate
Using source video duration: 16.27s
Audio duration adjustment failed: 'AudioFileClip' object has no attribute 'subclip'
Final video duration set to: 16.27s (actual: 16.27s)
Created: D:\reels-dev\mixkit\output_reel_ADHD\129_managing_overstimulation_ADHD_children.mp4
Updating CSV: row 129 FilePath = D:\reels-dev\mixkit\output_reel_ADHD\129_managing_overstimulation_ADHD_children.mp4
Wrote 131 rows to temp CSV: C:\software\autoreels\AutoReels\family\Calm_ADHD_Blueprint_Hooks2.csv.tmp
CSV file updated successfully: C:\software\autoreels\AutoReels\family\Calm_ADHD_Blueprint_Hooks2.csv
Thumbnail created: D:\reels-dev\mixkit\output_reel_ADHD\thumbnails\129_managing_overstimulation_ADHD_children.jpg
CSV updated with FilePath: D:\reels-dev\mixkit\output_reel_ADHD\129_managing_overstimulation_ADHD_children.mp4
  Input video: D:\reels-dev\mixkit\women\family\52171-720.mp4
Processing row 130/131: ID=130
  Removed existing file to regenerate
Using source video duration: 25.23s
Audio duration adjustment failed: 'AudioFileClip' object has no attribute 'subclip'
Final video duration set to: 25.23s (actual: 25.23s)
Created: D:\reels-dev\mixkit\output_reel_ADHD\130_coping_skills_ADHD_children.mp4
Updating CSV: row 130 FilePath = D:\reels-dev\mixkit\output_reel_ADHD\130_coping_skills_ADHD_children.mp4
Wrote 131 rows to temp CSV: C:\software\autoreels\AutoReels\family\Calm_ADHD_Blueprint_Hooks2.csv.tmp
CSV file updated successfully: C:\software\autoreels\AutoReels\family\Calm_ADHD_Blueprint_Hooks2.csv
Thumbnail created: D:\reels-dev\mixkit\output_reel_ADHD\thumbnails\130_coping_skills_ADHD_children.jpg
CSV updated with FilePath: D:\reels-dev\mixkit\output_reel_ADHD\130_coping_skills_ADHD_children.mp4
  Input video: D:\reels-dev\mixkit\women\family\52373-720.mp4
Processing row 131/131: ID=131
  Removed existing file to regenerate
Using source video duration: 11.26s
Audio duration adjustment failed: 'AudioFileClip' object has no attribute 'subclip'
Final video duration set to: 11.26s (actual: 11.26s)
Created: D:\reels-dev\mixkit\output_reel_ADHD\131_structured_routines_ADHD_children.mp4
Updating CSV: row 131 FilePath = D:\reels-dev\mixkit\output_reel_ADHD\131_structured_routines_ADHD_children.mp4
Wrote 131 rows to temp CSV: C:\software\autoreels\AutoReels\family\Calm_ADHD_Blueprint_Hooks2.csv.tmp
CSV file updated successfully: C:\software\autoreels\AutoReels\family\Calm_ADHD_Blueprint_Hooks2.csv
Thumbnail created: D:\reels-dev\mixkit\output_reel_ADHD\thumbnails\131_structured_routines_ADHD_children.jpg
CSV updated with FilePath: D:\reels-dev\mixkit\output_reel_ADHD\131_structured_routines_ADHD_children.mp4

============================================================
Processing complete!
Total rows in CSV: 131
Total video files available: 150
Check D:\reels-dev\mixkit\output_reel_ADHD for output videos
Check D:\reels-dev\mixkit\output_reel_ADHD\thumbnails for thumbnails
Check C:\software\autoreels\AutoReels\family\Calm_ADHD_Blueprint_Hooks2.csv for updated FilePath column
============================================================
